[aiter] WARNING: NUMA balancing is enabled, which may cause errors. It is recommended to disable NUMA balancing by running "sudo sh -c 'echo 0 > /proc/sys/kernel/numa_balancing'" for more details: https://rocm.docs.amd.com/en/latest/how-to/system-optimization/mi300x.html#disable-numa-auto-balancing
[aiter] import [module_aiter_core] under /aiter/aiter/jit/module_aiter_core.so
[aiter] import [module_top_k_per_row] under /aiter/aiter/jit/module_top_k_per_row.so
/usr/local/lib/python3.13/dist-packages/torch/profiler/profiler.py:272: UserWarning: Warning: Profiler clears events at the end of each cycle.Only events from the current cycle will be reported.To keep events across cycles, set acc_events=True.
  _warn_once(
USDT:2026-09-18 09:52:47 1:1 ActivityProfilerController.cpp:415] profiler_start
USDT:2026-09-18 09:52:47 1:1 ActivityProfilerController.cpp:455] profiler_stop
[W918 09:52:47.080645321 collection.cpp:1182] Warning: ROCTracer produced duplicate flow start: 1 (function operator())
USDT:2026-09-18 09:52:47 1:1 ActivityProfilerController.cpp:415] profiler_start
USDT:2026-09-18 09:52:47 1:1 ActivityProfilerController.cpp:455] profiler_stop
USDT:2026-09-18 09:52:47 1:1 ActivityProfilerController.cpp:415] profiler_start
USDT:2026-09-18 09:52:47 1:1 ActivityProfilerController.cpp:455] profiler_stop
USDT:2026-09-18 09:52:47 1:1 ActivityProfilerController.cpp:415] profiler_start
USDT:2026-09-18 09:52:47 1:1 ActivityProfilerController.cpp:455] profiler_stop
USDT:2026-09-18 09:52:47 1:1 ActivityProfilerController.cpp:415] profiler_start
USDT:2026-09-18 09:52:47 1:1 ActivityProfilerController.cpp:455] profiler_stop
USDT:2026-09-18 09:52:47 1:1 ActivityProfilerController.cpp:415] profiler_start
USDT:2026-09-18 09:52:47 1:1 ActivityProfilerController.cpp:455] profiler_stop
USDT:2026-09-18 09:52:47 1:1 ActivityProfilerController.cpp:415] profiler_start
USDT:2026-09-18 09:52:47 1:1 ActivityProfilerController.cpp:455] profiler_stop
USDT:2026-09-18 09:52:47 1:1 ActivityProfilerController.cpp:415] profiler_start
USDT:2026-09-18 09:52:47 1:1 ActivityProfilerController.cpp:455] profiler_stop
USDT:2026-09-18 09:52:47 1:1 ActivityProfilerController.cpp:415] profiler_start
USDT:2026-09-18 09:52:47 1:1 ActivityProfilerController.cpp:455] profiler_stop
USDT:2026-09-18 09:52:47 1:1 ActivityProfilerController.cpp:415] profiler_start
USDT:2026-09-18 09:52:47 1:1 ActivityProfilerController.cpp:455] profiler_stop
USDT:2026-09-18 09:52:47 1:1 ActivityProfilerController.cpp:415] profiler_start
USDT:2026-09-18 09:52:47 1:1 ActivityProfilerController.cpp:455] profiler_stop
USDT:2026-09-18 09:52:47 1:1 ActivityProfilerController.cpp:415] profiler_start
USDT:2026-09-18 09:52:47 1:1 ActivityProfilerController.cpp:455] profiler_stop
     M   stride0 |         us     sd%      TB/s
     1      2048 |       1.48    0.19      0.01
     1      2049 |       7.52    0.18      0.00
     1      2050 |       7.53    0.14      0.00
USDT:2026-09-18 09:52:47 1:1 ActivityProfilerController.cpp:415] profiler_start
USDT:2026-09-18 09:52:47 1:1 ActivityProfilerController.cpp:455] profiler_stop
USDT:2026-09-18 09:52:47 1:1 ActivityProfilerController.cpp:415] profiler_start
USDT:2026-09-18 09:52:47 1:1 ActivityProfilerController.cpp:455] profiler_stop
USDT:2026-09-18 09:52:47 1:1 ActivityProfilerController.cpp:415] profiler_start
USDT:2026-09-18 09:52:47 1:1 ActivityProfilerController.cpp:455] profiler_stop
USDT:2026-09-18 09:52:47 1:1 ActivityProfilerController.cpp:415] profiler_start
USDT:2026-09-18 09:52:47 1:1 ActivityProfilerController.cpp:455] profiler_stop
USDT:2026-09-18 09:52:47 1:1 ActivityProfilerController.cpp:415] profiler_start
USDT:2026-09-18 09:52:47 1:1 ActivityProfilerController.cpp:455] profiler_stop
USDT:2026-09-18 09:52:47 1:1 ActivityProfilerController.cpp:415] profiler_start
USDT:2026-09-18 09:52:47 1:1 ActivityProfilerController.cpp:455] profiler_stop
USDT:2026-09-18 09:52:47 1:1 ActivityProfilerController.cpp:415] profiler_start
USDT:2026-09-18 09:52:47 1:1 ActivityProfilerController.cpp:455] profiler_stop
USDT:2026-09-18 09:52:47 1:1 ActivityProfilerController.cpp:415] profiler_start
USDT:2026-09-18 09:52:47 1:1 ActivityProfilerController.cpp:455] profiler_stop
USDT:2026-09-18 09:52:47 1:1 ActivityProfilerController.cpp:415] profiler_start
USDT:2026-09-18 09:52:47 1:1 ActivityProfilerController.cpp:455] profiler_stop
USDT:2026-09-18 09:52:47 1:1 ActivityProfilerController.cpp:415] profiler_start
USDT:2026-09-18 09:52:47 1:1 ActivityProfilerController.cpp:455] profiler_stop
USDT:2026-09-18 09:52:48 1:1 ActivityProfilerController.cpp:415] profiler_start
USDT:2026-09-18 09:52:48 1:1 ActivityProfilerController.cpp:455] profiler_stop
USDT:2026-09-18 09:52:48 1:1 ActivityProfilerController.cpp:415] profiler_start
USDT:2026-09-18 09:52:48 1:1 ActivityProfilerController.cpp:455] profiler_stop
     1      4096 |       8.81    0.06      0.00
     1      4097 |       9.01    0.11      0.00
     1      4098 |       9.00    0.20      0.00
USDT:2026-09-18 09:52:48 1:1 ActivityProfilerController.cpp:415] profiler_start
USDT:2026-09-18 09:52:48 1:1 ActivityProfilerController.cpp:455] profiler_stop
USDT:2026-09-18 09:52:48 1:1 ActivityProfilerController.cpp:415] profiler_start
USDT:2026-09-18 09:52:48 1:1 ActivityProfilerController.cpp:455] profiler_stop
USDT:2026-09-18 09:52:48 1:1 ActivityProfilerController.cpp:415] profiler_start
USDT:2026-09-18 09:52:48 1:1 ActivityProfilerController.cpp:455] profiler_stop
USDT:2026-09-18 09:52:48 1:1 ActivityProfilerController.cpp:415] profiler_start
USDT:2026-09-18 09:52:48 1:1 ActivityProfilerController.cpp:455] profiler_stop
USDT:2026-09-18 09:52:48 1:1 ActivityProfilerController.cpp:415] profiler_start
USDT:2026-09-18 09:52:48 1:1 ActivityProfilerController.cpp:455] profiler_stop
USDT:2026-09-18 09:52:48 1:1 ActivityProfilerController.cpp:415] profiler_start
USDT:2026-09-18 09:52:48 1:1 ActivityProfilerController.cpp:455] profiler_stop
USDT:2026-09-18 09:52:48 1:1 ActivityProfilerController.cpp:415] profiler_start
USDT:2026-09-18 09:52:48 1:1 ActivityProfilerController.cpp:455] profiler_stop
USDT:2026-09-18 09:52:48 1:1 ActivityProfilerController.cpp:415] profiler_start
USDT:2026-09-18 09:52:48 1:1 ActivityProfilerController.cpp:455] profiler_stop
USDT:2026-09-18 09:52:48 1:1 ActivityProfilerController.cpp:415] profiler_start
USDT:2026-09-18 09:52:48 1:1 ActivityProfilerController.cpp:455] profiler_stop
USDT:2026-09-18 09:52:48 1:1 ActivityProfilerController.cpp:415] profiler_start
USDT:2026-09-18 09:52:48 1:1 ActivityProfilerController.cpp:455] profiler_stop
USDT:2026-09-18 09:52:48 1:1 ActivityProfilerController.cpp:415] profiler_start
USDT:2026-09-18 09:52:48 1:1 ActivityProfilerController.cpp:455] profiler_stop
USDT:2026-09-18 09:52:48 1:1 ActivityProfilerController.cpp:415] profiler_start
USDT:2026-09-18 09:52:48 1:1 ActivityProfilerController.cpp:455] profiler_stop
     1      8192 |      12.37    0.08      0.00
     1      8193 |      12.55    0.03      0.00
     1      8194 |      12.53    0.07      0.00
USDT:2026-09-18 09:52:48 1:1 ActivityProfilerController.cpp:415] profiler_start
USDT:2026-09-18 09:52:48 1:1 ActivityProfilerController.cpp:455] profiler_stop
USDT:2026-09-18 09:52:48 1:1 ActivityProfilerController.cpp:415] profiler_start
USDT:2026-09-18 09:52:48 1:1 ActivityProfilerController.cpp:455] profiler_stop
USDT:2026-09-18 09:52:48 1:1 ActivityProfilerController.cpp:415] profiler_start
USDT:2026-09-18 09:52:48 1:1 ActivityProfilerController.cpp:455] profiler_stop
USDT:2026-09-18 09:52:48 1:1 ActivityProfilerController.cpp:415] profiler_start
USDT:2026-09-18 09:52:48 1:1 ActivityProfilerController.cpp:455] profiler_stop
USDT:2026-09-18 09:52:48 1:1 ActivityProfilerController.cpp:415] profiler_start
USDT:2026-09-18 09:52:49 1:1 ActivityProfilerController.cpp:455] profiler_stop
USDT:2026-09-18 09:52:49 1:1 ActivityProfilerController.cpp:415] profiler_start
USDT:2026-09-18 09:52:49 1:1 ActivityProfilerController.cpp:455] profiler_stop
USDT:2026-09-18 09:52:49 1:1 ActivityProfilerController.cpp:415] profiler_start
USDT:2026-09-18 09:52:49 1:1 ActivityProfilerController.cpp:455] profiler_stop
USDT:2026-09-18 09:52:49 1:1 ActivityProfilerController.cpp:415] profiler_start
USDT:2026-09-18 09:52:49 1:1 ActivityProfilerController.cpp:455] profiler_stop
USDT:2026-09-18 09:52:49 1:1 ActivityProfilerController.cpp:415] profiler_start
USDT:2026-09-18 09:52:49 1:1 ActivityProfilerController.cpp:455] profiler_stop
USDT:2026-09-18 09:52:49 1:1 ActivityProfilerController.cpp:415] profiler_start
USDT:2026-09-18 09:52:49 1:1 ActivityProfilerController.cpp:455] profiler_stop
USDT:2026-09-18 09:52:49 1:1 ActivityProfilerController.cpp:415] profiler_start
USDT:2026-09-18 09:52:49 1:1 ActivityProfilerController.cpp:455] profiler_stop
USDT:2026-09-18 09:52:49 1:1 ActivityProfilerController.cpp:415] profiler_start
USDT:2026-09-18 09:52:49 1:1 ActivityProfilerController.cpp:455] profiler_stop
     1     16384 |      19.21    0.13      0.00
     1     16385 |      20.46    1.26      0.00
     1     16386 |      20.51    0.85      0.00
USDT:2026-09-18 09:52:49 1:1 ActivityProfilerController.cpp:415] profiler_start
USDT:2026-09-18 09:52:49 1:1 ActivityProfilerController.cpp:455] profiler_stop
USDT:2026-09-18 09:52:49 1:1 ActivityProfilerController.cpp:415] profiler_start
USDT:2026-09-18 09:52:49 1:1 ActivityProfilerController.cpp:455] profiler_stop
USDT:2026-09-18 09:52:49 1:1 ActivityProfilerController.cpp:415] profiler_start
USDT:2026-09-18 09:52:49 1:1 ActivityProfilerController.cpp:455] profiler_stop
USDT:2026-09-18 09:52:49 1:1 ActivityProfilerController.cpp:415] profiler_start
USDT:2026-09-18 09:52:49 1:1 ActivityProfilerController.cpp:455] profiler_stop
USDT:2026-09-18 09:52:49 1:1 ActivityProfilerController.cpp:415] profiler_start
USDT:2026-09-18 09:52:49 1:1 ActivityProfilerController.cpp:455] profiler_stop
USDT:2026-09-18 09:52:49 1:1 ActivityProfilerController.cpp:415] profiler_start
USDT:2026-09-18 09:52:49 1:1 ActivityProfilerController.cpp:455] profiler_stop
USDT:2026-09-18 09:52:50 1:1 ActivityProfilerController.cpp:415] profiler_start
USDT:2026-09-18 09:52:50 1:1 ActivityProfilerController.cpp:455] profiler_stop
USDT:2026-09-18 09:52:50 1:1 ActivityProfilerController.cpp:415] profiler_start
USDT:2026-09-18 09:52:50 1:1 ActivityProfilerController.cpp:455] profiler_stop
USDT:2026-09-18 09:52:50 1:1 ActivityProfilerController.cpp:415] profiler_start
USDT:2026-09-18 09:52:50 1:1 ActivityProfilerController.cpp:455] profiler_stop
USDT:2026-09-18 09:52:50 1:1 ActivityProfilerController.cpp:415] profiler_start
USDT:2026-09-18 09:52:50 1:1 ActivityProfilerController.cpp:455] profiler_stop
USDT:2026-09-18 09:52:50 1:1 ActivityProfilerController.cpp:415] profiler_start
USDT:2026-09-18 09:52:50 1:1 ActivityProfilerController.cpp:455] profiler_stop
USDT:2026-09-18 09:52:50 1:1 ActivityProfilerController.cpp:415] profiler_start
USDT:2026-09-18 09:52:50 1:1 ActivityProfilerController.cpp:455] profiler_stop
     1     32768 |      20.33    0.88      0.01
     1     32769 |      20.63    0.49      0.01
     1     32770 |      20.58    0.42      0.01
USDT:2026-09-18 09:52:50 1:1 ActivityProfilerController.cpp:415] profiler_start
USDT:2026-09-18 09:52:50 1:1 ActivityProfilerController.cpp:455] profiler_stop
USDT:2026-09-18 09:52:50 1:1 ActivityProfilerController.cpp:415] profiler_start
USDT:2026-09-18 09:52:50 1:1 ActivityProfilerController.cpp:455] profiler_stop
USDT:2026-09-18 09:52:50 1:1 ActivityProfilerController.cpp:415] profiler_start
USDT:2026-09-18 09:52:50 1:1 ActivityProfilerController.cpp:455] profiler_stop
USDT:2026-09-18 09:52:50 1:1 ActivityProfilerController.cpp:415] profiler_start
USDT:2026-09-18 09:52:50 1:1 ActivityProfilerController.cpp:455] profiler_stop
USDT:2026-09-18 09:52:50 1:1 ActivityProfilerController.cpp:415] profiler_start
USDT:2026-09-18 09:52:50 1:1 ActivityProfilerController.cpp:455] profiler_stop
USDT:2026-09-18 09:52:50 1:1 ActivityProfilerController.cpp:415] profiler_start
USDT:2026-09-18 09:52:50 1:1 ActivityProfilerController.cpp:455] profiler_stop
USDT:2026-09-18 09:52:50 1:1 ActivityProfilerController.cpp:415] profiler_start
USDT:2026-09-18 09:52:50 1:1 ActivityProfilerController.cpp:455] profiler_stop
USDT:2026-09-18 09:52:50 1:1 ActivityProfilerController.cpp:415] profiler_start
USDT:2026-09-18 09:52:51 1:1 ActivityProfilerController.cpp:455] profiler_stop
USDT:2026-09-18 09:52:51 1:1 ActivityProfilerController.cpp:415] profiler_start
USDT:2026-09-18 09:52:51 1:1 ActivityProfilerController.cpp:455] profiler_stop
USDT:2026-09-18 09:52:51 1:1 ActivityProfilerController.cpp:415] profiler_start
USDT:2026-09-18 09:52:51 1:1 ActivityProfilerController.cpp:455] profiler_stop
USDT:2026-09-18 09:52:51 1:1 ActivityProfilerController.cpp:415] profiler_start
USDT:2026-09-18 09:52:51 1:1 ActivityProfilerController.cpp:455] profiler_stop
USDT:2026-09-18 09:52:51 1:1 ActivityProfilerController.cpp:415] profiler_start
USDT:2026-09-18 09:52:51 1:1 ActivityProfilerController.cpp:455] profiler_stop
     1     65536 |      20.51    0.76      0.01
     1     65537 |      20.72    0.62      0.01
     1     65538 |      20.84    1.45      0.01
USDT:2026-09-18 09:52:51 1:1 ActivityProfilerController.cpp:415] profiler_start
USDT:2026-09-18 09:52:51 1:1 ActivityProfilerController.cpp:455] profiler_stop
USDT:2026-09-18 09:52:51 1:1 ActivityProfilerController.cpp:415] profiler_start
USDT:2026-09-18 09:52:51 1:1 ActivityProfilerController.cpp:455] profiler_stop
USDT:2026-09-18 09:52:51 1:1 ActivityProfilerController.cpp:415] profiler_start
USDT:2026-09-18 09:52:51 1:1 ActivityProfilerController.cpp:455] profiler_stop
USDT:2026-09-18 09:52:51 1:1 ActivityProfilerController.cpp:415] profiler_start
USDT:2026-09-18 09:52:51 1:1 ActivityProfilerController.cpp:455] profiler_stop
USDT:2026-09-18 09:52:51 1:1 ActivityProfilerController.cpp:415] profiler_start
USDT:2026-09-18 09:52:51 1:1 ActivityProfilerController.cpp:455] profiler_stop
USDT:2026-09-18 09:52:51 1:1 ActivityProfilerController.cpp:415] profiler_start
USDT:2026-09-18 09:52:51 1:1 ActivityProfilerController.cpp:455] profiler_stop
USDT:2026-09-18 09:52:51 1:1 ActivityProfilerController.cpp:415] profiler_start
USDT:2026-09-18 09:52:51 1:1 ActivityProfilerController.cpp:455] profiler_stop
USDT:2026-09-18 09:52:51 1:1 ActivityProfilerController.cpp:415] profiler_start
USDT:2026-09-18 09:52:51 1:1 ActivityProfilerController.cpp:455] profiler_stop
USDT:2026-09-18 09:52:51 1:1 ActivityProfilerController.cpp:415] profiler_start
USDT:2026-09-18 09:52:51 1:1 ActivityProfilerController.cpp:455] profiler_stop
USDT:2026-09-18 09:52:51 1:1 ActivityProfilerController.cpp:415] profiler_start
USDT:2026-09-18 09:52:51 1:1 ActivityProfilerController.cpp:455] profiler_stop
USDT:2026-09-18 09:52:51 1:1 ActivityProfilerController.cpp:415] profiler_start
USDT:2026-09-18 09:52:51 1:1 ActivityProfilerController.cpp:455] profiler_stop
USDT:2026-09-18 09:52:52 1:1 ActivityProfilerController.cpp:415] profiler_start
USDT:2026-09-18 09:52:52 1:1 ActivityProfilerController.cpp:455] profiler_stop
     1    131072 |      21.15    0.52      0.02
     1    131073 |      21.28    0.41      0.02
     1    131074 |      21.28    1.12      0.02
USDT:2026-09-18 09:52:52 1:1 ActivityProfilerController.cpp:415] profiler_start
USDT:2026-09-18 09:52:52 1:1 ActivityProfilerController.cpp:455] profiler_stop
USDT:2026-09-18 09:52:52 1:1 ActivityProfilerController.cpp:415] profiler_start
USDT:2026-09-18 09:52:52 1:1 ActivityProfilerController.cpp:455] profiler_stop
USDT:2026-09-18 09:52:52 1:1 ActivityProfilerController.cpp:415] profiler_start
USDT:2026-09-18 09:52:52 1:1 ActivityProfilerController.cpp:455] profiler_stop
USDT:2026-09-18 09:52:52 1:1 ActivityProfilerController.cpp:415] profiler_start
USDT:2026-09-18 09:52:52 1:1 ActivityProfilerController.cpp:455] profiler_stop
USDT:2026-09-18 09:52:52 1:1 ActivityProfilerController.cpp:415] profiler_start
USDT:2026-09-18 09:52:52 1:1 ActivityProfilerController.cpp:455] profiler_stop
USDT:2026-09-18 09:52:52 1:1 ActivityProfilerController.cpp:415] profiler_start
USDT:2026-09-18 09:52:52 1:1 ActivityProfilerController.cpp:455] profiler_stop
USDT:2026-09-18 09:52:52 1:1 ActivityProfilerController.cpp:415] profiler_start
USDT:2026-09-18 09:52:52 1:1 ActivityProfilerController.cpp:455] profiler_stop
USDT:2026-09-18 09:52:52 1:1 ActivityProfilerController.cpp:415] profiler_start
USDT:2026-09-18 09:52:52 1:1 ActivityProfilerController.cpp:455] profiler_stop
USDT:2026-09-18 09:52:52 1:1 ActivityProfilerController.cpp:415] profiler_start
USDT:2026-09-18 09:52:52 1:1 ActivityProfilerController.cpp:455] profiler_stop
USDT:2026-09-18 09:52:52 1:1 ActivityProfilerController.cpp:415] profiler_start
USDT:2026-09-18 09:52:52 1:1 ActivityProfilerController.cpp:455] profiler_stop
USDT:2026-09-18 09:52:52 1:1 ActivityProfilerController.cpp:415] profiler_start
USDT:2026-09-18 09:52:52 1:1 ActivityProfilerController.cpp:455] profiler_stop
USDT:2026-09-18 09:52:52 1:1 ActivityProfilerController.cpp:415] profiler_start
USDT:2026-09-18 09:52:52 1:1 ActivityProfilerController.cpp:455] profiler_stop
     1    262144 |      21.33    0.55      0.05
     1    262145 |      21.63    0.15      0.05
     1    262146 |      21.72    0.58      0.05
USDT:2026-09-18 09:52:52 1:1 ActivityProfilerController.cpp:415] profiler_start
USDT:2026-09-18 09:52:52 1:1 ActivityProfilerController.cpp:455] profiler_stop
USDT:2026-09-18 09:52:53 1:1 ActivityProfilerController.cpp:415] profiler_start
USDT:2026-09-18 09:52:53 1:1 ActivityProfilerController.cpp:455] profiler_stop
USDT:2026-09-18 09:52:53 1:1 ActivityProfilerController.cpp:415] profiler_start
USDT:2026-09-18 09:52:53 1:1 ActivityProfilerController.cpp:455] profiler_stop
USDT:2026-09-18 09:52:53 1:1 ActivityProfilerController.cpp:415] profiler_start
USDT:2026-09-18 09:52:53 1:1 ActivityProfilerController.cpp:455] profiler_stop
USDT:2026-09-18 09:52:53 1:1 ActivityProfilerController.cpp:415] profiler_start
USDT:2026-09-18 09:52:53 1:1 ActivityProfilerController.cpp:455] profiler_stop
USDT:2026-09-18 09:52:53 1:1 ActivityProfilerController.cpp:415] profiler_start
USDT:2026-09-18 09:52:53 1:1 ActivityProfilerController.cpp:455] profiler_stop
USDT:2026-09-18 09:52:53 1:1 ActivityProfilerController.cpp:415] profiler_start
USDT:2026-09-18 09:52:53 1:1 ActivityProfilerController.cpp:455] profiler_stop
USDT:2026-09-18 09:52:53 1:1 ActivityProfilerController.cpp:415] profiler_start
USDT:2026-09-18 09:52:53 1:1 ActivityProfilerController.cpp:455] profiler_stop
USDT:2026-09-18 09:52:53 1:1 ActivityProfilerController.cpp:415] profiler_start
USDT:2026-09-18 09:52:53 1:1 ActivityProfilerController.cpp:455] profiler_stop
USDT:2026-09-18 09:52:53 1:1 ActivityProfilerController.cpp:415] profiler_start
USDT:2026-09-18 09:52:53 1:1 ActivityProfilerController.cpp:455] profiler_stop
USDT:2026-09-18 09:52:53 1:1 ActivityProfilerController.cpp:415] profiler_start
USDT:2026-09-18 09:52:53 1:1 ActivityProfilerController.cpp:455] profiler_stop
USDT:2026-09-18 09:52:53 1:1 ActivityProfilerController.cpp:415] profiler_start
USDT:2026-09-18 09:52:53 1:1 ActivityProfilerController.cpp:455] profiler_stop
     1    524288 |      26.31    7.42      0.08
     1    524289 |      27.07    2.58      0.08
     1    524290 |      26.97    1.73      0.08
USDT:2026-09-18 09:52:53 1:1 ActivityProfilerController.cpp:415] profiler_start
USDT:2026-09-18 09:52:53 1:1 ActivityProfilerController.cpp:455] profiler_stop
USDT:2026-09-18 09:52:53 1:1 ActivityProfilerController.cpp:415] profiler_start
USDT:2026-09-18 09:52:53 1:1 ActivityProfilerController.cpp:455] profiler_stop
USDT:2026-09-18 09:52:54 1:1 ActivityProfilerController.cpp:415] profiler_start
USDT:2026-09-18 09:52:54 1:1 ActivityProfilerController.cpp:455] profiler_stop
USDT:2026-09-18 09:52:54 1:1 ActivityProfilerController.cpp:415] profiler_start
USDT:2026-09-18 09:52:54 1:1 ActivityProfilerController.cpp:455] profiler_stop
USDT:2026-09-18 09:52:54 1:1 ActivityProfilerController.cpp:415] profiler_start
USDT:2026-09-18 09:52:54 1:1 ActivityProfilerController.cpp:455] profiler_stop
USDT:2026-09-18 09:52:54 1:1 ActivityProfilerController.cpp:415] profiler_start
USDT:2026-09-18 09:52:54 1:1 ActivityProfilerController.cpp:455] profiler_stop
USDT:2026-09-18 09:52:54 1:1 ActivityProfilerController.cpp:415] profiler_start
USDT:2026-09-18 09:52:54 1:1 ActivityProfilerController.cpp:455] profiler_stop
USDT:2026-09-18 09:52:54 1:1 ActivityProfilerController.cpp:415] profiler_start
USDT:2026-09-18 09:52:54 1:1 ActivityProfilerController.cpp:455] profiler_stop
USDT:2026-09-18 09:52:54 1:1 ActivityProfilerController.cpp:415] profiler_start
USDT:2026-09-18 09:52:54 1:1 ActivityProfilerController.cpp:455] profiler_stop
USDT:2026-09-18 09:52:54 1:1 ActivityProfilerController.cpp:415] profiler_start
USDT:2026-09-18 09:52:54 1:1 ActivityProfilerController.cpp:455] profiler_stop
USDT:2026-09-18 09:52:54 1:1 ActivityProfilerController.cpp:415] profiler_start
USDT:2026-09-18 09:52:54 1:1 ActivityProfilerController.cpp:455] profiler_stop
USDT:2026-09-18 09:52:54 1:1 ActivityProfilerController.cpp:415] profiler_start
USDT:2026-09-18 09:52:54 1:1 ActivityProfilerController.cpp:455] profiler_stop
     1   1048576 |      32.05    0.28      0.13
     1   1048577 |      32.44    0.24      0.13
     1   1048578 |      32.53    0.07      0.13
USDT:2026-09-18 09:52:54 1:1 ActivityProfilerController.cpp:415] profiler_start
USDT:2026-09-18 09:52:54 1:1 ActivityProfilerController.cpp:455] profiler_stop
USDT:2026-09-18 09:52:54 1:1 ActivityProfilerController.cpp:415] profiler_start
USDT:2026-09-18 09:52:54 1:1 ActivityProfilerController.cpp:455] profiler_stop
USDT:2026-09-18 09:52:54 1:1 ActivityProfilerController.cpp:415] profiler_start
USDT:2026-09-18 09:52:54 1:1 ActivityProfilerController.cpp:455] profiler_stop
USDT:2026-09-18 09:52:55 1:1 ActivityProfilerController.cpp:415] profiler_start
USDT:2026-09-18 09:52:55 1:1 ActivityProfilerController.cpp:455] profiler_stop
USDT:2026-09-18 09:52:55 1:1 ActivityProfilerController.cpp:415] profiler_start
USDT:2026-09-18 09:52:55 1:1 ActivityProfilerController.cpp:455] profiler_stop
USDT:2026-09-18 09:52:55 1:1 ActivityProfilerController.cpp:415] profiler_start
USDT:2026-09-18 09:52:55 1:1 ActivityProfilerController.cpp:455] profiler_stop
USDT:2026-09-18 09:52:55 1:1 ActivityProfilerController.cpp:415] profiler_start
USDT:2026-09-18 09:52:55 1:1 ActivityProfilerController.cpp:455] profiler_stop
USDT:2026-09-18 09:52:55 1:1 ActivityProfilerController.cpp:415] profiler_start
USDT:2026-09-18 09:52:55 1:1 ActivityProfilerController.cpp:455] profiler_stop
USDT:2026-09-18 09:52:55 1:1 ActivityProfilerController.cpp:415] profiler_start
USDT:2026-09-18 09:52:55 1:1 ActivityProfilerController.cpp:455] profiler_stop
USDT:2026-09-18 09:52:55 1:1 ActivityProfilerController.cpp:415] profiler_start
USDT:2026-09-18 09:52:55 1:1 ActivityProfilerController.cpp:455] profiler_stop
USDT:2026-09-18 09:52:55 1:1 ActivityProfilerController.cpp:415] profiler_start
USDT:2026-09-18 09:52:55 1:1 ActivityProfilerController.cpp:455] profiler_stop
USDT:2026-09-18 09:52:55 1:1 ActivityProfilerController.cpp:415] profiler_start
USDT:2026-09-18 09:52:55 1:1 ActivityProfilerController.cpp:455] profiler_stop
     2      2048 |       2.16    0.50      0.01
     2      2049 |       8.32    0.06      0.00
     2      2050 |       8.31    0.30      0.00
USDT:2026-09-18 09:52:55 1:1 ActivityProfilerController.cpp:415] profiler_start
USDT:2026-09-18 09:52:55 1:1 ActivityProfilerController.cpp:455] profiler_stop
USDT:2026-09-18 09:52:55 1:1 ActivityProfilerController.cpp:415] profiler_start
USDT:2026-09-18 09:52:55 1:1 ActivityProfilerController.cpp:455] profiler_stop
USDT:2026-09-18 09:52:55 1:1 ActivityProfilerController.cpp:415] profiler_start
USDT:2026-09-18 09:52:55 1:1 ActivityProfilerController.cpp:455] profiler_stop
USDT:2026-09-18 09:52:55 1:1 ActivityProfilerController.cpp:415] profiler_start
USDT:2026-09-18 09:52:55 1:1 ActivityProfilerController.cpp:455] profiler_stop
USDT:2026-09-18 09:52:55 1:1 ActivityProfilerController.cpp:415] profiler_start
USDT:2026-09-18 09:52:55 1:1 ActivityProfilerController.cpp:455] profiler_stop
USDT:2026-09-18 09:52:55 1:1 ActivityProfilerController.cpp:415] profiler_start
USDT:2026-09-18 09:52:55 1:1 ActivityProfilerController.cpp:455] profiler_stop
USDT:2026-09-18 09:52:55 1:1 ActivityProfilerController.cpp:415] profiler_start
USDT:2026-09-18 09:52:55 1:1 ActivityProfilerController.cpp:455] profiler_stop
USDT:2026-09-18 09:52:55 1:1 ActivityProfilerController.cpp:415] profiler_start
USDT:2026-09-18 09:52:55 1:1 ActivityProfilerController.cpp:455] profiler_stop
USDT:2026-09-18 09:52:55 1:1 ActivityProfilerController.cpp:415] profiler_start
USDT:2026-09-18 09:52:55 1:1 ActivityProfilerController.cpp:455] profiler_stop
USDT:2026-09-18 09:52:55 1:1 ActivityProfilerController.cpp:415] profiler_start
USDT:2026-09-18 09:52:55 1:1 ActivityProfilerController.cpp:455] profiler_stop
USDT:2026-09-18 09:52:55 1:1 ActivityProfilerController.cpp:415] profiler_start
USDT:2026-09-18 09:52:55 1:1 ActivityProfilerController.cpp:455] profiler_stop
USDT:2026-09-18 09:52:55 1:1 ActivityProfilerController.cpp:415] profiler_start
USDT:2026-09-18 09:52:55 1:1 ActivityProfilerController.cpp:455] profiler_stop
     2      4096 |       9.55    0.08      0.00
     2      4097 |       9.85    0.32      0.00
     2      4098 |       9.79    0.02      0.00
USDT:2026-09-18 09:52:55 1:1 ActivityProfilerController.cpp:415] profiler_start
USDT:2026-09-18 09:52:55 1:1 ActivityProfilerController.cpp:455] profiler_stop
USDT:2026-09-18 09:52:55 1:1 ActivityProfilerController.cpp:415] profiler_start
USDT:2026-09-18 09:52:55 1:1 ActivityProfilerController.cpp:455] profiler_stop
USDT:2026-09-18 09:52:55 1:1 ActivityProfilerController.cpp:415] profiler_start
USDT:2026-09-18 09:52:55 1:1 ActivityProfilerController.cpp:455] profiler_stop
USDT:2026-09-18 09:52:55 1:1 ActivityProfilerController.cpp:415] profiler_start
USDT:2026-09-18 09:52:55 1:1 ActivityProfilerController.cpp:455] profiler_stop
USDT:2026-09-18 09:52:56 1:1 ActivityProfilerController.cpp:415] profiler_start
USDT:2026-09-18 09:52:56 1:1 ActivityProfilerController.cpp:455] profiler_stop
USDT:2026-09-18 09:52:56 1:1 ActivityProfilerController.cpp:415] profiler_start
USDT:2026-09-18 09:52:56 1:1 ActivityProfilerController.cpp:455] profiler_stop
USDT:2026-09-18 09:52:56 1:1 ActivityProfilerController.cpp:415] profiler_start
USDT:2026-09-18 09:52:56 1:1 ActivityProfilerController.cpp:455] profiler_stop
USDT:2026-09-18 09:52:56 1:1 ActivityProfilerController.cpp:415] profiler_start
USDT:2026-09-18 09:52:56 1:1 ActivityProfilerController.cpp:455] profiler_stop
USDT:2026-09-18 09:52:56 1:1 ActivityProfilerController.cpp:415] profiler_start
USDT:2026-09-18 09:52:56 1:1 ActivityProfilerController.cpp:455] profiler_stop
USDT:2026-09-18 09:52:56 1:1 ActivityProfilerController.cpp:415] profiler_start
USDT:2026-09-18 09:52:56 1:1 ActivityProfilerController.cpp:455] profiler_stop
USDT:2026-09-18 09:52:56 1:1 ActivityProfilerController.cpp:415] profiler_start
USDT:2026-09-18 09:52:56 1:1 ActivityProfilerController.cpp:455] profiler_stop
USDT:2026-09-18 09:52:56 1:1 ActivityProfilerController.cpp:415] profiler_start
USDT:2026-09-18 09:52:56 1:1 ActivityProfilerController.cpp:455] profiler_stop
     2      8192 |      12.94    0.09      0.01
     2      8193 |      13.17    0.30      0.00
     2      8194 |      13.17    0.04      0.00
USDT:2026-09-18 09:52:56 1:1 ActivityProfilerController.cpp:415] profiler_start
USDT:2026-09-18 09:52:56 1:1 ActivityProfilerController.cpp:455] profiler_stop
USDT:2026-09-18 09:52:56 1:1 ActivityProfilerController.cpp:415] profiler_start
USDT:2026-09-18 09:52:56 1:1 ActivityProfilerController.cpp:455] profiler_stop
USDT:2026-09-18 09:52:56 1:1 ActivityProfilerController.cpp:415] profiler_start
USDT:2026-09-18 09:52:56 1:1 ActivityProfilerController.cpp:455] profiler_stop
USDT:2026-09-18 09:52:56 1:1 ActivityProfilerController.cpp:415] profiler_start
USDT:2026-09-18 09:52:56 1:1 ActivityProfilerController.cpp:455] profiler_stop
USDT:2026-09-18 09:52:56 1:1 ActivityProfilerController.cpp:415] profiler_start
USDT:2026-09-18 09:52:56 1:1 ActivityProfilerController.cpp:455] profiler_stop
USDT:2026-09-18 09:52:56 1:1 ActivityProfilerController.cpp:415] profiler_start
USDT:2026-09-18 09:52:56 1:1 ActivityProfilerController.cpp:455] profiler_stop
USDT:2026-09-18 09:52:56 1:1 ActivityProfilerController.cpp:415] profiler_start
USDT:2026-09-18 09:52:56 1:1 ActivityProfilerController.cpp:455] profiler_stop
USDT:2026-09-18 09:52:56 1:1 ActivityProfilerController.cpp:415] profiler_start
USDT:2026-09-18 09:52:56 1:1 ActivityProfilerController.cpp:455] profiler_stop
USDT:2026-09-18 09:52:57 1:1 ActivityProfilerController.cpp:415] profiler_start
USDT:2026-09-18 09:52:57 1:1 ActivityProfilerController.cpp:455] profiler_stop
USDT:2026-09-18 09:52:57 1:1 ActivityProfilerController.cpp:415] profiler_start
USDT:2026-09-18 09:52:57 1:1 ActivityProfilerController.cpp:455] profiler_stop
USDT:2026-09-18 09:52:57 1:1 ActivityProfilerController.cpp:415] profiler_start
USDT:2026-09-18 09:52:57 1:1 ActivityProfilerController.cpp:455] profiler_stop
USDT:2026-09-18 09:52:57 1:1 ActivityProfilerController.cpp:415] profiler_start
USDT:2026-09-18 09:52:57 1:1 ActivityProfilerController.cpp:455] profiler_stop
     2     16384 |      19.48    0.05      0.01
     2     16385 |      22.04    1.37      0.01
     2     16386 |      21.99    3.79      0.01
USDT:2026-09-18 09:52:57 1:1 ActivityProfilerController.cpp:415] profiler_start
USDT:2026-09-18 09:52:57 1:1 ActivityProfilerController.cpp:455] profiler_stop
USDT:2026-09-18 09:52:57 1:1 ActivityProfilerController.cpp:415] profiler_start
USDT:2026-09-18 09:52:57 1:1 ActivityProfilerController.cpp:455] profiler_stop
USDT:2026-09-18 09:52:57 1:1 ActivityProfilerController.cpp:415] profiler_start
USDT:2026-09-18 09:52:57 1:1 ActivityProfilerController.cpp:455] profiler_stop
USDT:2026-09-18 09:52:57 1:1 ActivityProfilerController.cpp:415] profiler_start
USDT:2026-09-18 09:52:57 1:1 ActivityProfilerController.cpp:455] profiler_stop
USDT:2026-09-18 09:52:57 1:1 ActivityProfilerController.cpp:415] profiler_start
USDT:2026-09-18 09:52:57 1:1 ActivityProfilerController.cpp:455] profiler_stop
USDT:2026-09-18 09:52:57 1:1 ActivityProfilerController.cpp:415] profiler_start
USDT:2026-09-18 09:52:57 1:1 ActivityProfilerController.cpp:455] profiler_stop
USDT:2026-09-18 09:52:57 1:1 ActivityProfilerController.cpp:415] profiler_start
USDT:2026-09-18 09:52:57 1:1 ActivityProfilerController.cpp:455] profiler_stop
USDT:2026-09-18 09:52:57 1:1 ActivityProfilerController.cpp:415] profiler_start
USDT:2026-09-18 09:52:57 1:1 ActivityProfilerController.cpp:455] profiler_stop
USDT:2026-09-18 09:52:57 1:1 ActivityProfilerController.cpp:415] profiler_start
USDT:2026-09-18 09:52:57 1:1 ActivityProfilerController.cpp:455] profiler_stop
USDT:2026-09-18 09:52:58 1:1 ActivityProfilerController.cpp:415] profiler_start
USDT:2026-09-18 09:52:58 1:1 ActivityProfilerController.cpp:455] profiler_stop
USDT:2026-09-18 09:52:58 1:1 ActivityProfilerController.cpp:415] profiler_start
USDT:2026-09-18 09:52:58 1:1 ActivityProfilerController.cpp:455] profiler_stop
USDT:2026-09-18 09:52:58 1:1 ActivityProfilerController.cpp:415] profiler_start
USDT:2026-09-18 09:52:58 1:1 ActivityProfilerController.cpp:455] profiler_stop
     2     32768 |      21.90    2.91      0.01
     2     32769 |      21.87    2.61      0.01
     2     32770 |      21.95    2.52      0.01
USDT:2026-09-18 09:52:58 1:1 ActivityProfilerController.cpp:415] profiler_start
USDT:2026-09-18 09:52:58 1:1 ActivityProfilerController.cpp:455] profiler_stop
USDT:2026-09-18 09:52:58 1:1 ActivityProfilerController.cpp:415] profiler_start
USDT:2026-09-18 09:52:58 1:1 ActivityProfilerController.cpp:455] profiler_stop
USDT:2026-09-18 09:52:58 1:1 ActivityProfilerController.cpp:415] profiler_start
USDT:2026-09-18 09:52:58 1:1 ActivityProfilerController.cpp:455] profiler_stop
USDT:2026-09-18 09:52:58 1:1 ActivityProfilerController.cpp:415] profiler_start
USDT:2026-09-18 09:52:58 1:1 ActivityProfilerController.cpp:455] profiler_stop
USDT:2026-09-18 09:52:58 1:1 ActivityProfilerController.cpp:415] profiler_start
USDT:2026-09-18 09:52:58 1:1 ActivityProfilerController.cpp:455] profiler_stop
USDT:2026-09-18 09:52:58 1:1 ActivityProfilerController.cpp:415] profiler_start
USDT:2026-09-18 09:52:58 1:1 ActivityProfilerController.cpp:455] profiler_stop
USDT:2026-09-18 09:52:58 1:1 ActivityProfilerController.cpp:415] profiler_start
USDT:2026-09-18 09:52:58 1:1 ActivityProfilerController.cpp:455] profiler_stop
USDT:2026-09-18 09:52:58 1:1 ActivityProfilerController.cpp:415] profiler_start
USDT:2026-09-18 09:52:58 1:1 ActivityProfilerController.cpp:455] profiler_stop
USDT:2026-09-18 09:52:58 1:1 ActivityProfilerController.cpp:415] profiler_start
USDT:2026-09-18 09:52:58 1:1 ActivityProfilerController.cpp:455] profiler_stop
USDT:2026-09-18 09:52:58 1:1 ActivityProfilerController.cpp:415] profiler_start
USDT:2026-09-18 09:52:58 1:1 ActivityProfilerController.cpp:455] profiler_stop
USDT:2026-09-18 09:52:59 1:1 ActivityProfilerController.cpp:415] profiler_start
USDT:2026-09-18 09:52:59 1:1 ActivityProfilerController.cpp:455] profiler_stop
USDT:2026-09-18 09:52:59 1:1 ActivityProfilerController.cpp:415] profiler_start
USDT:2026-09-18 09:52:59 1:1 ActivityProfilerController.cpp:455] profiler_stop
     2     65536 |      22.41    4.35      0.02
     2     65537 |      22.70    1.49      0.02
     2     65538 |      22.50    3.72      0.02
USDT:2026-09-18 09:52:59 1:1 ActivityProfilerController.cpp:415] profiler_start
USDT:2026-09-18 09:52:59 1:1 ActivityProfilerController.cpp:455] profiler_stop
USDT:2026-09-18 09:52:59 1:1 ActivityProfilerController.cpp:415] profiler_start
USDT:2026-09-18 09:52:59 1:1 ActivityProfilerController.cpp:455] profiler_stop
USDT:2026-09-18 09:52:59 1:1 ActivityProfilerController.cpp:415] profiler_start
USDT:2026-09-18 09:52:59 1:1 ActivityProfilerController.cpp:455] profiler_stop
USDT:2026-09-18 09:52:59 1:1 ActivityProfilerController.cpp:415] profiler_start
USDT:2026-09-18 09:52:59 1:1 ActivityProfilerController.cpp:455] profiler_stop
USDT:2026-09-18 09:52:59 1:1 ActivityProfilerController.cpp:415] profiler_start
USDT:2026-09-18 09:52:59 1:1 ActivityProfilerController.cpp:455] profiler_stop
USDT:2026-09-18 09:52:59 1:1 ActivityProfilerController.cpp:415] profiler_start
USDT:2026-09-18 09:52:59 1:1 ActivityProfilerController.cpp:455] profiler_stop
USDT:2026-09-18 09:52:59 1:1 ActivityProfilerController.cpp:415] profiler_start
USDT:2026-09-18 09:52:59 1:1 ActivityProfilerController.cpp:455] profiler_stop
USDT:2026-09-18 09:52:59 1:1 ActivityProfilerController.cpp:415] profiler_start
USDT:2026-09-18 09:52:59 1:1 ActivityProfilerController.cpp:455] profiler_stop
USDT:2026-09-18 09:52:59 1:1 ActivityProfilerController.cpp:415] profiler_start
USDT:2026-09-18 09:52:59 1:1 ActivityProfilerController.cpp:455] profiler_stop
USDT:2026-09-18 09:52:59 1:1 ActivityProfilerController.cpp:415] profiler_start
USDT:2026-09-18 09:52:59 1:1 ActivityProfilerController.cpp:455] profiler_stop
USDT:2026-09-18 09:52:59 1:1 ActivityProfilerController.cpp:415] profiler_start
USDT:2026-09-18 09:52:59 1:1 ActivityProfilerController.cpp:455] profiler_stop
USDT:2026-09-18 09:52:59 1:1 ActivityProfilerController.cpp:415] profiler_start
USDT:2026-09-18 09:52:59 1:1 ActivityProfilerController.cpp:455] profiler_stop
     2    131072 |      23.45    1.25      0.04
     2    131073 |      23.79    1.22      0.04
     2    131074 |      23.71    3.54      0.04
USDT:2026-09-18 09:52:59 1:1 ActivityProfilerController.cpp:415] profiler_start
USDT:2026-09-18 09:52:59 1:1 ActivityProfilerController.cpp:455] profiler_stop
USDT:2026-09-18 09:52:59 1:1 ActivityProfilerController.cpp:415] profiler_start
USDT:2026-09-18 09:52:59 1:1 ActivityProfilerController.cpp:455] profiler_stop
USDT:2026-09-18 09:53:00 1:1 ActivityProfilerController.cpp:415] profiler_start
USDT:2026-09-18 09:53:00 1:1 ActivityProfilerController.cpp:455] profiler_stop
USDT:2026-09-18 09:53:00 1:1 ActivityProfilerController.cpp:415] profiler_start
USDT:2026-09-18 09:53:00 1:1 ActivityProfilerController.cpp:455] profiler_stop
USDT:2026-09-18 09:53:00 1:1 ActivityProfilerController.cpp:415] profiler_start
USDT:2026-09-18 09:53:00 1:1 ActivityProfilerController.cpp:455] profiler_stop
USDT:2026-09-18 09:53:00 1:1 ActivityProfilerController.cpp:415] profiler_start
USDT:2026-09-18 09:53:00 1:1 ActivityProfilerController.cpp:455] profiler_stop
USDT:2026-09-18 09:53:00 1:1 ActivityProfilerController.cpp:415] profiler_start
USDT:2026-09-18 09:53:00 1:1 ActivityProfilerController.cpp:455] profiler_stop
USDT:2026-09-18 09:53:00 1:1 ActivityProfilerController.cpp:415] profiler_start
USDT:2026-09-18 09:53:00 1:1 ActivityProfilerController.cpp:455] profiler_stop
USDT:2026-09-18 09:53:00 1:1 ActivityProfilerController.cpp:415] profiler_start
USDT:2026-09-18 09:53:00 1:1 ActivityProfilerController.cpp:455] profiler_stop
USDT:2026-09-18 09:53:00 1:1 ActivityProfilerController.cpp:415] profiler_start
USDT:2026-09-18 09:53:00 1:1 ActivityProfilerController.cpp:455] profiler_stop
USDT:2026-09-18 09:53:00 1:1 ActivityProfilerController.cpp:415] profiler_start
USDT:2026-09-18 09:53:00 1:1 ActivityProfilerController.cpp:455] profiler_stop
USDT:2026-09-18 09:53:00 1:1 ActivityProfilerController.cpp:415] profiler_start
USDT:2026-09-18 09:53:00 1:1 ActivityProfilerController.cpp:455] profiler_stop
     2    262144 |      23.13    2.56      0.09
     2    262145 |      23.69    1.00      0.09
     2    262146 |      23.85    0.62      0.09
USDT:2026-09-18 09:53:00 1:1 ActivityProfilerController.cpp:415] profiler_start
USDT:2026-09-18 09:53:00 1:1 ActivityProfilerController.cpp:455] profiler_stop
USDT:2026-09-18 09:53:00 1:1 ActivityProfilerController.cpp:415] profiler_start
USDT:2026-09-18 09:53:00 1:1 ActivityProfilerController.cpp:455] profiler_stop
USDT:2026-09-18 09:53:00 1:1 ActivityProfilerController.cpp:415] profiler_start
USDT:2026-09-18 09:53:00 1:1 ActivityProfilerController.cpp:455] profiler_stop
USDT:2026-09-18 09:53:01 1:1 ActivityProfilerController.cpp:415] profiler_start
USDT:2026-09-18 09:53:01 1:1 ActivityProfilerController.cpp:455] profiler_stop
USDT:2026-09-18 09:53:01 1:1 ActivityProfilerController.cpp:415] profiler_start
USDT:2026-09-18 09:53:01 1:1 ActivityProfilerController.cpp:455] profiler_stop
USDT:2026-09-18 09:53:01 1:1 ActivityProfilerController.cpp:415] profiler_start
USDT:2026-09-18 09:53:01 1:1 ActivityProfilerController.cpp:455] profiler_stop
USDT:2026-09-18 09:53:01 1:1 ActivityProfilerController.cpp:415] profiler_start
USDT:2026-09-18 09:53:01 1:1 ActivityProfilerController.cpp:455] profiler_stop
USDT:2026-09-18 09:53:01 1:1 ActivityProfilerController.cpp:415] profiler_start
USDT:2026-09-18 09:53:01 1:1 ActivityProfilerController.cpp:455] profiler_stop
USDT:2026-09-18 09:53:01 1:1 ActivityProfilerController.cpp:415] profiler_start
USDT:2026-09-18 09:53:01 1:1 ActivityProfilerController.cpp:455] profiler_stop
USDT:2026-09-18 09:53:01 1:1 ActivityProfilerController.cpp:415] profiler_start
USDT:2026-09-18 09:53:01 1:1 ActivityProfilerController.cpp:455] profiler_stop
USDT:2026-09-18 09:53:01 1:1 ActivityProfilerController.cpp:415] profiler_start
USDT:2026-09-18 09:53:01 1:1 ActivityProfilerController.cpp:455] profiler_stop
USDT:2026-09-18 09:53:01 1:1 ActivityProfilerController.cpp:415] profiler_start
USDT:2026-09-18 09:53:01 1:1 ActivityProfilerController.cpp:455] profiler_stop
     2    524288 |      29.04    0.62      0.14
     2    524289 |      29.28    0.21      0.14
     2    524290 |      29.24    0.44      0.14
USDT:2026-09-18 09:53:01 1:1 ActivityProfilerController.cpp:415] profiler_start
USDT:2026-09-18 09:53:01 1:1 ActivityProfilerController.cpp:455] profiler_stop
USDT:2026-09-18 09:53:01 1:1 ActivityProfilerController.cpp:415] profiler_start
USDT:2026-09-18 09:53:01 1:1 ActivityProfilerController.cpp:455] profiler_stop
USDT:2026-09-18 09:53:01 1:1 ActivityProfilerController.cpp:415] profiler_start
USDT:2026-09-18 09:53:01 1:1 ActivityProfilerController.cpp:455] profiler_stop
USDT:2026-09-18 09:53:01 1:1 ActivityProfilerController.cpp:415] profiler_start
USDT:2026-09-18 09:53:01 1:1 ActivityProfilerController.cpp:455] profiler_stop
USDT:2026-09-18 09:53:02 1:1 ActivityProfilerController.cpp:415] profiler_start
USDT:2026-09-18 09:53:02 1:1 ActivityProfilerController.cpp:455] profiler_stop
USDT:2026-09-18 09:53:02 1:1 ActivityProfilerController.cpp:415] profiler_start
USDT:2026-09-18 09:53:02 1:1 ActivityProfilerController.cpp:455] profiler_stop
USDT:2026-09-18 09:53:02 1:1 ActivityProfilerController.cpp:415] profiler_start
USDT:2026-09-18 09:53:02 1:1 ActivityProfilerController.cpp:455] profiler_stop
USDT:2026-09-18 09:53:02 1:1 ActivityProfilerController.cpp:415] profiler_start
USDT:2026-09-18 09:53:02 1:1 ActivityProfilerController.cpp:455] profiler_stop
USDT:2026-09-18 09:53:02 1:1 ActivityProfilerController.cpp:415] profiler_start
USDT:2026-09-18 09:53:02 1:1 ActivityProfilerController.cpp:455] profiler_stop
USDT:2026-09-18 09:53:02 1:1 ActivityProfilerController.cpp:415] profiler_start
USDT:2026-09-18 09:53:02 1:1 ActivityProfilerController.cpp:455] profiler_stop
USDT:2026-09-18 09:53:02 1:1 ActivityProfilerController.cpp:415] profiler_start
USDT:2026-09-18 09:53:02 1:1 ActivityProfilerController.cpp:455] profiler_stop
USDT:2026-09-18 09:53:02 1:1 ActivityProfilerController.cpp:415] profiler_start
USDT:2026-09-18 09:53:02 1:1 ActivityProfilerController.cpp:455] profiler_stop
     2   1048576 |      34.41    0.35      0.24
     2   1048577 |      34.99    0.04      0.24
     2   1048578 |      34.89    0.01      0.24
USDT:2026-09-18 09:53:02 1:1 ActivityProfilerController.cpp:415] profiler_start
USDT:2026-09-18 09:53:02 1:1 ActivityProfilerController.cpp:455] profiler_stop
USDT:2026-09-18 09:53:02 1:1 ActivityProfilerController.cpp:415] profiler_start
USDT:2026-09-18 09:53:02 1:1 ActivityProfilerController.cpp:455] profiler_stop
USDT:2026-09-18 09:53:02 1:1 ActivityProfilerController.cpp:415] profiler_start
USDT:2026-09-18 09:53:02 1:1 ActivityProfilerController.cpp:455] profiler_stop
USDT:2026-09-18 09:53:02 1:1 ActivityProfilerController.cpp:415] profiler_start
USDT:2026-09-18 09:53:02 1:1 ActivityProfilerController.cpp:455] profiler_stop
USDT:2026-09-18 09:53:02 1:1 ActivityProfilerController.cpp:415] profiler_start
USDT:2026-09-18 09:53:02 1:1 ActivityProfilerController.cpp:455] profiler_stop
USDT:2026-09-18 09:53:02 1:1 ActivityProfilerController.cpp:415] profiler_start
USDT:2026-09-18 09:53:02 1:1 ActivityProfilerController.cpp:455] profiler_stop
USDT:2026-09-18 09:53:03 1:1 ActivityProfilerController.cpp:415] profiler_start
USDT:2026-09-18 09:53:03 1:1 ActivityProfilerController.cpp:455] profiler_stop
USDT:2026-09-18 09:53:03 1:1 ActivityProfilerController.cpp:415] profiler_start
USDT:2026-09-18 09:53:03 1:1 ActivityProfilerController.cpp:455] profiler_stop
USDT:2026-09-18 09:53:03 1:1 ActivityProfilerController.cpp:415] profiler_start
USDT:2026-09-18 09:53:03 1:1 ActivityProfilerController.cpp:455] profiler_stop
USDT:2026-09-18 09:53:03 1:1 ActivityProfilerController.cpp:415] profiler_start
USDT:2026-09-18 09:53:03 1:1 ActivityProfilerController.cpp:455] profiler_stop
USDT:2026-09-18 09:53:03 1:1 ActivityProfilerController.cpp:415] profiler_start
USDT:2026-09-18 09:53:03 1:1 ActivityProfilerController.cpp:455] profiler_stop
USDT:2026-09-18 09:53:03 1:1 ActivityProfilerController.cpp:415] profiler_start
USDT:2026-09-18 09:53:03 1:1 ActivityProfilerController.cpp:455] profiler_stop
     4      2048 |       2.33    1.12      0.01
     4      2049 |       8.52    0.36      0.00
     4      2050 |       8.54    0.02      0.00
USDT:2026-09-18 09:53:03 1:1 ActivityProfilerController.cpp:415] profiler_start
USDT:2026-09-18 09:53:03 1:1 ActivityProfilerController.cpp:455] profiler_stop
USDT:2026-09-18 09:53:03 1:1 ActivityProfilerController.cpp:415] profiler_start
USDT:2026-09-18 09:53:03 1:1 ActivityProfilerController.cpp:455] profiler_stop
USDT:2026-09-18 09:53:03 1:1 ActivityProfilerController.cpp:415] profiler_start
USDT:2026-09-18 09:53:03 1:1 ActivityProfilerController.cpp:455] profiler_stop
USDT:2026-09-18 09:53:03 1:1 ActivityProfilerController.cpp:415] profiler_start
USDT:2026-09-18 09:53:03 1:1 ActivityProfilerController.cpp:455] profiler_stop
USDT:2026-09-18 09:53:03 1:1 ActivityProfilerController.cpp:415] profiler_start
USDT:2026-09-18 09:53:03 1:1 ActivityProfilerController.cpp:455] profiler_stop
USDT:2026-09-18 09:53:03 1:1 ActivityProfilerController.cpp:415] profiler_start
USDT:2026-09-18 09:53:03 1:1 ActivityProfilerController.cpp:455] profiler_stop
USDT:2026-09-18 09:53:03 1:1 ActivityProfilerController.cpp:415] profiler_start
USDT:2026-09-18 09:53:03 1:1 ActivityProfilerController.cpp:455] profiler_stop
USDT:2026-09-18 09:53:03 1:1 ActivityProfilerController.cpp:415] profiler_start
USDT:2026-09-18 09:53:03 1:1 ActivityProfilerController.cpp:455] profiler_stop
USDT:2026-09-18 09:53:03 1:1 ActivityProfilerController.cpp:415] profiler_start
USDT:2026-09-18 09:53:03 1:1 ActivityProfilerController.cpp:455] profiler_stop
USDT:2026-09-18 09:53:03 1:1 ActivityProfilerController.cpp:415] profiler_start
USDT:2026-09-18 09:53:03 1:1 ActivityProfilerController.cpp:455] profiler_stop
USDT:2026-09-18 09:53:03 1:1 ActivityProfilerController.cpp:415] profiler_start
USDT:2026-09-18 09:53:03 1:1 ActivityProfilerController.cpp:455] profiler_stop
USDT:2026-09-18 09:53:03 1:1 ActivityProfilerController.cpp:415] profiler_start
USDT:2026-09-18 09:53:03 1:1 ActivityProfilerController.cpp:455] profiler_stop
     4      4096 |       9.73    0.23      0.01
     4      4097 |      10.03    0.06      0.01
     4      4098 |      10.05    0.24      0.01
USDT:2026-09-18 09:53:03 1:1 ActivityProfilerController.cpp:415] profiler_start
USDT:2026-09-18 09:53:03 1:1 ActivityProfilerController.cpp:455] profiler_stop
USDT:2026-09-18 09:53:03 1:1 ActivityProfilerController.cpp:415] profiler_start
USDT:2026-09-18 09:53:03 1:1 ActivityProfilerController.cpp:455] profiler_stop
USDT:2026-09-18 09:53:03 1:1 ActivityProfilerController.cpp:415] profiler_start
USDT:2026-09-18 09:53:03 1:1 ActivityProfilerController.cpp:455] profiler_stop
USDT:2026-09-18 09:53:03 1:1 ActivityProfilerController.cpp:415] profiler_start
USDT:2026-09-18 09:53:03 1:1 ActivityProfilerController.cpp:455] profiler_stop
USDT:2026-09-18 09:53:03 1:1 ActivityProfilerController.cpp:415] profiler_start
USDT:2026-09-18 09:53:03 1:1 ActivityProfilerController.cpp:455] profiler_stop
USDT:2026-09-18 09:53:03 1:1 ActivityProfilerController.cpp:415] profiler_start
USDT:2026-09-18 09:53:03 1:1 ActivityProfilerController.cpp:455] profiler_stop
USDT:2026-09-18 09:53:04 1:1 ActivityProfilerController.cpp:415] profiler_start
USDT:2026-09-18 09:53:04 1:1 ActivityProfilerController.cpp:455] profiler_stop
USDT:2026-09-18 09:53:04 1:1 ActivityProfilerController.cpp:415] profiler_start
USDT:2026-09-18 09:53:04 1:1 ActivityProfilerController.cpp:455] profiler_stop
USDT:2026-09-18 09:53:04 1:1 ActivityProfilerController.cpp:415] profiler_start
USDT:2026-09-18 09:53:04 1:1 ActivityProfilerController.cpp:455] profiler_stop
USDT:2026-09-18 09:53:04 1:1 ActivityProfilerController.cpp:415] profiler_start
USDT:2026-09-18 09:53:04 1:1 ActivityProfilerController.cpp:455] profiler_stop
USDT:2026-09-18 09:53:04 1:1 ActivityProfilerController.cpp:415] profiler_start
USDT:2026-09-18 09:53:04 1:1 ActivityProfilerController.cpp:455] profiler_stop
USDT:2026-09-18 09:53:04 1:1 ActivityProfilerController.cpp:415] profiler_start
USDT:2026-09-18 09:53:04 1:1 ActivityProfilerController.cpp:455] profiler_stop
     4      8192 |      13.27    0.20      0.01
     4      8193 |      13.44    0.20      0.01
     4      8194 |      13.45    0.14      0.01
USDT:2026-09-18 09:53:04 1:1 ActivityProfilerController.cpp:415] profiler_start
USDT:2026-09-18 09:53:04 1:1 ActivityProfilerController.cpp:455] profiler_stop
USDT:2026-09-18 09:53:04 1:1 ActivityProfilerController.cpp:415] profiler_start
USDT:2026-09-18 09:53:04 1:1 ActivityProfilerController.cpp:455] profiler_stop
USDT:2026-09-18 09:53:04 1:1 ActivityProfilerController.cpp:415] profiler_start
USDT:2026-09-18 09:53:04 1:1 ActivityProfilerController.cpp:455] profiler_stop
USDT:2026-09-18 09:53:04 1:1 ActivityProfilerController.cpp:415] profiler_start
USDT:2026-09-18 09:53:04 1:1 ActivityProfilerController.cpp:455] profiler_stop
USDT:2026-09-18 09:53:04 1:1 ActivityProfilerController.cpp:415] profiler_start
USDT:2026-09-18 09:53:04 1:1 ActivityProfilerController.cpp:455] profiler_stop
USDT:2026-09-18 09:53:04 1:1 ActivityProfilerController.cpp:415] profiler_start
USDT:2026-09-18 09:53:04 1:1 ActivityProfilerController.cpp:455] profiler_stop
USDT:2026-09-18 09:53:04 1:1 ActivityProfilerController.cpp:415] profiler_start
USDT:2026-09-18 09:53:04 1:1 ActivityProfilerController.cpp:455] profiler_stop
USDT:2026-09-18 09:53:04 1:1 ActivityProfilerController.cpp:415] profiler_start
USDT:2026-09-18 09:53:04 1:1 ActivityProfilerController.cpp:455] profiler_stop
USDT:2026-09-18 09:53:04 1:1 ActivityProfilerController.cpp:415] profiler_start
USDT:2026-09-18 09:53:04 1:1 ActivityProfilerController.cpp:455] profiler_stop
USDT:2026-09-18 09:53:04 1:1 ActivityProfilerController.cpp:415] profiler_start
USDT:2026-09-18 09:53:04 1:1 ActivityProfilerController.cpp:455] profiler_stop
USDT:2026-09-18 09:53:05 1:1 ActivityProfilerController.cpp:415] profiler_start
USDT:2026-09-18 09:53:05 1:1 ActivityProfilerController.cpp:455] profiler_stop
USDT:2026-09-18 09:53:05 1:1 ActivityProfilerController.cpp:415] profiler_start
USDT:2026-09-18 09:53:05 1:1 ActivityProfilerController.cpp:455] profiler_stop
     4     16384 |      19.73    0.08      0.01
     4     16385 |      22.56    0.19      0.01
     4     16386 |      22.59    1.63      0.01
USDT:2026-09-18 09:53:05 1:1 ActivityProfilerController.cpp:415] profiler_start
USDT:2026-09-18 09:53:05 1:1 ActivityProfilerController.cpp:455] profiler_stop
USDT:2026-09-18 09:53:05 1:1 ActivityProfilerController.cpp:415] profiler_start
USDT:2026-09-18 09:53:05 1:1 ActivityProfilerController.cpp:455] profiler_stop
USDT:2026-09-18 09:53:05 1:1 ActivityProfilerController.cpp:415] profiler_start
USDT:2026-09-18 09:53:05 1:1 ActivityProfilerController.cpp:455] profiler_stop
USDT:2026-09-18 09:53:05 1:1 ActivityProfilerController.cpp:415] profiler_start
USDT:2026-09-18 09:53:05 1:1 ActivityProfilerController.cpp:455] profiler_stop
USDT:2026-09-18 09:53:05 1:1 ActivityProfilerController.cpp:415] profiler_start
USDT:2026-09-18 09:53:05 1:1 ActivityProfilerController.cpp:455] profiler_stop
USDT:2026-09-18 09:53:05 1:1 ActivityProfilerController.cpp:415] profiler_start
USDT:2026-09-18 09:53:05 1:1 ActivityProfilerController.cpp:455] profiler_stop
USDT:2026-09-18 09:53:05 1:1 ActivityProfilerController.cpp:415] profiler_start
USDT:2026-09-18 09:53:05 1:1 ActivityProfilerController.cpp:455] profiler_stop
USDT:2026-09-18 09:53:05 1:1 ActivityProfilerController.cpp:415] profiler_start
USDT:2026-09-18 09:53:05 1:1 ActivityProfilerController.cpp:455] profiler_stop
USDT:2026-09-18 09:53:05 1:1 ActivityProfilerController.cpp:415] profiler_start
USDT:2026-09-18 09:53:05 1:1 ActivityProfilerController.cpp:455] profiler_stop
USDT:2026-09-18 09:53:05 1:1 ActivityProfilerController.cpp:415] profiler_start
USDT:2026-09-18 09:53:05 1:1 ActivityProfilerController.cpp:455] profiler_stop
USDT:2026-09-18 09:53:05 1:1 ActivityProfilerController.cpp:415] profiler_start
USDT:2026-09-18 09:53:05 1:1 ActivityProfilerController.cpp:455] profiler_stop
USDT:2026-09-18 09:53:06 1:1 ActivityProfilerController.cpp:415] profiler_start
USDT:2026-09-18 09:53:06 1:1 ActivityProfilerController.cpp:455] profiler_stop
     4     32768 |      22.74    3.72      0.02
     4     32769 |      23.18    4.65      0.02
     4     32770 |      22.12    5.26      0.02
USDT:2026-09-18 09:53:06 1:1 ActivityProfilerController.cpp:415] profiler_start
USDT:2026-09-18 09:53:06 1:1 ActivityProfilerController.cpp:455] profiler_stop
USDT:2026-09-18 09:53:06 1:1 ActivityProfilerController.cpp:415] profiler_start
USDT:2026-09-18 09:53:06 1:1 ActivityProfilerController.cpp:455] profiler_stop
USDT:2026-09-18 09:53:06 1:1 ActivityProfilerController.cpp:415] profiler_start
USDT:2026-09-18 09:53:06 1:1 ActivityProfilerController.cpp:455] profiler_stop
USDT:2026-09-18 09:53:06 1:1 ActivityProfilerController.cpp:415] profiler_start
USDT:2026-09-18 09:53:06 1:1 ActivityProfilerController.cpp:455] profiler_stop
USDT:2026-09-18 09:53:06 1:1 ActivityProfilerController.cpp:415] profiler_start
USDT:2026-09-18 09:53:06 1:1 ActivityProfilerController.cpp:455] profiler_stop
USDT:2026-09-18 09:53:06 1:1 ActivityProfilerController.cpp:415] profiler_start
USDT:2026-09-18 09:53:06 1:1 ActivityProfilerController.cpp:455] profiler_stop
USDT:2026-09-18 09:53:06 1:1 ActivityProfilerController.cpp:415] profiler_start
USDT:2026-09-18 09:53:06 1:1 ActivityProfilerController.cpp:455] profiler_stop
USDT:2026-09-18 09:53:06 1:1 ActivityProfilerController.cpp:415] profiler_start
USDT:2026-09-18 09:53:06 1:1 ActivityProfilerController.cpp:455] profiler_stop
USDT:2026-09-18 09:53:06 1:1 ActivityProfilerController.cpp:415] profiler_start
USDT:2026-09-18 09:53:06 1:1 ActivityProfilerController.cpp:455] profiler_stop
USDT:2026-09-18 09:53:06 1:1 ActivityProfilerController.cpp:415] profiler_start
USDT:2026-09-18 09:53:06 1:1 ActivityProfilerController.cpp:455] profiler_stop
USDT:2026-09-18 09:53:06 1:1 ActivityProfilerController.cpp:415] profiler_start
USDT:2026-09-18 09:53:06 1:1 ActivityProfilerController.cpp:455] profiler_stop
USDT:2026-09-18 09:53:06 1:1 ActivityProfilerController.cpp:415] profiler_start
USDT:2026-09-18 09:53:06 1:1 ActivityProfilerController.cpp:455] profiler_stop
     4     65536 |      24.53    1.84      0.04
     4     65537 |      25.04    3.70      0.04
     4     65538 |      25.14    3.07      0.04
USDT:2026-09-18 09:53:06 1:1 ActivityProfilerController.cpp:415] profiler_start
USDT:2026-09-18 09:53:06 1:1 ActivityProfilerController.cpp:455] profiler_stop
USDT:2026-09-18 09:53:07 1:1 ActivityProfilerController.cpp:415] profiler_start
USDT:2026-09-18 09:53:07 1:1 ActivityProfilerController.cpp:455] profiler_stop
USDT:2026-09-18 09:53:07 1:1 ActivityProfilerController.cpp:415] profiler_start
USDT:2026-09-18 09:53:07 1:1 ActivityProfilerController.cpp:455] profiler_stop
USDT:2026-09-18 09:53:07 1:1 ActivityProfilerController.cpp:415] profiler_start
USDT:2026-09-18 09:53:07 1:1 ActivityProfilerController.cpp:455] profiler_stop
USDT:2026-09-18 09:53:07 1:1 ActivityProfilerController.cpp:415] profiler_start
USDT:2026-09-18 09:53:07 1:1 ActivityProfilerController.cpp:455] profiler_stop
USDT:2026-09-18 09:53:07 1:1 ActivityProfilerController.cpp:415] profiler_start
USDT:2026-09-18 09:53:07 1:1 ActivityProfilerController.cpp:455] profiler_stop
USDT:2026-09-18 09:53:07 1:1 ActivityProfilerController.cpp:415] profiler_start
USDT:2026-09-18 09:53:07 1:1 ActivityProfilerController.cpp:455] profiler_stop
USDT:2026-09-18 09:53:07 1:1 ActivityProfilerController.cpp:415] profiler_start
USDT:2026-09-18 09:53:07 1:1 ActivityProfilerController.cpp:455] profiler_stop
USDT:2026-09-18 09:53:07 1:1 ActivityProfilerController.cpp:415] profiler_start
USDT:2026-09-18 09:53:07 1:1 ActivityProfilerController.cpp:455] profiler_stop
USDT:2026-09-18 09:53:07 1:1 ActivityProfilerController.cpp:415] profiler_start
USDT:2026-09-18 09:53:07 1:1 ActivityProfilerController.cpp:455] profiler_stop
USDT:2026-09-18 09:53:07 1:1 ActivityProfilerController.cpp:415] profiler_start
USDT:2026-09-18 09:53:07 1:1 ActivityProfilerController.cpp:455] profiler_stop
USDT:2026-09-18 09:53:07 1:1 ActivityProfilerController.cpp:415] profiler_start
USDT:2026-09-18 09:53:07 1:1 ActivityProfilerController.cpp:455] profiler_stop
     4    131072 |      25.77    2.96      0.08
     4    131073 |      25.96    4.32      0.08
     4    131074 |      26.59    0.83      0.08
USDT:2026-09-18 09:53:07 1:1 ActivityProfilerController.cpp:415] profiler_start
USDT:2026-09-18 09:53:07 1:1 ActivityProfilerController.cpp:455] profiler_stop
USDT:2026-09-18 09:53:07 1:1 ActivityProfilerController.cpp:415] profiler_start
USDT:2026-09-18 09:53:07 1:1 ActivityProfilerController.cpp:455] profiler_stop
USDT:2026-09-18 09:53:07 1:1 ActivityProfilerController.cpp:415] profiler_start
USDT:2026-09-18 09:53:07 1:1 ActivityProfilerController.cpp:455] profiler_stop
USDT:2026-09-18 09:53:07 1:1 ActivityProfilerController.cpp:415] profiler_start
USDT:2026-09-18 09:53:08 1:1 ActivityProfilerController.cpp:455] profiler_stop
USDT:2026-09-18 09:53:08 1:1 ActivityProfilerController.cpp:415] profiler_start
USDT:2026-09-18 09:53:08 1:1 ActivityProfilerController.cpp:455] profiler_stop
USDT:2026-09-18 09:53:08 1:1 ActivityProfilerController.cpp:415] profiler_start
USDT:2026-09-18 09:53:08 1:1 ActivityProfilerController.cpp:455] profiler_stop
USDT:2026-09-18 09:53:08 1:1 ActivityProfilerController.cpp:415] profiler_start
USDT:2026-09-18 09:53:08 1:1 ActivityProfilerController.cpp:455] profiler_stop
USDT:2026-09-18 09:53:08 1:1 ActivityProfilerController.cpp:415] profiler_start
USDT:2026-09-18 09:53:08 1:1 ActivityProfilerController.cpp:455] profiler_stop
USDT:2026-09-18 09:53:08 1:1 ActivityProfilerController.cpp:415] profiler_start
USDT:2026-09-18 09:53:08 1:1 ActivityProfilerController.cpp:455] profiler_stop
USDT:2026-09-18 09:53:08 1:1 ActivityProfilerController.cpp:415] profiler_start
USDT:2026-09-18 09:53:08 1:1 ActivityProfilerController.cpp:455] profiler_stop
USDT:2026-09-18 09:53:08 1:1 ActivityProfilerController.cpp:415] profiler_start
USDT:2026-09-18 09:53:08 1:1 ActivityProfilerController.cpp:455] profiler_stop
USDT:2026-09-18 09:53:08 1:1 ActivityProfilerController.cpp:415] profiler_start
USDT:2026-09-18 09:53:08 1:1 ActivityProfilerController.cpp:455] profiler_stop
     4    262144 |      27.18    3.56      0.15
     4    262145 |      27.04    2.01      0.16
     4    262146 |      27.34    4.22      0.15
USDT:2026-09-18 09:53:08 1:1 ActivityProfilerController.cpp:415] profiler_start
USDT:2026-09-18 09:53:08 1:1 ActivityProfilerController.cpp:455] profiler_stop
USDT:2026-09-18 09:53:08 1:1 ActivityProfilerController.cpp:415] profiler_start
USDT:2026-09-18 09:53:08 1:1 ActivityProfilerController.cpp:455] profiler_stop
USDT:2026-09-18 09:53:08 1:1 ActivityProfilerController.cpp:415] profiler_start
USDT:2026-09-18 09:53:08 1:1 ActivityProfilerController.cpp:455] profiler_stop
USDT:2026-09-18 09:53:09 1:1 ActivityProfilerController.cpp:415] profiler_start
USDT:2026-09-18 09:53:09 1:1 ActivityProfilerController.cpp:455] profiler_stop
USDT:2026-09-18 09:53:09 1:1 ActivityProfilerController.cpp:415] profiler_start
USDT:2026-09-18 09:53:09 1:1 ActivityProfilerController.cpp:455] profiler_stop
USDT:2026-09-18 09:53:09 1:1 ActivityProfilerController.cpp:415] profiler_start
USDT:2026-09-18 09:53:09 1:1 ActivityProfilerController.cpp:455] profiler_stop
USDT:2026-09-18 09:53:09 1:1 ActivityProfilerController.cpp:415] profiler_start
USDT:2026-09-18 09:53:09 1:1 ActivityProfilerController.cpp:455] profiler_stop
USDT:2026-09-18 09:53:09 1:1 ActivityProfilerController.cpp:415] profiler_start
USDT:2026-09-18 09:53:09 1:1 ActivityProfilerController.cpp:455] profiler_stop
USDT:2026-09-18 09:53:09 1:1 ActivityProfilerController.cpp:415] profiler_start
USDT:2026-09-18 09:53:09 1:1 ActivityProfilerController.cpp:455] profiler_stop
USDT:2026-09-18 09:53:09 1:1 ActivityProfilerController.cpp:415] profiler_start
USDT:2026-09-18 09:53:09 1:1 ActivityProfilerController.cpp:455] profiler_stop
USDT:2026-09-18 09:53:09 1:1 ActivityProfilerController.cpp:415] profiler_start
USDT:2026-09-18 09:53:09 1:1 ActivityProfilerController.cpp:455] profiler_stop
USDT:2026-09-18 09:53:09 1:1 ActivityProfilerController.cpp:415] profiler_start
USDT:2026-09-18 09:53:09 1:1 ActivityProfilerController.cpp:455] profiler_stop
     4    524288 |      30.34    1.43      0.28
     4    524289 |      30.68    0.40      0.27
     4    524290 |      30.94    0.38      0.27
USDT:2026-09-18 09:53:09 1:1 ActivityProfilerController.cpp:415] profiler_start
USDT:2026-09-18 09:53:09 1:1 ActivityProfilerController.cpp:455] profiler_stop
USDT:2026-09-18 09:53:09 1:1 ActivityProfilerController.cpp:415] profiler_start
USDT:2026-09-18 09:53:09 1:1 ActivityProfilerController.cpp:455] profiler_stop
USDT:2026-09-18 09:53:09 1:1 ActivityProfilerController.cpp:415] profiler_start
USDT:2026-09-18 09:53:09 1:1 ActivityProfilerController.cpp:455] profiler_stop
USDT:2026-09-18 09:53:10 1:1 ActivityProfilerController.cpp:415] profiler_start
USDT:2026-09-18 09:53:10 1:1 ActivityProfilerController.cpp:455] profiler_stop
USDT:2026-09-18 09:53:10 1:1 ActivityProfilerController.cpp:415] profiler_start
USDT:2026-09-18 09:53:10 1:1 ActivityProfilerController.cpp:455] profiler_stop
USDT:2026-09-18 09:53:10 1:1 ActivityProfilerController.cpp:415] profiler_start
USDT:2026-09-18 09:53:10 1:1 ActivityProfilerController.cpp:455] profiler_stop
USDT:2026-09-18 09:53:10 1:1 ActivityProfilerController.cpp:415] profiler_start
USDT:2026-09-18 09:53:10 1:1 ActivityProfilerController.cpp:455] profiler_stop
USDT:2026-09-18 09:53:10 1:1 ActivityProfilerController.cpp:415] profiler_start
USDT:2026-09-18 09:53:10 1:1 ActivityProfilerController.cpp:455] profiler_stop
USDT:2026-09-18 09:53:10 1:1 ActivityProfilerController.cpp:415] profiler_start
USDT:2026-09-18 09:53:10 1:1 ActivityProfilerController.cpp:455] profiler_stop
USDT:2026-09-18 09:53:10 1:1 ActivityProfilerController.cpp:415] profiler_start
USDT:2026-09-18 09:53:10 1:1 ActivityProfilerController.cpp:455] profiler_stop
USDT:2026-09-18 09:53:10 1:1 ActivityProfilerController.cpp:415] profiler_start
USDT:2026-09-18 09:53:10 1:1 ActivityProfilerController.cpp:455] profiler_stop
USDT:2026-09-18 09:53:10 1:1 ActivityProfilerController.cpp:415] profiler_start
USDT:2026-09-18 09:53:10 1:1 ActivityProfilerController.cpp:455] profiler_stop
     4   1048576 |      35.73    0.18      0.47
     4   1048577 |      36.19    0.69      0.46
     4   1048578 |      36.15    0.42      0.46
USDT:2026-09-18 09:53:10 1:1 ActivityProfilerController.cpp:415] profiler_start
USDT:2026-09-18 09:53:10 1:1 ActivityProfilerController.cpp:455] profiler_stop
USDT:2026-09-18 09:53:10 1:1 ActivityProfilerController.cpp:415] profiler_start
USDT:2026-09-18 09:53:10 1:1 ActivityProfilerController.cpp:455] profiler_stop
USDT:2026-09-18 09:53:10 1:1 ActivityProfilerController.cpp:415] profiler_start
USDT:2026-09-18 09:53:10 1:1 ActivityProfilerController.cpp:455] profiler_stop
USDT:2026-09-18 09:53:10 1:1 ActivityProfilerController.cpp:415] profiler_start
USDT:2026-09-18 09:53:10 1:1 ActivityProfilerController.cpp:455] profiler_stop
USDT:2026-09-18 09:53:10 1:1 ActivityProfilerController.cpp:415] profiler_start
USDT:2026-09-18 09:53:10 1:1 ActivityProfilerController.cpp:455] profiler_stop
USDT:2026-09-18 09:53:10 1:1 ActivityProfilerController.cpp:415] profiler_start
USDT:2026-09-18 09:53:10 1:1 ActivityProfilerController.cpp:455] profiler_stop
USDT:2026-09-18 09:53:10 1:1 ActivityProfilerController.cpp:415] profiler_start
USDT:2026-09-18 09:53:10 1:1 ActivityProfilerController.cpp:455] profiler_stop
USDT:2026-09-18 09:53:10 1:1 ActivityProfilerController.cpp:415] profiler_start
USDT:2026-09-18 09:53:10 1:1 ActivityProfilerController.cpp:455] profiler_stop
USDT:2026-09-18 09:53:11 1:1 ActivityProfilerController.cpp:415] profiler_start
USDT:2026-09-18 09:53:11 1:1 ActivityProfilerController.cpp:455] profiler_stop
USDT:2026-09-18 09:53:11 1:1 ActivityProfilerController.cpp:415] profiler_start
USDT:2026-09-18 09:53:11 1:1 ActivityProfilerController.cpp:455] profiler_stop
USDT:2026-09-18 09:53:11 1:1 ActivityProfilerController.cpp:415] profiler_start
USDT:2026-09-18 09:53:11 1:1 ActivityProfilerController.cpp:455] profiler_stop
USDT:2026-09-18 09:53:11 1:1 ActivityProfilerController.cpp:415] profiler_start
USDT:2026-09-18 09:53:11 1:1 ActivityProfilerController.cpp:455] profiler_stop
     8      2048 |       2.70    2.23      0.02
     8      2049 |       8.94    0.66      0.01
     8      2050 |       9.03    0.28      0.01
USDT:2026-09-18 09:53:11 1:1 ActivityProfilerController.cpp:415] profiler_start
USDT:2026-09-18 09:53:11 1:1 ActivityProfilerController.cpp:455] profiler_stop
USDT:2026-09-18 09:53:11 1:1 ActivityProfilerController.cpp:415] profiler_start
USDT:2026-09-18 09:53:11 1:1 ActivityProfilerController.cpp:455] profiler_stop
USDT:2026-09-18 09:53:11 1:1 ActivityProfilerController.cpp:415] profiler_start
USDT:2026-09-18 09:53:11 1:1 ActivityProfilerController.cpp:455] profiler_stop
USDT:2026-09-18 09:53:11 1:1 ActivityProfilerController.cpp:415] profiler_start
USDT:2026-09-18 09:53:11 1:1 ActivityProfilerController.cpp:455] profiler_stop
USDT:2026-09-18 09:53:11 1:1 ActivityProfilerController.cpp:415] profiler_start
USDT:2026-09-18 09:53:11 1:1 ActivityProfilerController.cpp:455] profiler_stop
USDT:2026-09-18 09:53:11 1:1 ActivityProfilerController.cpp:415] profiler_start
USDT:2026-09-18 09:53:11 1:1 ActivityProfilerController.cpp:455] profiler_stop
USDT:2026-09-18 09:53:11 1:1 ActivityProfilerController.cpp:415] profiler_start
USDT:2026-09-18 09:53:11 1:1 ActivityProfilerController.cpp:455] profiler_stop
USDT:2026-09-18 09:53:11 1:1 ActivityProfilerController.cpp:415] profiler_start
USDT:2026-09-18 09:53:11 1:1 ActivityProfilerController.cpp:455] profiler_stop
USDT:2026-09-18 09:53:11 1:1 ActivityProfilerController.cpp:415] profiler_start
USDT:2026-09-18 09:53:11 1:1 ActivityProfilerController.cpp:455] profiler_stop
USDT:2026-09-18 09:53:11 1:1 ActivityProfilerController.cpp:415] profiler_start
USDT:2026-09-18 09:53:11 1:1 ActivityProfilerController.cpp:455] profiler_stop
USDT:2026-09-18 09:53:11 1:1 ActivityProfilerController.cpp:415] profiler_start
USDT:2026-09-18 09:53:11 1:1 ActivityProfilerController.cpp:455] profiler_stop
USDT:2026-09-18 09:53:11 1:1 ActivityProfilerController.cpp:415] profiler_start
USDT:2026-09-18 09:53:11 1:1 ActivityProfilerController.cpp:455] profiler_stop
     8      4096 |      10.21    0.47      0.01
     8      4097 |      10.44    0.28      0.01
     8      4098 |      10.45    0.80      0.01
USDT:2026-09-18 09:53:11 1:1 ActivityProfilerController.cpp:415] profiler_start
USDT:2026-09-18 09:53:11 1:1 ActivityProfilerController.cpp:455] profiler_stop
USDT:2026-09-18 09:53:11 1:1 ActivityProfilerController.cpp:415] profiler_start
USDT:2026-09-18 09:53:11 1:1 ActivityProfilerController.cpp:455] profiler_stop
USDT:2026-09-18 09:53:11 1:1 ActivityProfilerController.cpp:415] profiler_start
USDT:2026-09-18 09:53:11 1:1 ActivityProfilerController.cpp:455] profiler_stop
USDT:2026-09-18 09:53:11 1:1 ActivityProfilerController.cpp:415] profiler_start
USDT:2026-09-18 09:53:11 1:1 ActivityProfilerController.cpp:455] profiler_stop
USDT:2026-09-18 09:53:12 1:1 ActivityProfilerController.cpp:415] profiler_start
USDT:2026-09-18 09:53:12 1:1 ActivityProfilerController.cpp:455] profiler_stop
USDT:2026-09-18 09:53:12 1:1 ActivityProfilerController.cpp:415] profiler_start
USDT:2026-09-18 09:53:12 1:1 ActivityProfilerController.cpp:455] profiler_stop
USDT:2026-09-18 09:53:12 1:1 ActivityProfilerController.cpp:415] profiler_start
USDT:2026-09-18 09:53:12 1:1 ActivityProfilerController.cpp:455] profiler_stop
USDT:2026-09-18 09:53:12 1:1 ActivityProfilerController.cpp:415] profiler_start
USDT:2026-09-18 09:53:12 1:1 ActivityProfilerController.cpp:455] profiler_stop
USDT:2026-09-18 09:53:12 1:1 ActivityProfilerController.cpp:415] profiler_start
USDT:2026-09-18 09:53:12 1:1 ActivityProfilerController.cpp:455] profiler_stop
USDT:2026-09-18 09:53:12 1:1 ActivityProfilerController.cpp:415] profiler_start
USDT:2026-09-18 09:53:12 1:1 ActivityProfilerController.cpp:455] profiler_stop
USDT:2026-09-18 09:53:12 1:1 ActivityProfilerController.cpp:415] profiler_start
USDT:2026-09-18 09:53:12 1:1 ActivityProfilerController.cpp:455] profiler_stop
USDT:2026-09-18 09:53:12 1:1 ActivityProfilerController.cpp:415] profiler_start
USDT:2026-09-18 09:53:12 1:1 ActivityProfilerController.cpp:455] profiler_stop
     8      8192 |      13.65    0.13      0.02
     8      8193 |      13.86    0.37      0.02
     8      8194 |      13.88    0.37      0.02
USDT:2026-09-18 09:53:12 1:1 ActivityProfilerController.cpp:415] profiler_start
USDT:2026-09-18 09:53:12 1:1 ActivityProfilerController.cpp:455] profiler_stop
USDT:2026-09-18 09:53:12 1:1 ActivityProfilerController.cpp:415] profiler_start
USDT:2026-09-18 09:53:12 1:1 ActivityProfilerController.cpp:455] profiler_stop
USDT:2026-09-18 09:53:12 1:1 ActivityProfilerController.cpp:415] profiler_start
USDT:2026-09-18 09:53:12 1:1 ActivityProfilerController.cpp:455] profiler_stop
USDT:2026-09-18 09:53:12 1:1 ActivityProfilerController.cpp:415] profiler_start
USDT:2026-09-18 09:53:12 1:1 ActivityProfilerController.cpp:455] profiler_stop
USDT:2026-09-18 09:53:12 1:1 ActivityProfilerController.cpp:415] profiler_start
USDT:2026-09-18 09:53:12 1:1 ActivityProfilerController.cpp:455] profiler_stop
USDT:2026-09-18 09:53:12 1:1 ActivityProfilerController.cpp:415] profiler_start
USDT:2026-09-18 09:53:12 1:1 ActivityProfilerController.cpp:455] profiler_stop
USDT:2026-09-18 09:53:12 1:1 ActivityProfilerController.cpp:415] profiler_start
USDT:2026-09-18 09:53:12 1:1 ActivityProfilerController.cpp:455] profiler_stop
USDT:2026-09-18 09:53:12 1:1 ActivityProfilerController.cpp:415] profiler_start
USDT:2026-09-18 09:53:12 1:1 ActivityProfilerController.cpp:455] profiler_stop
USDT:2026-09-18 09:53:13 1:1 ActivityProfilerController.cpp:415] profiler_start
USDT:2026-09-18 09:53:13 1:1 ActivityProfilerController.cpp:455] profiler_stop
USDT:2026-09-18 09:53:13 1:1 ActivityProfilerController.cpp:415] profiler_start
USDT:2026-09-18 09:53:13 1:1 ActivityProfilerController.cpp:455] profiler_stop
USDT:2026-09-18 09:53:13 1:1 ActivityProfilerController.cpp:415] profiler_start
USDT:2026-09-18 09:53:13 1:1 ActivityProfilerController.cpp:455] profiler_stop
USDT:2026-09-18 09:53:13 1:1 ActivityProfilerController.cpp:415] profiler_start
USDT:2026-09-18 09:53:13 1:1 ActivityProfilerController.cpp:455] profiler_stop
     8     16384 |      20.44    0.46      0.03
     8     16385 |      23.47    2.76      0.02
     8     16386 |      23.72    4.52      0.02
USDT:2026-09-18 09:53:13 1:1 ActivityProfilerController.cpp:415] profiler_start
USDT:2026-09-18 09:53:13 1:1 ActivityProfilerController.cpp:455] profiler_stop
USDT:2026-09-18 09:53:13 1:1 ActivityProfilerController.cpp:415] profiler_start
USDT:2026-09-18 09:53:13 1:1 ActivityProfilerController.cpp:455] profiler_stop
USDT:2026-09-18 09:53:13 1:1 ActivityProfilerController.cpp:415] profiler_start
USDT:2026-09-18 09:53:13 1:1 ActivityProfilerController.cpp:455] profiler_stop
USDT:2026-09-18 09:53:13 1:1 ActivityProfilerController.cpp:415] profiler_start
USDT:2026-09-18 09:53:13 1:1 ActivityProfilerController.cpp:455] profiler_stop
USDT:2026-09-18 09:53:13 1:1 ActivityProfilerController.cpp:415] profiler_start
USDT:2026-09-18 09:53:13 1:1 ActivityProfilerController.cpp:455] profiler_stop
USDT:2026-09-18 09:53:13 1:1 ActivityProfilerController.cpp:415] profiler_start
USDT:2026-09-18 09:53:13 1:1 ActivityProfilerController.cpp:455] profiler_stop
USDT:2026-09-18 09:53:13 1:1 ActivityProfilerController.cpp:415] profiler_start
USDT:2026-09-18 09:53:13 1:1 ActivityProfilerController.cpp:455] profiler_stop
USDT:2026-09-18 09:53:13 1:1 ActivityProfilerController.cpp:415] profiler_start
USDT:2026-09-18 09:53:13 1:1 ActivityProfilerController.cpp:455] profiler_stop
USDT:2026-09-18 09:53:13 1:1 ActivityProfilerController.cpp:415] profiler_start
USDT:2026-09-18 09:53:13 1:1 ActivityProfilerController.cpp:455] profiler_stop
USDT:2026-09-18 09:53:13 1:1 ActivityProfilerController.cpp:415] profiler_start
USDT:2026-09-18 09:53:13 1:1 ActivityProfilerController.cpp:455] profiler_stop
USDT:2026-09-18 09:53:14 1:1 ActivityProfilerController.cpp:415] profiler_start
USDT:2026-09-18 09:53:14 1:1 ActivityProfilerController.cpp:455] profiler_stop
USDT:2026-09-18 09:53:14 1:1 ActivityProfilerController.cpp:415] profiler_start
USDT:2026-09-18 09:53:14 1:1 ActivityProfilerController.cpp:455] profiler_stop
     8     32768 |      24.03    6.22      0.04
     8     32769 |      24.37    6.82      0.04
     8     32770 |      24.50    6.68      0.04
USDT:2026-09-18 09:53:14 1:1 ActivityProfilerController.cpp:415] profiler_start
USDT:2026-09-18 09:53:14 1:1 ActivityProfilerController.cpp:455] profiler_stop
USDT:2026-09-18 09:53:14 1:1 ActivityProfilerController.cpp:415] profiler_start
USDT:2026-09-18 09:53:14 1:1 ActivityProfilerController.cpp:455] profiler_stop
USDT:2026-09-18 09:53:14 1:1 ActivityProfilerController.cpp:415] profiler_start
USDT:2026-09-18 09:53:14 1:1 ActivityProfilerController.cpp:455] profiler_stop
USDT:2026-09-18 09:53:14 1:1 ActivityProfilerController.cpp:415] profiler_start
USDT:2026-09-18 09:53:14 1:1 ActivityProfilerController.cpp:455] profiler_stop
USDT:2026-09-18 09:53:14 1:1 ActivityProfilerController.cpp:415] profiler_start
USDT:2026-09-18 09:53:14 1:1 ActivityProfilerController.cpp:455] profiler_stop
USDT:2026-09-18 09:53:14 1:1 ActivityProfilerController.cpp:415] profiler_start
USDT:2026-09-18 09:53:14 1:1 ActivityProfilerController.cpp:455] profiler_stop
USDT:2026-09-18 09:53:14 1:1 ActivityProfilerController.cpp:415] profiler_start
USDT:2026-09-18 09:53:14 1:1 ActivityProfilerController.cpp:455] profiler_stop
USDT:2026-09-18 09:53:14 1:1 ActivityProfilerController.cpp:415] profiler_start
USDT:2026-09-18 09:53:14 1:1 ActivityProfilerController.cpp:455] profiler_stop
USDT:2026-09-18 09:53:14 1:1 ActivityProfilerController.cpp:415] profiler_start
USDT:2026-09-18 09:53:14 1:1 ActivityProfilerController.cpp:455] profiler_stop
USDT:2026-09-18 09:53:14 1:1 ActivityProfilerController.cpp:415] profiler_start
USDT:2026-09-18 09:53:14 1:1 ActivityProfilerController.cpp:455] profiler_stop
USDT:2026-09-18 09:53:14 1:1 ActivityProfilerController.cpp:415] profiler_start
USDT:2026-09-18 09:53:14 1:1 ActivityProfilerController.cpp:455] profiler_stop
USDT:2026-09-18 09:53:14 1:1 ActivityProfilerController.cpp:415] profiler_start
USDT:2026-09-18 09:53:14 1:1 ActivityProfilerController.cpp:455] profiler_stop
     8     65536 |      25.60    2.43      0.08
     8     65537 |      25.77    3.78      0.08
     8     65538 |      25.26    2.80      0.08
USDT:2026-09-18 09:53:15 1:1 ActivityProfilerController.cpp:415] profiler_start
USDT:2026-09-18 09:53:15 1:1 ActivityProfilerController.cpp:455] profiler_stop
USDT:2026-09-18 09:53:15 1:1 ActivityProfilerController.cpp:415] profiler_start
USDT:2026-09-18 09:53:15 1:1 ActivityProfilerController.cpp:455] profiler_stop
USDT:2026-09-18 09:53:15 1:1 ActivityProfilerController.cpp:415] profiler_start
USDT:2026-09-18 09:53:15 1:1 ActivityProfilerController.cpp:455] profiler_stop
USDT:2026-09-18 09:53:15 1:1 ActivityProfilerController.cpp:415] profiler_start
USDT:2026-09-18 09:53:15 1:1 ActivityProfilerController.cpp:455] profiler_stop
USDT:2026-09-18 09:53:15 1:1 ActivityProfilerController.cpp:415] profiler_start
USDT:2026-09-18 09:53:15 1:1 ActivityProfilerController.cpp:455] profiler_stop
USDT:2026-09-18 09:53:15 1:1 ActivityProfilerController.cpp:415] profiler_start
USDT:2026-09-18 09:53:15 1:1 ActivityProfilerController.cpp:455] profiler_stop
USDT:2026-09-18 09:53:15 1:1 ActivityProfilerController.cpp:415] profiler_start
USDT:2026-09-18 09:53:15 1:1 ActivityProfilerController.cpp:455] profiler_stop
USDT:2026-09-18 09:53:15 1:1 ActivityProfilerController.cpp:415] profiler_start
USDT:2026-09-18 09:53:15 1:1 ActivityProfilerController.cpp:455] profiler_stop
USDT:2026-09-18 09:53:15 1:1 ActivityProfilerController.cpp:415] profiler_start
USDT:2026-09-18 09:53:15 1:1 ActivityProfilerController.cpp:455] profiler_stop
USDT:2026-09-18 09:53:15 1:1 ActivityProfilerController.cpp:415] profiler_start
USDT:2026-09-18 09:53:15 1:1 ActivityProfilerController.cpp:455] profiler_stop
USDT:2026-09-18 09:53:15 1:1 ActivityProfilerController.cpp:415] profiler_start
USDT:2026-09-18 09:53:15 1:1 ActivityProfilerController.cpp:455] profiler_stop
USDT:2026-09-18 09:53:15 1:1 ActivityProfilerController.cpp:415] profiler_start
USDT:2026-09-18 09:53:15 1:1 ActivityProfilerController.cpp:455] profiler_stop
     8    131072 |      28.00    1.28      0.15
     8    131073 |      28.73    2.07      0.15
     8    131074 |      28.55    3.45      0.15
USDT:2026-09-18 09:53:16 1:1 ActivityProfilerController.cpp:415] profiler_start
USDT:2026-09-18 09:53:16 1:1 ActivityProfilerController.cpp:455] profiler_stop
USDT:2026-09-18 09:53:16 1:1 ActivityProfilerController.cpp:415] profiler_start
USDT:2026-09-18 09:53:16 1:1 ActivityProfilerController.cpp:455] profiler_stop
USDT:2026-09-18 09:53:16 1:1 ActivityProfilerController.cpp:415] profiler_start
USDT:2026-09-18 09:53:16 1:1 ActivityProfilerController.cpp:455] profiler_stop
USDT:2026-09-18 09:53:16 1:1 ActivityProfilerController.cpp:415] profiler_start
USDT:2026-09-18 09:53:16 1:1 ActivityProfilerController.cpp:455] profiler_stop
USDT:2026-09-18 09:53:16 1:1 ActivityProfilerController.cpp:415] profiler_start
USDT:2026-09-18 09:53:16 1:1 ActivityProfilerController.cpp:455] profiler_stop
USDT:2026-09-18 09:53:16 1:1 ActivityProfilerController.cpp:415] profiler_start
USDT:2026-09-18 09:53:16 1:1 ActivityProfilerController.cpp:455] profiler_stop
USDT:2026-09-18 09:53:16 1:1 ActivityProfilerController.cpp:415] profiler_start
USDT:2026-09-18 09:53:16 1:1 ActivityProfilerController.cpp:455] profiler_stop
USDT:2026-09-18 09:53:16 1:1 ActivityProfilerController.cpp:415] profiler_start
USDT:2026-09-18 09:53:16 1:1 ActivityProfilerController.cpp:455] profiler_stop
USDT:2026-09-18 09:53:16 1:1 ActivityProfilerController.cpp:415] profiler_start
USDT:2026-09-18 09:53:16 1:1 ActivityProfilerController.cpp:455] profiler_stop
USDT:2026-09-18 09:53:16 1:1 ActivityProfilerController.cpp:415] profiler_start
USDT:2026-09-18 09:53:16 1:1 ActivityProfilerController.cpp:455] profiler_stop
USDT:2026-09-18 09:53:16 1:1 ActivityProfilerController.cpp:415] profiler_start
USDT:2026-09-18 09:53:16 1:1 ActivityProfilerController.cpp:455] profiler_stop
USDT:2026-09-18 09:53:16 1:1 ActivityProfilerController.cpp:415] profiler_start
USDT:2026-09-18 09:53:16 1:1 ActivityProfilerController.cpp:455] profiler_stop
     8    262144 |      29.20    1.82      0.29
     8    262145 |      30.02    2.98      0.28
     8    262146 |      29.37    4.41      0.29
USDT:2026-09-18 09:53:17 1:1 ActivityProfilerController.cpp:415] profiler_start
USDT:2026-09-18 09:53:17 1:1 ActivityProfilerController.cpp:455] profiler_stop
USDT:2026-09-18 09:53:17 1:1 ActivityProfilerController.cpp:415] profiler_start
USDT:2026-09-18 09:53:17 1:1 ActivityProfilerController.cpp:455] profiler_stop
USDT:2026-09-18 09:53:17 1:1 ActivityProfilerController.cpp:415] profiler_start
USDT:2026-09-18 09:53:17 1:1 ActivityProfilerController.cpp:455] profiler_stop
USDT:2026-09-18 09:53:17 1:1 ActivityProfilerController.cpp:415] profiler_start
USDT:2026-09-18 09:53:17 1:1 ActivityProfilerController.cpp:455] profiler_stop
USDT:2026-09-18 09:53:17 1:1 ActivityProfilerController.cpp:415] profiler_start
USDT:2026-09-18 09:53:17 1:1 ActivityProfilerController.cpp:455] profiler_stop
USDT:2026-09-18 09:53:17 1:1 ActivityProfilerController.cpp:415] profiler_start
USDT:2026-09-18 09:53:17 1:1 ActivityProfilerController.cpp:455] profiler_stop
USDT:2026-09-18 09:53:17 1:1 ActivityProfilerController.cpp:415] profiler_start
USDT:2026-09-18 09:53:17 1:1 ActivityProfilerController.cpp:455] profiler_stop
USDT:2026-09-18 09:53:17 1:1 ActivityProfilerController.cpp:415] profiler_start
USDT:2026-09-18 09:53:17 1:1 ActivityProfilerController.cpp:455] profiler_stop
USDT:2026-09-18 09:53:17 1:1 ActivityProfilerController.cpp:415] profiler_start
USDT:2026-09-18 09:53:17 1:1 ActivityProfilerController.cpp:455] profiler_stop
USDT:2026-09-18 09:53:17 1:1 ActivityProfilerController.cpp:415] profiler_start
USDT:2026-09-18 09:53:17 1:1 ActivityProfilerController.cpp:455] profiler_stop
USDT:2026-09-18 09:53:17 1:1 ActivityProfilerController.cpp:415] profiler_start
USDT:2026-09-18 09:53:17 1:1 ActivityProfilerController.cpp:455] profiler_stop
USDT:2026-09-18 09:53:17 1:1 ActivityProfilerController.cpp:415] profiler_start
USDT:2026-09-18 09:53:17 1:1 ActivityProfilerController.cpp:455] profiler_stop
     8    524288 |      34.48    0.50      0.49
     8    524289 |      35.01    0.59      0.48
     8    524290 |      35.22    0.95      0.48
USDT:2026-09-18 09:53:17 1:1 ActivityProfilerController.cpp:415] profiler_start
USDT:2026-09-18 09:53:17 1:1 ActivityProfilerController.cpp:455] profiler_stop
USDT:2026-09-18 09:53:17 1:1 ActivityProfilerController.cpp:415] profiler_start
USDT:2026-09-18 09:53:17 1:1 ActivityProfilerController.cpp:455] profiler_stop
USDT:2026-09-18 09:53:18 1:1 ActivityProfilerController.cpp:415] profiler_start
USDT:2026-09-18 09:53:18 1:1 ActivityProfilerController.cpp:455] profiler_stop
USDT:2026-09-18 09:53:18 1:1 ActivityProfilerController.cpp:415] profiler_start
USDT:2026-09-18 09:53:18 1:1 ActivityProfilerController.cpp:455] profiler_stop
USDT:2026-09-18 09:53:18 1:1 ActivityProfilerController.cpp:415] profiler_start
USDT:2026-09-18 09:53:18 1:1 ActivityProfilerController.cpp:455] profiler_stop
USDT:2026-09-18 09:53:18 1:1 ActivityProfilerController.cpp:415] profiler_start
USDT:2026-09-18 09:53:18 1:1 ActivityProfilerController.cpp:455] profiler_stop
USDT:2026-09-18 09:53:18 1:1 ActivityProfilerController.cpp:415] profiler_start
USDT:2026-09-18 09:53:18 1:1 ActivityProfilerController.cpp:455] profiler_stop
USDT:2026-09-18 09:53:18 1:1 ActivityProfilerController.cpp:415] profiler_start
USDT:2026-09-18 09:53:18 1:1 ActivityProfilerController.cpp:455] profiler_stop
USDT:2026-09-18 09:53:18 1:1 ActivityProfilerController.cpp:415] profiler_start
USDT:2026-09-18 09:53:18 1:1 ActivityProfilerController.cpp:455] profiler_stop
USDT:2026-09-18 09:53:18 1:1 ActivityProfilerController.cpp:415] profiler_start
USDT:2026-09-18 09:53:18 1:1 ActivityProfilerController.cpp:455] profiler_stop
USDT:2026-09-18 09:53:18 1:1 ActivityProfilerController.cpp:415] profiler_start
USDT:2026-09-18 09:53:18 1:1 ActivityProfilerController.cpp:455] profiler_stop
USDT:2026-09-18 09:53:18 1:1 ActivityProfilerController.cpp:415] profiler_start
USDT:2026-09-18 09:53:18 1:1 ActivityProfilerController.cpp:455] profiler_stop
     8   1048576 |      39.31    0.29      0.85
     8   1048577 |      39.89    0.70      0.84
     8   1048578 |      39.93    2.21      0.84
USDT:2026-09-18 09:53:18 1:1 ActivityProfilerController.cpp:415] profiler_start
USDT:2026-09-18 09:53:18 1:1 ActivityProfilerController.cpp:455] profiler_stop
USDT:2026-09-18 09:53:18 1:1 ActivityProfilerController.cpp:415] profiler_start
USDT:2026-09-18 09:53:18 1:1 ActivityProfilerController.cpp:455] profiler_stop
USDT:2026-09-18 09:53:18 1:1 ActivityProfilerController.cpp:415] profiler_start
USDT:2026-09-18 09:53:18 1:1 ActivityProfilerController.cpp:455] profiler_stop
USDT:2026-09-18 09:53:18 1:1 ActivityProfilerController.cpp:415] profiler_start
USDT:2026-09-18 09:53:18 1:1 ActivityProfilerController.cpp:455] profiler_stop
USDT:2026-09-18 09:53:19 1:1 ActivityProfilerController.cpp:415] profiler_start
USDT:2026-09-18 09:53:19 1:1 ActivityProfilerController.cpp:455] profiler_stop
USDT:2026-09-18 09:53:19 1:1 ActivityProfilerController.cpp:415] profiler_start
USDT:2026-09-18 09:53:19 1:1 ActivityProfilerController.cpp:455] profiler_stop
USDT:2026-09-18 09:53:19 1:1 ActivityProfilerController.cpp:415] profiler_start
USDT:2026-09-18 09:53:19 1:1 ActivityProfilerController.cpp:455] profiler_stop
USDT:2026-09-18 09:53:19 1:1 ActivityProfilerController.cpp:415] profiler_start
USDT:2026-09-18 09:53:19 1:1 ActivityProfilerController.cpp:455] profiler_stop
USDT:2026-09-18 09:53:19 1:1 ActivityProfilerController.cpp:415] profiler_start
USDT:2026-09-18 09:53:19 1:1 ActivityProfilerController.cpp:455] profiler_stop
USDT:2026-09-18 09:53:19 1:1 ActivityProfilerController.cpp:415] profiler_start
USDT:2026-09-18 09:53:19 1:1 ActivityProfilerController.cpp:455] profiler_stop
USDT:2026-09-18 09:53:19 1:1 ActivityProfilerController.cpp:415] profiler_start
USDT:2026-09-18 09:53:19 1:1 ActivityProfilerController.cpp:455] profiler_stop
USDT:2026-09-18 09:53:19 1:1 ActivityProfilerController.cpp:415] profiler_start
USDT:2026-09-18 09:53:19 1:1 ActivityProfilerController.cpp:455] profiler_stop
    16      2048 |       2.74    1.25      0.05
    16      2049 |       9.08    0.46      0.01
    16      2050 |       9.09    0.29      0.01
USDT:2026-09-18 09:53:19 1:1 ActivityProfilerController.cpp:415] profiler_start
USDT:2026-09-18 09:53:19 1:1 ActivityProfilerController.cpp:455] profiler_stop
USDT:2026-09-18 09:53:19 1:1 ActivityProfilerController.cpp:415] profiler_start
USDT:2026-09-18 09:53:19 1:1 ActivityProfilerController.cpp:455] profiler_stop
USDT:2026-09-18 09:53:19 1:1 ActivityProfilerController.cpp:415] profiler_start
USDT:2026-09-18 09:53:19 1:1 ActivityProfilerController.cpp:455] profiler_stop
USDT:2026-09-18 09:53:19 1:1 ActivityProfilerController.cpp:415] profiler_start
USDT:2026-09-18 09:53:19 1:1 ActivityProfilerController.cpp:455] profiler_stop
USDT:2026-09-18 09:53:19 1:1 ActivityProfilerController.cpp:415] profiler_start
USDT:2026-09-18 09:53:19 1:1 ActivityProfilerController.cpp:455] profiler_stop
USDT:2026-09-18 09:53:19 1:1 ActivityProfilerController.cpp:415] profiler_start
USDT:2026-09-18 09:53:19 1:1 ActivityProfilerController.cpp:455] profiler_stop
USDT:2026-09-18 09:53:19 1:1 ActivityProfilerController.cpp:415] profiler_start
USDT:2026-09-18 09:53:19 1:1 ActivityProfilerController.cpp:455] profiler_stop
USDT:2026-09-18 09:53:19 1:1 ActivityProfilerController.cpp:415] profiler_start
USDT:2026-09-18 09:53:19 1:1 ActivityProfilerController.cpp:455] profiler_stop
USDT:2026-09-18 09:53:20 1:1 ActivityProfilerController.cpp:415] profiler_start
USDT:2026-09-18 09:53:20 1:1 ActivityProfilerController.cpp:455] profiler_stop
USDT:2026-09-18 09:53:20 1:1 ActivityProfilerController.cpp:415] profiler_start
USDT:2026-09-18 09:53:20 1:1 ActivityProfilerController.cpp:455] profiler_stop
USDT:2026-09-18 09:53:20 1:1 ActivityProfilerController.cpp:415] profiler_start
USDT:2026-09-18 09:53:20 1:1 ActivityProfilerController.cpp:455] profiler_stop
USDT:2026-09-18 09:53:20 1:1 ActivityProfilerController.cpp:415] profiler_start
USDT:2026-09-18 09:53:20 1:1 ActivityProfilerController.cpp:455] profiler_stop
    16      4096 |      10.32    0.40      0.03
    16      4097 |      10.55    0.35      0.02
    16      4098 |      10.60    0.19      0.02
USDT:2026-09-18 09:53:20 1:1 ActivityProfilerController.cpp:415] profiler_start
USDT:2026-09-18 09:53:20 1:1 ActivityProfilerController.cpp:455] profiler_stop
USDT:2026-09-18 09:53:20 1:1 ActivityProfilerController.cpp:415] profiler_start
USDT:2026-09-18 09:53:20 1:1 ActivityProfilerController.cpp:455] profiler_stop
USDT:2026-09-18 09:53:20 1:1 ActivityProfilerController.cpp:415] profiler_start
USDT:2026-09-18 09:53:20 1:1 ActivityProfilerController.cpp:455] profiler_stop
USDT:2026-09-18 09:53:20 1:1 ActivityProfilerController.cpp:415] profiler_start
USDT:2026-09-18 09:53:20 1:1 ActivityProfilerController.cpp:455] profiler_stop
USDT:2026-09-18 09:53:20 1:1 ActivityProfilerController.cpp:415] profiler_start
USDT:2026-09-18 09:53:20 1:1 ActivityProfilerController.cpp:455] profiler_stop
USDT:2026-09-18 09:53:20 1:1 ActivityProfilerController.cpp:415] profiler_start
USDT:2026-09-18 09:53:20 1:1 ActivityProfilerController.cpp:455] profiler_stop
USDT:2026-09-18 09:53:20 1:1 ActivityProfilerController.cpp:415] profiler_start
USDT:2026-09-18 09:53:20 1:1 ActivityProfilerController.cpp:455] profiler_stop
USDT:2026-09-18 09:53:20 1:1 ActivityProfilerController.cpp:415] profiler_start
USDT:2026-09-18 09:53:20 1:1 ActivityProfilerController.cpp:455] profiler_stop
USDT:2026-09-18 09:53:20 1:1 ActivityProfilerController.cpp:415] profiler_start
USDT:2026-09-18 09:53:20 1:1 ActivityProfilerController.cpp:455] profiler_stop
USDT:2026-09-18 09:53:20 1:1 ActivityProfilerController.cpp:415] profiler_start
USDT:2026-09-18 09:53:20 1:1 ActivityProfilerController.cpp:455] profiler_stop
USDT:2026-09-18 09:53:20 1:1 ActivityProfilerController.cpp:415] profiler_start
USDT:2026-09-18 09:53:20 1:1 ActivityProfilerController.cpp:455] profiler_stop
USDT:2026-09-18 09:53:20 1:1 ActivityProfilerController.cpp:415] profiler_start
USDT:2026-09-18 09:53:20 1:1 ActivityProfilerController.cpp:455] profiler_stop
    16      8192 |      13.71    0.35      0.04
    16      8193 |      13.95    0.34      0.04
    16      8194 |      13.97    0.31      0.04
USDT:2026-09-18 09:53:20 1:1 ActivityProfilerController.cpp:415] profiler_start
USDT:2026-09-18 09:53:20 1:1 ActivityProfilerController.cpp:455] profiler_stop
USDT:2026-09-18 09:53:20 1:1 ActivityProfilerController.cpp:415] profiler_start
USDT:2026-09-18 09:53:20 1:1 ActivityProfilerController.cpp:455] profiler_stop
USDT:2026-09-18 09:53:20 1:1 ActivityProfilerController.cpp:415] profiler_start
USDT:2026-09-18 09:53:20 1:1 ActivityProfilerController.cpp:455] profiler_stop
USDT:2026-09-18 09:53:20 1:1 ActivityProfilerController.cpp:415] profiler_start
USDT:2026-09-18 09:53:20 1:1 ActivityProfilerController.cpp:455] profiler_stop
USDT:2026-09-18 09:53:20 1:1 ActivityProfilerController.cpp:415] profiler_start
USDT:2026-09-18 09:53:20 1:1 ActivityProfilerController.cpp:455] profiler_stop
USDT:2026-09-18 09:53:21 1:1 ActivityProfilerController.cpp:415] profiler_start
USDT:2026-09-18 09:53:21 1:1 ActivityProfilerController.cpp:455] profiler_stop
USDT:2026-09-18 09:53:21 1:1 ActivityProfilerController.cpp:415] profiler_start
USDT:2026-09-18 09:53:21 1:1 ActivityProfilerController.cpp:455] profiler_stop
USDT:2026-09-18 09:53:21 1:1 ActivityProfilerController.cpp:415] profiler_start
USDT:2026-09-18 09:53:21 1:1 ActivityProfilerController.cpp:455] profiler_stop
USDT:2026-09-18 09:53:21 1:1 ActivityProfilerController.cpp:415] profiler_start
USDT:2026-09-18 09:53:21 1:1 ActivityProfilerController.cpp:455] profiler_stop
USDT:2026-09-18 09:53:21 1:1 ActivityProfilerController.cpp:415] profiler_start
USDT:2026-09-18 09:53:21 1:1 ActivityProfilerController.cpp:455] profiler_stop
USDT:2026-09-18 09:53:21 1:1 ActivityProfilerController.cpp:415] profiler_start
USDT:2026-09-18 09:53:21 1:1 ActivityProfilerController.cpp:455] profiler_stop
USDT:2026-09-18 09:53:21 1:1 ActivityProfilerController.cpp:415] profiler_start
USDT:2026-09-18 09:53:21 1:1 ActivityProfilerController.cpp:455] profiler_stop
    16     16384 |      20.52    0.36      0.05
    16     16385 |      23.37   11.08      0.04
    16     16386 |      22.90   12.66      0.05
USDT:2026-09-18 09:53:21 1:1 ActivityProfilerController.cpp:415] profiler_start
USDT:2026-09-18 09:53:21 1:1 ActivityProfilerController.cpp:455] profiler_stop
USDT:2026-09-18 09:53:21 1:1 ActivityProfilerController.cpp:415] profiler_start
USDT:2026-09-18 09:53:21 1:1 ActivityProfilerController.cpp:455] profiler_stop
USDT:2026-09-18 09:53:21 1:1 ActivityProfilerController.cpp:415] profiler_start
USDT:2026-09-18 09:53:21 1:1 ActivityProfilerController.cpp:455] profiler_stop
USDT:2026-09-18 09:53:21 1:1 ActivityProfilerController.cpp:415] profiler_start
USDT:2026-09-18 09:53:21 1:1 ActivityProfilerController.cpp:455] profiler_stop
USDT:2026-09-18 09:53:21 1:1 ActivityProfilerController.cpp:415] profiler_start
USDT:2026-09-18 09:53:21 1:1 ActivityProfilerController.cpp:455] profiler_stop
USDT:2026-09-18 09:53:22 1:1 ActivityProfilerController.cpp:415] profiler_start
USDT:2026-09-18 09:53:22 1:1 ActivityProfilerController.cpp:455] profiler_stop
USDT:2026-09-18 09:53:22 1:1 ActivityProfilerController.cpp:415] profiler_start
USDT:2026-09-18 09:53:22 1:1 ActivityProfilerController.cpp:455] profiler_stop
USDT:2026-09-18 09:53:22 1:1 ActivityProfilerController.cpp:415] profiler_start
USDT:2026-09-18 09:53:22 1:1 ActivityProfilerController.cpp:455] profiler_stop
USDT:2026-09-18 09:53:22 1:1 ActivityProfilerController.cpp:415] profiler_start
USDT:2026-09-18 09:53:22 1:1 ActivityProfilerController.cpp:455] profiler_stop
USDT:2026-09-18 09:53:22 1:1 ActivityProfilerController.cpp:415] profiler_start
USDT:2026-09-18 09:53:22 1:1 ActivityProfilerController.cpp:455] profiler_stop
USDT:2026-09-18 09:53:22 1:1 ActivityProfilerController.cpp:415] profiler_start
USDT:2026-09-18 09:53:22 1:1 ActivityProfilerController.cpp:455] profiler_stop
USDT:2026-09-18 09:53:22 1:1 ActivityProfilerController.cpp:415] profiler_start
USDT:2026-09-18 09:53:22 1:1 ActivityProfilerController.cpp:455] profiler_stop
    16     32768 |      25.34    2.47      0.08
    16     32769 |      25.11    4.60      0.08
    16     32770 |      25.49    1.37      0.08
USDT:2026-09-18 09:53:22 1:1 ActivityProfilerController.cpp:415] profiler_start
USDT:2026-09-18 09:53:22 1:1 ActivityProfilerController.cpp:455] profiler_stop
USDT:2026-09-18 09:53:22 1:1 ActivityProfilerController.cpp:415] profiler_start
USDT:2026-09-18 09:53:22 1:1 ActivityProfilerController.cpp:455] profiler_stop
USDT:2026-09-18 09:53:22 1:1 ActivityProfilerController.cpp:415] profiler_start
USDT:2026-09-18 09:53:22 1:1 ActivityProfilerController.cpp:455] profiler_stop
USDT:2026-09-18 09:53:22 1:1 ActivityProfilerController.cpp:415] profiler_start
USDT:2026-09-18 09:53:22 1:1 ActivityProfilerController.cpp:455] profiler_stop
USDT:2026-09-18 09:53:22 1:1 ActivityProfilerController.cpp:415] profiler_start
USDT:2026-09-18 09:53:22 1:1 ActivityProfilerController.cpp:455] profiler_stop
USDT:2026-09-18 09:53:23 1:1 ActivityProfilerController.cpp:415] profiler_start
USDT:2026-09-18 09:53:23 1:1 ActivityProfilerController.cpp:455] profiler_stop
USDT:2026-09-18 09:53:23 1:1 ActivityProfilerController.cpp:415] profiler_start
USDT:2026-09-18 09:53:23 1:1 ActivityProfilerController.cpp:455] profiler_stop
USDT:2026-09-18 09:53:23 1:1 ActivityProfilerController.cpp:415] profiler_start
USDT:2026-09-18 09:53:23 1:1 ActivityProfilerController.cpp:455] profiler_stop
USDT:2026-09-18 09:53:23 1:1 ActivityProfilerController.cpp:415] profiler_start
USDT:2026-09-18 09:53:23 1:1 ActivityProfilerController.cpp:455] profiler_stop
USDT:2026-09-18 09:53:23 1:1 ActivityProfilerController.cpp:415] profiler_start
USDT:2026-09-18 09:53:23 1:1 ActivityProfilerController.cpp:455] profiler_stop
USDT:2026-09-18 09:53:23 1:1 ActivityProfilerController.cpp:415] profiler_start
USDT:2026-09-18 09:53:23 1:1 ActivityProfilerController.cpp:455] profiler_stop
USDT:2026-09-18 09:53:23 1:1 ActivityProfilerController.cpp:415] profiler_start
USDT:2026-09-18 09:53:23 1:1 ActivityProfilerController.cpp:455] profiler_stop
    16     65536 |      27.55    1.09      0.15
    16     65537 |      27.76    0.35      0.15
    16     65538 |      27.88    2.11      0.15
USDT:2026-09-18 09:53:23 1:1 ActivityProfilerController.cpp:415] profiler_start
USDT:2026-09-18 09:53:23 1:1 ActivityProfilerController.cpp:455] profiler_stop
USDT:2026-09-18 09:53:23 1:1 ActivityProfilerController.cpp:415] profiler_start
USDT:2026-09-18 09:53:23 1:1 ActivityProfilerController.cpp:455] profiler_stop
USDT:2026-09-18 09:53:23 1:1 ActivityProfilerController.cpp:415] profiler_start
USDT:2026-09-18 09:53:23 1:1 ActivityProfilerController.cpp:455] profiler_stop
USDT:2026-09-18 09:53:23 1:1 ActivityProfilerController.cpp:415] profiler_start
USDT:2026-09-18 09:53:23 1:1 ActivityProfilerController.cpp:455] profiler_stop
USDT:2026-09-18 09:53:23 1:1 ActivityProfilerController.cpp:415] profiler_start
USDT:2026-09-18 09:53:23 1:1 ActivityProfilerController.cpp:455] profiler_stop
USDT:2026-09-18 09:53:23 1:1 ActivityProfilerController.cpp:415] profiler_start
USDT:2026-09-18 09:53:23 1:1 ActivityProfilerController.cpp:455] profiler_stop
USDT:2026-09-18 09:53:24 1:1 ActivityProfilerController.cpp:415] profiler_start
USDT:2026-09-18 09:53:24 1:1 ActivityProfilerController.cpp:455] profiler_stop
USDT:2026-09-18 09:53:24 1:1 ActivityProfilerController.cpp:415] profiler_start
USDT:2026-09-18 09:53:24 1:1 ActivityProfilerController.cpp:455] profiler_stop
USDT:2026-09-18 09:53:24 1:1 ActivityProfilerController.cpp:415] profiler_start
USDT:2026-09-18 09:53:24 1:1 ActivityProfilerController.cpp:455] profiler_stop
USDT:2026-09-18 09:53:24 1:1 ActivityProfilerController.cpp:415] profiler_start
USDT:2026-09-18 09:53:24 1:1 ActivityProfilerController.cpp:455] profiler_stop
USDT:2026-09-18 09:53:24 1:1 ActivityProfilerController.cpp:415] profiler_start
USDT:2026-09-18 09:53:24 1:1 ActivityProfilerController.cpp:455] profiler_stop
USDT:2026-09-18 09:53:24 1:1 ActivityProfilerController.cpp:415] profiler_start
USDT:2026-09-18 09:53:24 1:1 ActivityProfilerController.cpp:455] profiler_stop
data missed, the time may be inaccurate!
    16    131072 |      29.20  103.00      0.29
    16    131073 |      30.62    1.43      0.27
    16    131074 |      30.21    0.80      0.28
USDT:2026-09-18 09:53:24 1:1 ActivityProfilerController.cpp:415] profiler_start
USDT:2026-09-18 09:53:24 1:1 ActivityProfilerController.cpp:455] profiler_stop
USDT:2026-09-18 09:53:24 1:1 ActivityProfilerController.cpp:415] profiler_start
USDT:2026-09-18 09:53:24 1:1 ActivityProfilerController.cpp:455] profiler_stop
USDT:2026-09-18 09:53:24 1:1 ActivityProfilerController.cpp:415] profiler_start
USDT:2026-09-18 09:53:24 1:1 ActivityProfilerController.cpp:455] profiler_stop
USDT:2026-09-18 09:53:24 1:1 ActivityProfilerController.cpp:415] profiler_start
USDT:2026-09-18 09:53:24 1:1 ActivityProfilerController.cpp:455] profiler_stop
USDT:2026-09-18 09:53:24 1:1 ActivityProfilerController.cpp:415] profiler_start
USDT:2026-09-18 09:53:24 1:1 ActivityProfilerController.cpp:455] profiler_stop
USDT:2026-09-18 09:53:24 1:1 ActivityProfilerController.cpp:415] profiler_start
USDT:2026-09-18 09:53:24 1:1 ActivityProfilerController.cpp:455] profiler_stop
USDT:2026-09-18 09:53:24 1:1 ActivityProfilerController.cpp:415] profiler_start
USDT:2026-09-18 09:53:24 1:1 ActivityProfilerController.cpp:455] profiler_stop
USDT:2026-09-18 09:53:24 1:1 ActivityProfilerController.cpp:415] profiler_start
USDT:2026-09-18 09:53:24 1:1 ActivityProfilerController.cpp:455] profiler_stop
USDT:2026-09-18 09:53:24 1:1 ActivityProfilerController.cpp:415] profiler_start
USDT:2026-09-18 09:53:24 1:1 ActivityProfilerController.cpp:455] profiler_stop
USDT:2026-09-18 09:53:24 1:1 ActivityProfilerController.cpp:415] profiler_start
USDT:2026-09-18 09:53:24 1:1 ActivityProfilerController.cpp:455] profiler_stop
USDT:2026-09-18 09:53:25 1:1 ActivityProfilerController.cpp:415] profiler_start
USDT:2026-09-18 09:53:25 1:1 ActivityProfilerController.cpp:455] profiler_stop
USDT:2026-09-18 09:53:25 1:1 ActivityProfilerController.cpp:415] profiler_start
USDT:2026-09-18 09:53:25 1:1 ActivityProfilerController.cpp:455] profiler_stop
    16    262144 |      32.83    0.19      0.51
    16    262145 |      33.21    0.30      0.51
    16    262146 |      32.86    2.55      0.51
USDT:2026-09-18 09:53:25 1:1 ActivityProfilerController.cpp:415] profiler_start
USDT:2026-09-18 09:53:25 1:1 ActivityProfilerController.cpp:455] profiler_stop
USDT:2026-09-18 09:53:25 1:1 ActivityProfilerController.cpp:415] profiler_start
USDT:2026-09-18 09:53:25 1:1 ActivityProfilerController.cpp:455] profiler_stop
USDT:2026-09-18 09:53:25 1:1 ActivityProfilerController.cpp:415] profiler_start
USDT:2026-09-18 09:53:25 1:1 ActivityProfilerController.cpp:455] profiler_stop
USDT:2026-09-18 09:53:25 1:1 ActivityProfilerController.cpp:415] profiler_start
USDT:2026-09-18 09:53:25 1:1 ActivityProfilerController.cpp:455] profiler_stop
USDT:2026-09-18 09:53:25 1:1 ActivityProfilerController.cpp:415] profiler_start
USDT:2026-09-18 09:53:25 1:1 ActivityProfilerController.cpp:455] profiler_stop
USDT:2026-09-18 09:53:25 1:1 ActivityProfilerController.cpp:415] profiler_start
USDT:2026-09-18 09:53:25 1:1 ActivityProfilerController.cpp:455] profiler_stop
USDT:2026-09-18 09:53:25 1:1 ActivityProfilerController.cpp:415] profiler_start
USDT:2026-09-18 09:53:25 1:1 ActivityProfilerController.cpp:455] profiler_stop
USDT:2026-09-18 09:53:25 1:1 ActivityProfilerController.cpp:415] profiler_start
USDT:2026-09-18 09:53:25 1:1 ActivityProfilerController.cpp:455] profiler_stop
USDT:2026-09-18 09:53:25 1:1 ActivityProfilerController.cpp:415] profiler_start
USDT:2026-09-18 09:53:25 1:1 ActivityProfilerController.cpp:455] profiler_stop
USDT:2026-09-18 09:53:26 1:1 ActivityProfilerController.cpp:415] profiler_start
USDT:2026-09-18 09:53:26 1:1 ActivityProfilerController.cpp:455] profiler_stop
USDT:2026-09-18 09:53:26 1:1 ActivityProfilerController.cpp:415] profiler_start
USDT:2026-09-18 09:53:26 1:1 ActivityProfilerController.cpp:455] profiler_stop
USDT:2026-09-18 09:53:26 1:1 ActivityProfilerController.cpp:415] profiler_start
USDT:2026-09-18 09:53:26 1:1 ActivityProfilerController.cpp:455] profiler_stop
    16    524288 |      37.86    1.02      0.89
    16    524289 |      38.39    0.26      0.87
    16    524290 |      38.79    0.75      0.87
USDT:2026-09-18 09:53:26 1:1 ActivityProfilerController.cpp:415] profiler_start
USDT:2026-09-18 09:53:26 1:1 ActivityProfilerController.cpp:455] profiler_stop
USDT:2026-09-18 09:53:26 1:1 ActivityProfilerController.cpp:415] profiler_start
USDT:2026-09-18 09:53:26 1:1 ActivityProfilerController.cpp:455] profiler_stop
USDT:2026-09-18 09:53:26 1:1 ActivityProfilerController.cpp:415] profiler_start
USDT:2026-09-18 09:53:26 1:1 ActivityProfilerController.cpp:455] profiler_stop
USDT:2026-09-18 09:53:26 1:1 ActivityProfilerController.cpp:415] profiler_start
USDT:2026-09-18 09:53:26 1:1 ActivityProfilerController.cpp:455] profiler_stop
USDT:2026-09-18 09:53:26 1:1 ActivityProfilerController.cpp:415] profiler_start
USDT:2026-09-18 09:53:26 1:1 ActivityProfilerController.cpp:455] profiler_stop
USDT:2026-09-18 09:53:26 1:1 ActivityProfilerController.cpp:415] profiler_start
USDT:2026-09-18 09:53:26 1:1 ActivityProfilerController.cpp:455] profiler_stop
USDT:2026-09-18 09:53:26 1:1 ActivityProfilerController.cpp:415] profiler_start
USDT:2026-09-18 09:53:26 1:1 ActivityProfilerController.cpp:455] profiler_stop
USDT:2026-09-18 09:53:26 1:1 ActivityProfilerController.cpp:415] profiler_start
USDT:2026-09-18 09:53:26 1:1 ActivityProfilerController.cpp:455] profiler_stop
USDT:2026-09-18 09:53:26 1:1 ActivityProfilerController.cpp:415] profiler_start
USDT:2026-09-18 09:53:26 1:1 ActivityProfilerController.cpp:455] profiler_stop
USDT:2026-09-18 09:53:27 1:1 ActivityProfilerController.cpp:415] profiler_start
USDT:2026-09-18 09:53:27 1:1 ActivityProfilerController.cpp:455] profiler_stop
USDT:2026-09-18 09:53:27 1:1 ActivityProfilerController.cpp:415] profiler_start
USDT:2026-09-18 09:53:27 1:1 ActivityProfilerController.cpp:455] profiler_stop
USDT:2026-09-18 09:53:27 1:1 ActivityProfilerController.cpp:415] profiler_start
USDT:2026-09-18 09:53:27 1:1 ActivityProfilerController.cpp:455] profiler_stop
    16   1048576 |      47.56    1.03      1.41
    16   1048577 |      47.75    1.33      1.41
    16   1048578 |      47.61    0.89      1.41
USDT:2026-09-18 09:53:27 1:1 ActivityProfilerController.cpp:415] profiler_start
USDT:2026-09-18 09:53:27 1:1 ActivityProfilerController.cpp:455] profiler_stop
USDT:2026-09-18 09:53:27 1:1 ActivityProfilerController.cpp:415] profiler_start
USDT:2026-09-18 09:53:27 1:1 ActivityProfilerController.cpp:455] profiler_stop
USDT:2026-09-18 09:53:27 1:1 ActivityProfilerController.cpp:415] profiler_start
USDT:2026-09-18 09:53:27 1:1 ActivityProfilerController.cpp:455] profiler_stop
USDT:2026-09-18 09:53:27 1:1 ActivityProfilerController.cpp:415] profiler_start
USDT:2026-09-18 09:53:27 1:1 ActivityProfilerController.cpp:455] profiler_stop
USDT:2026-09-18 09:53:27 1:1 ActivityProfilerController.cpp:415] profiler_start
USDT:2026-09-18 09:53:27 1:1 ActivityProfilerController.cpp:455] profiler_stop
USDT:2026-09-18 09:53:27 1:1 ActivityProfilerController.cpp:415] profiler_start
USDT:2026-09-18 09:53:27 1:1 ActivityProfilerController.cpp:455] profiler_stop
USDT:2026-09-18 09:53:27 1:1 ActivityProfilerController.cpp:415] profiler_start
USDT:2026-09-18 09:53:27 1:1 ActivityProfilerController.cpp:455] profiler_stop
USDT:2026-09-18 09:53:27 1:1 ActivityProfilerController.cpp:415] profiler_start
USDT:2026-09-18 09:53:27 1:1 ActivityProfilerController.cpp:455] profiler_stop
USDT:2026-09-18 09:53:27 1:1 ActivityProfilerController.cpp:415] profiler_start
USDT:2026-09-18 09:53:27 1:1 ActivityProfilerController.cpp:455] profiler_stop
USDT:2026-09-18 09:53:27 1:1 ActivityProfilerController.cpp:415] profiler_start
USDT:2026-09-18 09:53:27 1:1 ActivityProfilerController.cpp:455] profiler_stop
USDT:2026-09-18 09:53:27 1:1 ActivityProfilerController.cpp:415] profiler_start
USDT:2026-09-18 09:53:27 1:1 ActivityProfilerController.cpp:455] profiler_stop
USDT:2026-09-18 09:53:27 1:1 ActivityProfilerController.cpp:415] profiler_start
USDT:2026-09-18 09:53:27 1:1 ActivityProfilerController.cpp:455] profiler_stop
    32      2048 |       2.73    1.74      0.10
    32      2049 |       9.10    0.30      0.03
    32      2050 |       9.12    0.49      0.03
USDT:2026-09-18 09:53:27 1:1 ActivityProfilerController.cpp:415] profiler_start
USDT:2026-09-18 09:53:27 1:1 ActivityProfilerController.cpp:455] profiler_stop
USDT:2026-09-18 09:53:27 1:1 ActivityProfilerController.cpp:415] profiler_start
USDT:2026-09-18 09:53:27 1:1 ActivityProfilerController.cpp:455] profiler_stop
USDT:2026-09-18 09:53:27 1:1 ActivityProfilerController.cpp:415] profiler_start
USDT:2026-09-18 09:53:27 1:1 ActivityProfilerController.cpp:455] profiler_stop
USDT:2026-09-18 09:53:27 1:1 ActivityProfilerController.cpp:415] profiler_start
USDT:2026-09-18 09:53:27 1:1 ActivityProfilerController.cpp:455] profiler_stop
USDT:2026-09-18 09:53:27 1:1 ActivityProfilerController.cpp:415] profiler_start
USDT:2026-09-18 09:53:27 1:1 ActivityProfilerController.cpp:455] profiler_stop
USDT:2026-09-18 09:53:27 1:1 ActivityProfilerController.cpp:415] profiler_start
USDT:2026-09-18 09:53:27 1:1 ActivityProfilerController.cpp:455] profiler_stop
USDT:2026-09-18 09:53:28 1:1 ActivityProfilerController.cpp:415] profiler_start
USDT:2026-09-18 09:53:28 1:1 ActivityProfilerController.cpp:455] profiler_stop
USDT:2026-09-18 09:53:28 1:1 ActivityProfilerController.cpp:415] profiler_start
USDT:2026-09-18 09:53:28 1:1 ActivityProfilerController.cpp:455] profiler_stop
USDT:2026-09-18 09:53:28 1:1 ActivityProfilerController.cpp:415] profiler_start
USDT:2026-09-18 09:53:28 1:1 ActivityProfilerController.cpp:455] profiler_stop
USDT:2026-09-18 09:53:28 1:1 ActivityProfilerController.cpp:415] profiler_start
USDT:2026-09-18 09:53:28 1:1 ActivityProfilerController.cpp:455] profiler_stop
USDT:2026-09-18 09:53:28 1:1 ActivityProfilerController.cpp:415] profiler_start
USDT:2026-09-18 09:53:28 1:1 ActivityProfilerController.cpp:455] profiler_stop
USDT:2026-09-18 09:53:28 1:1 ActivityProfilerController.cpp:415] profiler_start
USDT:2026-09-18 09:53:28 1:1 ActivityProfilerController.cpp:455] profiler_stop
    32      4096 |      10.40    0.34      0.05
    32      4097 |      10.62    0.27      0.05
    32      4098 |      10.62    0.54      0.05
USDT:2026-09-18 09:53:28 1:1 ActivityProfilerController.cpp:415] profiler_start
USDT:2026-09-18 09:53:28 1:1 ActivityProfilerController.cpp:455] profiler_stop
USDT:2026-09-18 09:53:28 1:1 ActivityProfilerController.cpp:415] profiler_start
USDT:2026-09-18 09:53:28 1:1 ActivityProfilerController.cpp:455] profiler_stop
USDT:2026-09-18 09:53:28 1:1 ActivityProfilerController.cpp:415] profiler_start
USDT:2026-09-18 09:53:28 1:1 ActivityProfilerController.cpp:455] profiler_stop
USDT:2026-09-18 09:53:28 1:1 ActivityProfilerController.cpp:415] profiler_start
USDT:2026-09-18 09:53:28 1:1 ActivityProfilerController.cpp:455] profiler_stop
USDT:2026-09-18 09:53:28 1:1 ActivityProfilerController.cpp:415] profiler_start
USDT:2026-09-18 09:53:28 1:1 ActivityProfilerController.cpp:455] profiler_stop
USDT:2026-09-18 09:53:28 1:1 ActivityProfilerController.cpp:415] profiler_start
USDT:2026-09-18 09:53:28 1:1 ActivityProfilerController.cpp:455] profiler_stop
USDT:2026-09-18 09:53:28 1:1 ActivityProfilerController.cpp:415] profiler_start
USDT:2026-09-18 09:53:28 1:1 ActivityProfilerController.cpp:455] profiler_stop
USDT:2026-09-18 09:53:28 1:1 ActivityProfilerController.cpp:415] profiler_start
USDT:2026-09-18 09:53:28 1:1 ActivityProfilerController.cpp:455] profiler_stop
USDT:2026-09-18 09:53:28 1:1 ActivityProfilerController.cpp:415] profiler_start
USDT:2026-09-18 09:53:28 1:1 ActivityProfilerController.cpp:455] profiler_stop
USDT:2026-09-18 09:53:28 1:1 ActivityProfilerController.cpp:415] profiler_start
USDT:2026-09-18 09:53:29 1:1 ActivityProfilerController.cpp:455] profiler_stop
USDT:2026-09-18 09:53:29 1:1 ActivityProfilerController.cpp:415] profiler_start
USDT:2026-09-18 09:53:29 1:1 ActivityProfilerController.cpp:455] profiler_stop
USDT:2026-09-18 09:53:29 1:1 ActivityProfilerController.cpp:415] profiler_start
USDT:2026-09-18 09:53:29 1:1 ActivityProfilerController.cpp:455] profiler_stop
    32      8192 |      13.92    0.47      0.08
    32      8193 |      14.06    0.07      0.07
    32      8194 |      14.06    0.18      0.07
USDT:2026-09-18 09:53:29 1:1 ActivityProfilerController.cpp:415] profiler_start
USDT:2026-09-18 09:53:29 1:1 ActivityProfilerController.cpp:455] profiler_stop
USDT:2026-09-18 09:53:29 1:1 ActivityProfilerController.cpp:415] profiler_start
USDT:2026-09-18 09:53:29 1:1 ActivityProfilerController.cpp:455] profiler_stop
USDT:2026-09-18 09:53:29 1:1 ActivityProfilerController.cpp:415] profiler_start
USDT:2026-09-18 09:53:29 1:1 ActivityProfilerController.cpp:455] profiler_stop
USDT:2026-09-18 09:53:29 1:1 ActivityProfilerController.cpp:415] profiler_start
USDT:2026-09-18 09:53:29 1:1 ActivityProfilerController.cpp:455] profiler_stop
USDT:2026-09-18 09:53:29 1:1 ActivityProfilerController.cpp:415] profiler_start
USDT:2026-09-18 09:53:29 1:1 ActivityProfilerController.cpp:455] profiler_stop
USDT:2026-09-18 09:53:29 1:1 ActivityProfilerController.cpp:415] profiler_start
USDT:2026-09-18 09:53:29 1:1 ActivityProfilerController.cpp:455] profiler_stop
USDT:2026-09-18 09:53:29 1:1 ActivityProfilerController.cpp:415] profiler_start
USDT:2026-09-18 09:53:29 1:1 ActivityProfilerController.cpp:455] profiler_stop
USDT:2026-09-18 09:53:29 1:1 ActivityProfilerController.cpp:415] profiler_start
USDT:2026-09-18 09:53:29 1:1 ActivityProfilerController.cpp:455] profiler_stop
USDT:2026-09-18 09:53:29 1:1 ActivityProfilerController.cpp:415] profiler_start
USDT:2026-09-18 09:53:29 1:1 ActivityProfilerController.cpp:455] profiler_stop
USDT:2026-09-18 09:53:29 1:1 ActivityProfilerController.cpp:415] profiler_start
USDT:2026-09-18 09:53:29 1:1 ActivityProfilerController.cpp:455] profiler_stop
USDT:2026-09-18 09:53:29 1:1 ActivityProfilerController.cpp:415] profiler_start
USDT:2026-09-18 09:53:29 1:1 ActivityProfilerController.cpp:455] profiler_stop
USDT:2026-09-18 09:53:30 1:1 ActivityProfilerController.cpp:415] profiler_start
USDT:2026-09-18 09:53:30 1:1 ActivityProfilerController.cpp:455] profiler_stop
    32     16384 |      20.48    0.26      0.10
    32     16385 |      25.62    6.73      0.08
    32     16386 |      25.64    7.15      0.08
USDT:2026-09-18 09:53:30 1:1 ActivityProfilerController.cpp:415] profiler_start
USDT:2026-09-18 09:53:30 1:1 ActivityProfilerController.cpp:455] profiler_stop
USDT:2026-09-18 09:53:30 1:1 ActivityProfilerController.cpp:415] profiler_start
USDT:2026-09-18 09:53:30 1:1 ActivityProfilerController.cpp:455] profiler_stop
USDT:2026-09-18 09:53:30 1:1 ActivityProfilerController.cpp:415] profiler_start
USDT:2026-09-18 09:53:30 1:1 ActivityProfilerController.cpp:455] profiler_stop
USDT:2026-09-18 09:53:30 1:1 ActivityProfilerController.cpp:415] profiler_start
USDT:2026-09-18 09:53:30 1:1 ActivityProfilerController.cpp:455] profiler_stop
USDT:2026-09-18 09:53:30 1:1 ActivityProfilerController.cpp:415] profiler_start
USDT:2026-09-18 09:53:30 1:1 ActivityProfilerController.cpp:455] profiler_stop
USDT:2026-09-18 09:53:30 1:1 ActivityProfilerController.cpp:415] profiler_start
USDT:2026-09-18 09:53:30 1:1 ActivityProfilerController.cpp:455] profiler_stop
USDT:2026-09-18 09:53:30 1:1 ActivityProfilerController.cpp:415] profiler_start
USDT:2026-09-18 09:53:30 1:1 ActivityProfilerController.cpp:455] profiler_stop
USDT:2026-09-18 09:53:30 1:1 ActivityProfilerController.cpp:415] profiler_start
USDT:2026-09-18 09:53:30 1:1 ActivityProfilerController.cpp:455] profiler_stop
USDT:2026-09-18 09:53:30 1:1 ActivityProfilerController.cpp:415] profiler_start
USDT:2026-09-18 09:53:30 1:1 ActivityProfilerController.cpp:455] profiler_stop
USDT:2026-09-18 09:53:30 1:1 ActivityProfilerController.cpp:415] profiler_start
USDT:2026-09-18 09:53:30 1:1 ActivityProfilerController.cpp:455] profiler_stop
USDT:2026-09-18 09:53:30 1:1 ActivityProfilerController.cpp:415] profiler_start
USDT:2026-09-18 09:53:30 1:1 ActivityProfilerController.cpp:455] profiler_stop
USDT:2026-09-18 09:53:30 1:1 ActivityProfilerController.cpp:415] profiler_start
USDT:2026-09-18 09:53:30 1:1 ActivityProfilerController.cpp:455] profiler_stop
    32     32768 |      25.78    5.73      0.16
    32     32769 |      26.58    3.17      0.16
    32     32770 |      26.74    3.34      0.16
USDT:2026-09-18 09:53:30 1:1 ActivityProfilerController.cpp:415] profiler_start
USDT:2026-09-18 09:53:30 1:1 ActivityProfilerController.cpp:455] profiler_stop
USDT:2026-09-18 09:53:30 1:1 ActivityProfilerController.cpp:415] profiler_start
USDT:2026-09-18 09:53:30 1:1 ActivityProfilerController.cpp:455] profiler_stop
USDT:2026-09-18 09:53:30 1:1 ActivityProfilerController.cpp:415] profiler_start
USDT:2026-09-18 09:53:30 1:1 ActivityProfilerController.cpp:455] profiler_stop
USDT:2026-09-18 09:53:30 1:1 ActivityProfilerController.cpp:415] profiler_start
USDT:2026-09-18 09:53:30 1:1 ActivityProfilerController.cpp:455] profiler_stop
USDT:2026-09-18 09:53:31 1:1 ActivityProfilerController.cpp:415] profiler_start
USDT:2026-09-18 09:53:31 1:1 ActivityProfilerController.cpp:455] profiler_stop
USDT:2026-09-18 09:53:31 1:1 ActivityProfilerController.cpp:415] profiler_start
USDT:2026-09-18 09:53:31 1:1 ActivityProfilerController.cpp:455] profiler_stop
USDT:2026-09-18 09:53:31 1:1 ActivityProfilerController.cpp:415] profiler_start
USDT:2026-09-18 09:53:31 1:1 ActivityProfilerController.cpp:455] profiler_stop
USDT:2026-09-18 09:53:31 1:1 ActivityProfilerController.cpp:415] profiler_start
USDT:2026-09-18 09:53:31 1:1 ActivityProfilerController.cpp:455] profiler_stop
USDT:2026-09-18 09:53:31 1:1 ActivityProfilerController.cpp:415] profiler_start
USDT:2026-09-18 09:53:31 1:1 ActivityProfilerController.cpp:455] profiler_stop
USDT:2026-09-18 09:53:31 1:1 ActivityProfilerController.cpp:415] profiler_start
USDT:2026-09-18 09:53:31 1:1 ActivityProfilerController.cpp:455] profiler_stop
USDT:2026-09-18 09:53:31 1:1 ActivityProfilerController.cpp:415] profiler_start
USDT:2026-09-18 09:53:31 1:1 ActivityProfilerController.cpp:455] profiler_stop
USDT:2026-09-18 09:53:31 1:1 ActivityProfilerController.cpp:415] profiler_start
USDT:2026-09-18 09:53:31 1:1 ActivityProfilerController.cpp:455] profiler_stop
    32     65536 |      27.45    1.12      0.31
    32     65537 |      27.97    2.88      0.30
    32     65538 |      27.96    1.52      0.30
USDT:2026-09-18 09:53:31 1:1 ActivityProfilerController.cpp:415] profiler_start
USDT:2026-09-18 09:53:31 1:1 ActivityProfilerController.cpp:455] profiler_stop
USDT:2026-09-18 09:53:31 1:1 ActivityProfilerController.cpp:415] profiler_start
USDT:2026-09-18 09:53:31 1:1 ActivityProfilerController.cpp:455] profiler_stop
USDT:2026-09-18 09:53:31 1:1 ActivityProfilerController.cpp:415] profiler_start
USDT:2026-09-18 09:53:31 1:1 ActivityProfilerController.cpp:455] profiler_stop
USDT:2026-09-18 09:53:31 1:1 ActivityProfilerController.cpp:415] profiler_start
USDT:2026-09-18 09:53:31 1:1 ActivityProfilerController.cpp:455] profiler_stop
USDT:2026-09-18 09:53:32 1:1 ActivityProfilerController.cpp:415] profiler_start
USDT:2026-09-18 09:53:32 1:1 ActivityProfilerController.cpp:455] profiler_stop
USDT:2026-09-18 09:53:32 1:1 ActivityProfilerController.cpp:415] profiler_start
USDT:2026-09-18 09:53:32 1:1 ActivityProfilerController.cpp:455] profiler_stop
USDT:2026-09-18 09:53:32 1:1 ActivityProfilerController.cpp:415] profiler_start
USDT:2026-09-18 09:53:32 1:1 ActivityProfilerController.cpp:455] profiler_stop
USDT:2026-09-18 09:53:32 1:1 ActivityProfilerController.cpp:415] profiler_start
USDT:2026-09-18 09:53:32 1:1 ActivityProfilerController.cpp:455] profiler_stop
USDT:2026-09-18 09:53:32 1:1 ActivityProfilerController.cpp:415] profiler_start
USDT:2026-09-18 09:53:32 1:1 ActivityProfilerController.cpp:455] profiler_stop
USDT:2026-09-18 09:53:32 1:1 ActivityProfilerController.cpp:415] profiler_start
USDT:2026-09-18 09:53:32 1:1 ActivityProfilerController.cpp:455] profiler_stop
USDT:2026-09-18 09:53:32 1:1 ActivityProfilerController.cpp:415] profiler_start
USDT:2026-09-18 09:53:32 1:1 ActivityProfilerController.cpp:455] profiler_stop
USDT:2026-09-18 09:53:32 1:1 ActivityProfilerController.cpp:415] profiler_start
USDT:2026-09-18 09:53:32 1:1 ActivityProfilerController.cpp:455] profiler_stop
    32    131072 |      31.76    0.15      0.53
    32    131073 |      32.03    0.69      0.52
    32    131074 |      31.82    0.65      0.53
USDT:2026-09-18 09:53:32 1:1 ActivityProfilerController.cpp:415] profiler_start
USDT:2026-09-18 09:53:32 1:1 ActivityProfilerController.cpp:455] profiler_stop
USDT:2026-09-18 09:53:32 1:1 ActivityProfilerController.cpp:415] profiler_start
USDT:2026-09-18 09:53:32 1:1 ActivityProfilerController.cpp:455] profiler_stop
USDT:2026-09-18 09:53:32 1:1 ActivityProfilerController.cpp:415] profiler_start
USDT:2026-09-18 09:53:32 1:1 ActivityProfilerController.cpp:455] profiler_stop
USDT:2026-09-18 09:53:33 1:1 ActivityProfilerController.cpp:415] profiler_start
USDT:2026-09-18 09:53:33 1:1 ActivityProfilerController.cpp:455] profiler_stop
USDT:2026-09-18 09:53:33 1:1 ActivityProfilerController.cpp:415] profiler_start
USDT:2026-09-18 09:53:33 1:1 ActivityProfilerController.cpp:455] profiler_stop
USDT:2026-09-18 09:53:33 1:1 ActivityProfilerController.cpp:415] profiler_start
USDT:2026-09-18 09:53:33 1:1 ActivityProfilerController.cpp:455] profiler_stop
USDT:2026-09-18 09:53:33 1:1 ActivityProfilerController.cpp:415] profiler_start
USDT:2026-09-18 09:53:33 1:1 ActivityProfilerController.cpp:455] profiler_stop
USDT:2026-09-18 09:53:33 1:1 ActivityProfilerController.cpp:415] profiler_start
USDT:2026-09-18 09:53:33 1:1 ActivityProfilerController.cpp:455] profiler_stop
USDT:2026-09-18 09:53:33 1:1 ActivityProfilerController.cpp:415] profiler_start
USDT:2026-09-18 09:53:33 1:1 ActivityProfilerController.cpp:455] profiler_stop
USDT:2026-09-18 09:53:33 1:1 ActivityProfilerController.cpp:415] profiler_start
USDT:2026-09-18 09:53:33 1:1 ActivityProfilerController.cpp:455] profiler_stop
USDT:2026-09-18 09:53:33 1:1 ActivityProfilerController.cpp:415] profiler_start
USDT:2026-09-18 09:53:33 1:1 ActivityProfilerController.cpp:455] profiler_stop
USDT:2026-09-18 09:53:33 1:1 ActivityProfilerController.cpp:415] profiler_start
USDT:2026-09-18 09:53:33 1:1 ActivityProfilerController.cpp:455] profiler_stop
    32    262144 |      34.68    0.58      0.97
    32    262145 |      35.44    0.40      0.95
    32    262146 |      35.33    0.20      0.95
USDT:2026-09-18 09:53:33 1:1 ActivityProfilerController.cpp:415] profiler_start
USDT:2026-09-18 09:53:33 1:1 ActivityProfilerController.cpp:455] profiler_stop
USDT:2026-09-18 09:53:33 1:1 ActivityProfilerController.cpp:415] profiler_start
USDT:2026-09-18 09:53:33 1:1 ActivityProfilerController.cpp:455] profiler_stop
USDT:2026-09-18 09:53:33 1:1 ActivityProfilerController.cpp:415] profiler_start
USDT:2026-09-18 09:53:33 1:1 ActivityProfilerController.cpp:455] profiler_stop
USDT:2026-09-18 09:53:34 1:1 ActivityProfilerController.cpp:415] profiler_start
USDT:2026-09-18 09:53:34 1:1 ActivityProfilerController.cpp:455] profiler_stop
USDT:2026-09-18 09:53:34 1:1 ActivityProfilerController.cpp:415] profiler_start
USDT:2026-09-18 09:53:34 1:1 ActivityProfilerController.cpp:455] profiler_stop
USDT:2026-09-18 09:53:34 1:1 ActivityProfilerController.cpp:415] profiler_start
USDT:2026-09-18 09:53:34 1:1 ActivityProfilerController.cpp:455] profiler_stop
USDT:2026-09-18 09:53:34 1:1 ActivityProfilerController.cpp:415] profiler_start
USDT:2026-09-18 09:53:34 1:1 ActivityProfilerController.cpp:455] profiler_stop
USDT:2026-09-18 09:53:34 1:1 ActivityProfilerController.cpp:415] profiler_start
USDT:2026-09-18 09:53:34 1:1 ActivityProfilerController.cpp:455] profiler_stop
USDT:2026-09-18 09:53:34 1:1 ActivityProfilerController.cpp:415] profiler_start
USDT:2026-09-18 09:53:34 1:1 ActivityProfilerController.cpp:455] profiler_stop
USDT:2026-09-18 09:53:34 1:1 ActivityProfilerController.cpp:415] profiler_start
USDT:2026-09-18 09:53:34 1:1 ActivityProfilerController.cpp:455] profiler_stop
USDT:2026-09-18 09:53:34 1:1 ActivityProfilerController.cpp:415] profiler_start
USDT:2026-09-18 09:53:34 1:1 ActivityProfilerController.cpp:455] profiler_stop
USDT:2026-09-18 09:53:34 1:1 ActivityProfilerController.cpp:415] profiler_start
USDT:2026-09-18 09:53:34 1:1 ActivityProfilerController.cpp:455] profiler_stop
    32    524288 |      44.36    1.84      1.51
    32    524289 |      44.30    2.02      1.51
    32    524290 |     393.24    0.03      0.17
USDT:2026-09-18 09:53:34 1:1 ActivityProfilerController.cpp:415] profiler_start
USDT:2026-09-18 09:53:34 1:1 ActivityProfilerController.cpp:455] profiler_stop
USDT:2026-09-18 09:53:34 1:1 ActivityProfilerController.cpp:415] profiler_start
USDT:2026-09-18 09:53:34 1:1 ActivityProfilerController.cpp:455] profiler_stop
USDT:2026-09-18 09:53:34 1:1 ActivityProfilerController.cpp:415] profiler_start
USDT:2026-09-18 09:53:34 1:1 ActivityProfilerController.cpp:455] profiler_stop
USDT:2026-09-18 09:53:34 1:1 ActivityProfilerController.cpp:415] profiler_start
USDT:2026-09-18 09:53:34 1:1 ActivityProfilerController.cpp:455] profiler_stop
USDT:2026-09-18 09:53:35 1:1 ActivityProfilerController.cpp:415] profiler_start
USDT:2026-09-18 09:53:35 1:1 ActivityProfilerController.cpp:455] profiler_stop
USDT:2026-09-18 09:53:35 1:1 ActivityProfilerController.cpp:415] profiler_start
USDT:2026-09-18 09:53:35 1:1 ActivityProfilerController.cpp:455] profiler_stop
USDT:2026-09-18 09:53:35 1:1 ActivityProfilerController.cpp:415] profiler_start
USDT:2026-09-18 09:53:35 1:1 ActivityProfilerController.cpp:455] profiler_stop
USDT:2026-09-18 09:53:35 1:1 ActivityProfilerController.cpp:415] profiler_start
USDT:2026-09-18 09:53:35 1:1 ActivityProfilerController.cpp:455] profiler_stop
USDT:2026-09-18 09:53:35 1:1 ActivityProfilerController.cpp:415] profiler_start
USDT:2026-09-18 09:53:35 1:1 ActivityProfilerController.cpp:455] profiler_stop
USDT:2026-09-18 09:53:35 1:1 ActivityProfilerController.cpp:415] profiler_start
USDT:2026-09-18 09:53:35 1:1 ActivityProfilerController.cpp:455] profiler_stop
USDT:2026-09-18 09:53:35 1:1 ActivityProfilerController.cpp:415] profiler_start
USDT:2026-09-18 09:53:35 1:1 ActivityProfilerController.cpp:455] profiler_stop
USDT:2026-09-18 09:53:35 1:1 ActivityProfilerController.cpp:415] profiler_start
USDT:2026-09-18 09:53:35 1:1 ActivityProfilerController.cpp:455] profiler_stop
    32   1048576 |      62.55    3.92      2.15
    32   1048577 |      60.91    4.06      2.20
    32   1048578 |      61.34    3.20      2.19
USDT:2026-09-18 09:53:35 1:1 ActivityProfilerController.cpp:415] profiler_start
USDT:2026-09-18 09:53:35 1:1 ActivityProfilerController.cpp:455] profiler_stop
USDT:2026-09-18 09:53:35 1:1 ActivityProfilerController.cpp:415] profiler_start
USDT:2026-09-18 09:53:35 1:1 ActivityProfilerController.cpp:455] profiler_stop
USDT:2026-09-18 09:53:35 1:1 ActivityProfilerController.cpp:415] profiler_start
USDT:2026-09-18 09:53:35 1:1 ActivityProfilerController.cpp:455] profiler_stop
USDT:2026-09-18 09:53:35 1:1 ActivityProfilerController.cpp:415] profiler_start
USDT:2026-09-18 09:53:35 1:1 ActivityProfilerController.cpp:455] profiler_stop
USDT:2026-09-18 09:53:35 1:1 ActivityProfilerController.cpp:415] profiler_start
USDT:2026-09-18 09:53:35 1:1 ActivityProfilerController.cpp:455] profiler_stop
USDT:2026-09-18 09:53:36 1:1 ActivityProfilerController.cpp:415] profiler_start
USDT:2026-09-18 09:53:36 1:1 ActivityProfilerController.cpp:455] profiler_stop
USDT:2026-09-18 09:53:36 1:1 ActivityProfilerController.cpp:415] profiler_start
USDT:2026-09-18 09:53:36 1:1 ActivityProfilerController.cpp:455] profiler_stop
USDT:2026-09-18 09:53:36 1:1 ActivityProfilerController.cpp:415] profiler_start
USDT:2026-09-18 09:53:36 1:1 ActivityProfilerController.cpp:455] profiler_stop
USDT:2026-09-18 09:53:36 1:1 ActivityProfilerController.cpp:415] profiler_start
USDT:2026-09-18 09:53:36 1:1 ActivityProfilerController.cpp:455] profiler_stop
USDT:2026-09-18 09:53:36 1:1 ActivityProfilerController.cpp:415] profiler_start
USDT:2026-09-18 09:53:36 1:1 ActivityProfilerController.cpp:455] profiler_stop
USDT:2026-09-18 09:53:36 1:1 ActivityProfilerController.cpp:415] profiler_start
USDT:2026-09-18 09:53:36 1:1 ActivityProfilerController.cpp:455] profiler_stop
USDT:2026-09-18 09:53:36 1:1 ActivityProfilerController.cpp:415] profiler_start
USDT:2026-09-18 09:53:36 1:1 ActivityProfilerController.cpp:455] profiler_stop
    64      2048 |       2.77    1.80      0.19
    64      2049 |       9.11    0.14      0.06
    64      2050 |       9.16    0.49      0.06
USDT:2026-09-18 09:53:36 1:1 ActivityProfilerController.cpp:415] profiler_start
USDT:2026-09-18 09:53:36 1:1 ActivityProfilerController.cpp:455] profiler_stop
USDT:2026-09-18 09:53:36 1:1 ActivityProfilerController.cpp:415] profiler_start
USDT:2026-09-18 09:53:36 1:1 ActivityProfilerController.cpp:455] profiler_stop
USDT:2026-09-18 09:53:36 1:1 ActivityProfilerController.cpp:415] profiler_start
USDT:2026-09-18 09:53:36 1:1 ActivityProfilerController.cpp:455] profiler_stop
USDT:2026-09-18 09:53:36 1:1 ActivityProfilerController.cpp:415] profiler_start
USDT:2026-09-18 09:53:36 1:1 ActivityProfilerController.cpp:455] profiler_stop
USDT:2026-09-18 09:53:36 1:1 ActivityProfilerController.cpp:415] profiler_start
USDT:2026-09-18 09:53:36 1:1 ActivityProfilerController.cpp:455] profiler_stop
USDT:2026-09-18 09:53:36 1:1 ActivityProfilerController.cpp:415] profiler_start
USDT:2026-09-18 09:53:36 1:1 ActivityProfilerController.cpp:455] profiler_stop
USDT:2026-09-18 09:53:36 1:1 ActivityProfilerController.cpp:415] profiler_start
USDT:2026-09-18 09:53:36 1:1 ActivityProfilerController.cpp:455] profiler_stop
USDT:2026-09-18 09:53:36 1:1 ActivityProfilerController.cpp:415] profiler_start
USDT:2026-09-18 09:53:36 1:1 ActivityProfilerController.cpp:455] profiler_stop
USDT:2026-09-18 09:53:36 1:1 ActivityProfilerController.cpp:415] profiler_start
USDT:2026-09-18 09:53:36 1:1 ActivityProfilerController.cpp:455] profiler_stop
USDT:2026-09-18 09:53:36 1:1 ActivityProfilerController.cpp:415] profiler_start
USDT:2026-09-18 09:53:36 1:1 ActivityProfilerController.cpp:455] profiler_stop
USDT:2026-09-18 09:53:36 1:1 ActivityProfilerController.cpp:415] profiler_start
USDT:2026-09-18 09:53:36 1:1 ActivityProfilerController.cpp:455] profiler_stop
USDT:2026-09-18 09:53:36 1:1 ActivityProfilerController.cpp:415] profiler_start
USDT:2026-09-18 09:53:36 1:1 ActivityProfilerController.cpp:455] profiler_stop
    64      4096 |      10.50    0.59      0.10
    64      4097 |      10.64    0.32      0.10
    64      4098 |      10.62    0.53      0.10
USDT:2026-09-18 09:53:36 1:1 ActivityProfilerController.cpp:415] profiler_start
USDT:2026-09-18 09:53:36 1:1 ActivityProfilerController.cpp:455] profiler_stop
USDT:2026-09-18 09:53:36 1:1 ActivityProfilerController.cpp:415] profiler_start
USDT:2026-09-18 09:53:36 1:1 ActivityProfilerController.cpp:455] profiler_stop
USDT:2026-09-18 09:53:36 1:1 ActivityProfilerController.cpp:415] profiler_start
USDT:2026-09-18 09:53:36 1:1 ActivityProfilerController.cpp:455] profiler_stop
USDT:2026-09-18 09:53:37 1:1 ActivityProfilerController.cpp:415] profiler_start
USDT:2026-09-18 09:53:37 1:1 ActivityProfilerController.cpp:455] profiler_stop
USDT:2026-09-18 09:53:37 1:1 ActivityProfilerController.cpp:415] profiler_start
USDT:2026-09-18 09:53:37 1:1 ActivityProfilerController.cpp:455] profiler_stop
USDT:2026-09-18 09:53:37 1:1 ActivityProfilerController.cpp:415] profiler_start
USDT:2026-09-18 09:53:37 1:1 ActivityProfilerController.cpp:455] profiler_stop
USDT:2026-09-18 09:53:37 1:1 ActivityProfilerController.cpp:415] profiler_start
USDT:2026-09-18 09:53:37 1:1 ActivityProfilerController.cpp:455] profiler_stop
USDT:2026-09-18 09:53:37 1:1 ActivityProfilerController.cpp:415] profiler_start
USDT:2026-09-18 09:53:37 1:1 ActivityProfilerController.cpp:455] profiler_stop
USDT:2026-09-18 09:53:37 1:1 ActivityProfilerController.cpp:415] profiler_start
USDT:2026-09-18 09:53:37 1:1 ActivityProfilerController.cpp:455] profiler_stop
USDT:2026-09-18 09:53:37 1:1 ActivityProfilerController.cpp:415] profiler_start
USDT:2026-09-18 09:53:37 1:1 ActivityProfilerController.cpp:455] profiler_stop
USDT:2026-09-18 09:53:37 1:1 ActivityProfilerController.cpp:415] profiler_start
USDT:2026-09-18 09:53:37 1:1 ActivityProfilerController.cpp:455] profiler_stop
USDT:2026-09-18 09:53:37 1:1 ActivityProfilerController.cpp:415] profiler_start
USDT:2026-09-18 09:53:37 1:1 ActivityProfilerController.cpp:455] profiler_stop
    64      8192 |      14.03    0.13      0.15
    64      8193 |      14.24    0.39      0.15
    64      8194 |      14.28    0.78      0.15
USDT:2026-09-18 09:53:37 1:1 ActivityProfilerController.cpp:415] profiler_start
USDT:2026-09-18 09:53:37 1:1 ActivityProfilerController.cpp:455] profiler_stop
USDT:2026-09-18 09:53:37 1:1 ActivityProfilerController.cpp:415] profiler_start
USDT:2026-09-18 09:53:37 1:1 ActivityProfilerController.cpp:455] profiler_stop
USDT:2026-09-18 09:53:37 1:1 ActivityProfilerController.cpp:415] profiler_start
USDT:2026-09-18 09:53:37 1:1 ActivityProfilerController.cpp:455] profiler_stop
USDT:2026-09-18 09:53:37 1:1 ActivityProfilerController.cpp:415] profiler_start
USDT:2026-09-18 09:53:37 1:1 ActivityProfilerController.cpp:455] profiler_stop
USDT:2026-09-18 09:53:37 1:1 ActivityProfilerController.cpp:415] profiler_start
USDT:2026-09-18 09:53:37 1:1 ActivityProfilerController.cpp:455] profiler_stop
USDT:2026-09-18 09:53:37 1:1 ActivityProfilerController.cpp:415] profiler_start
USDT:2026-09-18 09:53:37 1:1 ActivityProfilerController.cpp:455] profiler_stop
USDT:2026-09-18 09:53:38 1:1 ActivityProfilerController.cpp:415] profiler_start
USDT:2026-09-18 09:53:38 1:1 ActivityProfilerController.cpp:455] profiler_stop
USDT:2026-09-18 09:53:38 1:1 ActivityProfilerController.cpp:415] profiler_start
USDT:2026-09-18 09:53:38 1:1 ActivityProfilerController.cpp:455] profiler_stop
USDT:2026-09-18 09:53:38 1:1 ActivityProfilerController.cpp:415] profiler_start
USDT:2026-09-18 09:53:38 1:1 ActivityProfilerController.cpp:455] profiler_stop
USDT:2026-09-18 09:53:38 1:1 ActivityProfilerController.cpp:415] profiler_start
USDT:2026-09-18 09:53:38 1:1 ActivityProfilerController.cpp:455] profiler_stop
USDT:2026-09-18 09:53:38 1:1 ActivityProfilerController.cpp:415] profiler_start
USDT:2026-09-18 09:53:38 1:1 ActivityProfilerController.cpp:455] profiler_stop
USDT:2026-09-18 09:53:38 1:1 ActivityProfilerController.cpp:415] profiler_start
USDT:2026-09-18 09:53:38 1:1 ActivityProfilerController.cpp:455] profiler_stop
    64     16384 |      21.62    0.28      0.19
    64     16385 |      26.93    0.13      0.16
    64     16386 |      26.89    3.85      0.16
USDT:2026-09-18 09:53:38 1:1 ActivityProfilerController.cpp:415] profiler_start
USDT:2026-09-18 09:53:38 1:1 ActivityProfilerController.cpp:455] profiler_stop
USDT:2026-09-18 09:53:38 1:1 ActivityProfilerController.cpp:415] profiler_start
USDT:2026-09-18 09:53:38 1:1 ActivityProfilerController.cpp:455] profiler_stop
USDT:2026-09-18 09:53:38 1:1 ActivityProfilerController.cpp:415] profiler_start
USDT:2026-09-18 09:53:38 1:1 ActivityProfilerController.cpp:455] profiler_stop
USDT:2026-09-18 09:53:38 1:1 ActivityProfilerController.cpp:415] profiler_start
USDT:2026-09-18 09:53:38 1:1 ActivityProfilerController.cpp:455] profiler_stop
USDT:2026-09-18 09:53:38 1:1 ActivityProfilerController.cpp:415] profiler_start
USDT:2026-09-18 09:53:38 1:1 ActivityProfilerController.cpp:455] profiler_stop
USDT:2026-09-18 09:53:38 1:1 ActivityProfilerController.cpp:415] profiler_start
USDT:2026-09-18 09:53:38 1:1 ActivityProfilerController.cpp:455] profiler_stop
USDT:2026-09-18 09:53:39 1:1 ActivityProfilerController.cpp:415] profiler_start
USDT:2026-09-18 09:53:39 1:1 ActivityProfilerController.cpp:455] profiler_stop
USDT:2026-09-18 09:53:39 1:1 ActivityProfilerController.cpp:415] profiler_start
USDT:2026-09-18 09:53:39 1:1 ActivityProfilerController.cpp:455] profiler_stop
USDT:2026-09-18 09:53:39 1:1 ActivityProfilerController.cpp:415] profiler_start
USDT:2026-09-18 09:53:39 1:1 ActivityProfilerController.cpp:455] profiler_stop
USDT:2026-09-18 09:53:39 1:1 ActivityProfilerController.cpp:415] profiler_start
USDT:2026-09-18 09:53:39 1:1 ActivityProfilerController.cpp:455] profiler_stop
USDT:2026-09-18 09:53:39 1:1 ActivityProfilerController.cpp:415] profiler_start
USDT:2026-09-18 09:53:39 1:1 ActivityProfilerController.cpp:455] profiler_stop
USDT:2026-09-18 09:53:39 1:1 ActivityProfilerController.cpp:415] profiler_start
USDT:2026-09-18 09:53:39 1:1 ActivityProfilerController.cpp:455] profiler_stop
    64     32768 |      27.41    0.50      0.31
    64     32769 |      27.75    3.69      0.30
    64     32770 |      28.14    3.12      0.30
USDT:2026-09-18 09:53:39 1:1 ActivityProfilerController.cpp:415] profiler_start
USDT:2026-09-18 09:53:39 1:1 ActivityProfilerController.cpp:455] profiler_stop
USDT:2026-09-18 09:53:39 1:1 ActivityProfilerController.cpp:415] profiler_start
USDT:2026-09-18 09:53:39 1:1 ActivityProfilerController.cpp:455] profiler_stop
USDT:2026-09-18 09:53:39 1:1 ActivityProfilerController.cpp:415] profiler_start
USDT:2026-09-18 09:53:39 1:1 ActivityProfilerController.cpp:455] profiler_stop
USDT:2026-09-18 09:53:39 1:1 ActivityProfilerController.cpp:415] profiler_start
USDT:2026-09-18 09:53:39 1:1 ActivityProfilerController.cpp:455] profiler_stop
USDT:2026-09-18 09:53:39 1:1 ActivityProfilerController.cpp:415] profiler_start
USDT:2026-09-18 09:53:39 1:1 ActivityProfilerController.cpp:455] profiler_stop
USDT:2026-09-18 09:53:39 1:1 ActivityProfilerController.cpp:415] profiler_start
USDT:2026-09-18 09:53:39 1:1 ActivityProfilerController.cpp:455] profiler_stop
USDT:2026-09-18 09:53:39 1:1 ActivityProfilerController.cpp:415] profiler_start
USDT:2026-09-18 09:53:39 1:1 ActivityProfilerController.cpp:455] profiler_stop
USDT:2026-09-18 09:53:39 1:1 ActivityProfilerController.cpp:415] profiler_start
USDT:2026-09-18 09:53:39 1:1 ActivityProfilerController.cpp:455] profiler_stop
USDT:2026-09-18 09:53:39 1:1 ActivityProfilerController.cpp:415] profiler_start
USDT:2026-09-18 09:53:39 1:1 ActivityProfilerController.cpp:455] profiler_stop
USDT:2026-09-18 09:53:39 1:1 ActivityProfilerController.cpp:415] profiler_start
USDT:2026-09-18 09:53:39 1:1 ActivityProfilerController.cpp:455] profiler_stop
USDT:2026-09-18 09:53:40 1:1 ActivityProfilerController.cpp:415] profiler_start
USDT:2026-09-18 09:53:40 1:1 ActivityProfilerController.cpp:455] profiler_stop
USDT:2026-09-18 09:53:40 1:1 ActivityProfilerController.cpp:415] profiler_start
USDT:2026-09-18 09:53:40 1:1 ActivityProfilerController.cpp:455] profiler_stop
    64     65536 |      29.36    0.34      0.57
    64     65537 |      29.64    3.97      0.57
    64     65538 |      29.69    0.97      0.57
USDT:2026-09-18 09:53:40 1:1 ActivityProfilerController.cpp:415] profiler_start
USDT:2026-09-18 09:53:40 1:1 ActivityProfilerController.cpp:455] profiler_stop
USDT:2026-09-18 09:53:40 1:1 ActivityProfilerController.cpp:415] profiler_start
USDT:2026-09-18 09:53:40 1:1 ActivityProfilerController.cpp:455] profiler_stop
USDT:2026-09-18 09:53:40 1:1 ActivityProfilerController.cpp:415] profiler_start
USDT:2026-09-18 09:53:40 1:1 ActivityProfilerController.cpp:455] profiler_stop
USDT:2026-09-18 09:53:40 1:1 ActivityProfilerController.cpp:415] profiler_start
USDT:2026-09-18 09:53:40 1:1 ActivityProfilerController.cpp:455] profiler_stop
USDT:2026-09-18 09:53:40 1:1 ActivityProfilerController.cpp:415] profiler_start
USDT:2026-09-18 09:53:40 1:1 ActivityProfilerController.cpp:455] profiler_stop
USDT:2026-09-18 09:53:40 1:1 ActivityProfilerController.cpp:415] profiler_start
USDT:2026-09-18 09:53:40 1:1 ActivityProfilerController.cpp:455] profiler_stop
USDT:2026-09-18 09:53:40 1:1 ActivityProfilerController.cpp:415] profiler_start
USDT:2026-09-18 09:53:40 1:1 ActivityProfilerController.cpp:455] profiler_stop
USDT:2026-09-18 09:53:40 1:1 ActivityProfilerController.cpp:415] profiler_start
USDT:2026-09-18 09:53:40 1:1 ActivityProfilerController.cpp:455] profiler_stop
USDT:2026-09-18 09:53:40 1:1 ActivityProfilerController.cpp:415] profiler_start
USDT:2026-09-18 09:53:40 1:1 ActivityProfilerController.cpp:455] profiler_stop
USDT:2026-09-18 09:53:40 1:1 ActivityProfilerController.cpp:415] profiler_start
USDT:2026-09-18 09:53:40 1:1 ActivityProfilerController.cpp:455] profiler_stop
USDT:2026-09-18 09:53:41 1:1 ActivityProfilerController.cpp:415] profiler_start
USDT:2026-09-18 09:53:41 1:1 ActivityProfilerController.cpp:455] profiler_stop
USDT:2026-09-18 09:53:41 1:1 ActivityProfilerController.cpp:415] profiler_start
USDT:2026-09-18 09:53:41 1:1 ActivityProfilerController.cpp:455] profiler_stop
    64    131072 |      34.42    0.73      0.97
    64    131073 |      34.78    1.21      0.96
    64    131074 |      34.97    0.41      0.96
USDT:2026-09-18 09:53:41 1:1 ActivityProfilerController.cpp:415] profiler_start
USDT:2026-09-18 09:53:41 1:1 ActivityProfilerController.cpp:455] profiler_stop
USDT:2026-09-18 09:53:41 1:1 ActivityProfilerController.cpp:415] profiler_start
USDT:2026-09-18 09:53:41 1:1 ActivityProfilerController.cpp:455] profiler_stop
USDT:2026-09-18 09:53:41 1:1 ActivityProfilerController.cpp:415] profiler_start
USDT:2026-09-18 09:53:41 1:1 ActivityProfilerController.cpp:455] profiler_stop
USDT:2026-09-18 09:53:41 1:1 ActivityProfilerController.cpp:415] profiler_start
USDT:2026-09-18 09:53:41 1:1 ActivityProfilerController.cpp:455] profiler_stop
USDT:2026-09-18 09:53:41 1:1 ActivityProfilerController.cpp:415] profiler_start
USDT:2026-09-18 09:53:41 1:1 ActivityProfilerController.cpp:455] profiler_stop
USDT:2026-09-18 09:53:41 1:1 ActivityProfilerController.cpp:415] profiler_start
USDT:2026-09-18 09:53:41 1:1 ActivityProfilerController.cpp:455] profiler_stop
USDT:2026-09-18 09:53:41 1:1 ActivityProfilerController.cpp:415] profiler_start
USDT:2026-09-18 09:53:41 1:1 ActivityProfilerController.cpp:455] profiler_stop
USDT:2026-09-18 09:53:41 1:1 ActivityProfilerController.cpp:415] profiler_start
USDT:2026-09-18 09:53:41 1:1 ActivityProfilerController.cpp:455] profiler_stop
USDT:2026-09-18 09:53:41 1:1 ActivityProfilerController.cpp:415] profiler_start
USDT:2026-09-18 09:53:41 1:1 ActivityProfilerController.cpp:455] profiler_stop
USDT:2026-09-18 09:53:42 1:1 ActivityProfilerController.cpp:415] profiler_start
USDT:2026-09-18 09:53:42 1:1 ActivityProfilerController.cpp:455] profiler_stop
USDT:2026-09-18 09:53:42 1:1 ActivityProfilerController.cpp:415] profiler_start
USDT:2026-09-18 09:53:42 1:1 ActivityProfilerController.cpp:455] profiler_stop
USDT:2026-09-18 09:53:42 1:1 ActivityProfilerController.cpp:415] profiler_start
USDT:2026-09-18 09:53:42 1:1 ActivityProfilerController.cpp:455] profiler_stop
    64    262144 |      43.76    0.15      1.53
    64    262145 |      45.27    2.41      1.48
    64    262146 |      44.37    0.24      1.51
USDT:2026-09-18 09:53:42 1:1 ActivityProfilerController.cpp:415] profiler_start
USDT:2026-09-18 09:53:42 1:1 ActivityProfilerController.cpp:455] profiler_stop
USDT:2026-09-18 09:53:42 1:1 ActivityProfilerController.cpp:415] profiler_start
USDT:2026-09-18 09:53:42 1:1 ActivityProfilerController.cpp:455] profiler_stop
USDT:2026-09-18 09:53:42 1:1 ActivityProfilerController.cpp:415] profiler_start
USDT:2026-09-18 09:53:42 1:1 ActivityProfilerController.cpp:455] profiler_stop
USDT:2026-09-18 09:53:42 1:1 ActivityProfilerController.cpp:415] profiler_start
USDT:2026-09-18 09:53:42 1:1 ActivityProfilerController.cpp:455] profiler_stop
USDT:2026-09-18 09:53:42 1:1 ActivityProfilerController.cpp:415] profiler_start
USDT:2026-09-18 09:53:42 1:1 ActivityProfilerController.cpp:455] profiler_stop
USDT:2026-09-18 09:53:42 1:1 ActivityProfilerController.cpp:415] profiler_start
USDT:2026-09-18 09:53:42 1:1 ActivityProfilerController.cpp:455] profiler_stop
USDT:2026-09-18 09:53:42 1:1 ActivityProfilerController.cpp:415] profiler_start
USDT:2026-09-18 09:53:42 1:1 ActivityProfilerController.cpp:455] profiler_stop
USDT:2026-09-18 09:53:42 1:1 ActivityProfilerController.cpp:415] profiler_start
USDT:2026-09-18 09:53:42 1:1 ActivityProfilerController.cpp:455] profiler_stop
USDT:2026-09-18 09:53:43 1:1 ActivityProfilerController.cpp:415] profiler_start
USDT:2026-09-18 09:53:43 1:1 ActivityProfilerController.cpp:455] profiler_stop
USDT:2026-09-18 09:53:43 1:1 ActivityProfilerController.cpp:415] profiler_start
USDT:2026-09-18 09:53:43 1:1 ActivityProfilerController.cpp:455] profiler_stop
USDT:2026-09-18 09:53:43 1:1 ActivityProfilerController.cpp:415] profiler_start
USDT:2026-09-18 09:53:43 1:1 ActivityProfilerController.cpp:455] profiler_stop
USDT:2026-09-18 09:53:43 1:1 ActivityProfilerController.cpp:415] profiler_start
USDT:2026-09-18 09:53:43 1:1 ActivityProfilerController.cpp:455] profiler_stop
    64    524288 |      54.77    2.79      2.45
    64    524289 |      54.97    2.99      2.44
    64    524290 |      53.41    2.29      2.51
USDT:2026-09-18 09:53:43 1:1 ActivityProfilerController.cpp:415] profiler_start
USDT:2026-09-18 09:53:43 1:1 ActivityProfilerController.cpp:455] profiler_stop
USDT:2026-09-18 09:53:43 1:1 ActivityProfilerController.cpp:415] profiler_start
USDT:2026-09-18 09:53:43 1:1 ActivityProfilerController.cpp:455] profiler_stop
USDT:2026-09-18 09:53:43 1:1 ActivityProfilerController.cpp:415] profiler_start
USDT:2026-09-18 09:53:43 1:1 ActivityProfilerController.cpp:455] profiler_stop
USDT:2026-09-18 09:53:43 1:1 ActivityProfilerController.cpp:415] profiler_start
USDT:2026-09-18 09:53:43 1:1 ActivityProfilerController.cpp:455] profiler_stop
USDT:2026-09-18 09:53:43 1:1 ActivityProfilerController.cpp:415] profiler_start
USDT:2026-09-18 09:53:43 1:1 ActivityProfilerController.cpp:455] profiler_stop
USDT:2026-09-18 09:53:43 1:1 ActivityProfilerController.cpp:415] profiler_start
USDT:2026-09-18 09:53:43 1:1 ActivityProfilerController.cpp:455] profiler_stop
USDT:2026-09-18 09:53:43 1:1 ActivityProfilerController.cpp:415] profiler_start
USDT:2026-09-18 09:53:43 1:1 ActivityProfilerController.cpp:455] profiler_stop
USDT:2026-09-18 09:53:43 1:1 ActivityProfilerController.cpp:415] profiler_start
USDT:2026-09-18 09:53:43 1:1 ActivityProfilerController.cpp:455] profiler_stop
USDT:2026-09-18 09:53:43 1:1 ActivityProfilerController.cpp:415] profiler_start
USDT:2026-09-18 09:53:43 1:1 ActivityProfilerController.cpp:455] profiler_stop
USDT:2026-09-18 09:53:43 1:1 ActivityProfilerController.cpp:415] profiler_start
USDT:2026-09-18 09:53:43 1:1 ActivityProfilerController.cpp:455] profiler_stop
USDT:2026-09-18 09:53:44 1:1 ActivityProfilerController.cpp:415] profiler_start
USDT:2026-09-18 09:53:44 1:1 ActivityProfilerController.cpp:455] profiler_stop
USDT:2026-09-18 09:53:44 1:1 ActivityProfilerController.cpp:415] profiler_start
USDT:2026-09-18 09:53:44 1:1 ActivityProfilerController.cpp:455] profiler_stop
    64   1048576 |      77.80    0.14      3.45
    64   1048577 |      78.79    0.30      3.41
    64   1048578 |      78.17    1.01      3.43
USDT:2026-09-18 09:53:44 1:1 ActivityProfilerController.cpp:415] profiler_start
USDT:2026-09-18 09:53:44 1:1 ActivityProfilerController.cpp:455] profiler_stop
USDT:2026-09-18 09:53:44 1:1 ActivityProfilerController.cpp:415] profiler_start
USDT:2026-09-18 09:53:44 1:1 ActivityProfilerController.cpp:455] profiler_stop
USDT:2026-09-18 09:53:44 1:1 ActivityProfilerController.cpp:415] profiler_start
USDT:2026-09-18 09:53:44 1:1 ActivityProfilerController.cpp:455] profiler_stop
USDT:2026-09-18 09:53:44 1:1 ActivityProfilerController.cpp:415] profiler_start
USDT:2026-09-18 09:53:44 1:1 ActivityProfilerController.cpp:455] profiler_stop
USDT:2026-09-18 09:53:44 1:1 ActivityProfilerController.cpp:415] profiler_start
USDT:2026-09-18 09:53:44 1:1 ActivityProfilerController.cpp:455] profiler_stop
USDT:2026-09-18 09:53:44 1:1 ActivityProfilerController.cpp:415] profiler_start
USDT:2026-09-18 09:53:44 1:1 ActivityProfilerController.cpp:455] profiler_stop
USDT:2026-09-18 09:53:44 1:1 ActivityProfilerController.cpp:415] profiler_start
USDT:2026-09-18 09:53:44 1:1 ActivityProfilerController.cpp:455] profiler_stop
USDT:2026-09-18 09:53:44 1:1 ActivityProfilerController.cpp:415] profiler_start
USDT:2026-09-18 09:53:44 1:1 ActivityProfilerController.cpp:455] profiler_stop
USDT:2026-09-18 09:53:44 1:1 ActivityProfilerController.cpp:415] profiler_start
USDT:2026-09-18 09:53:44 1:1 ActivityProfilerController.cpp:455] profiler_stop
USDT:2026-09-18 09:53:44 1:1 ActivityProfilerController.cpp:415] profiler_start
USDT:2026-09-18 09:53:44 1:1 ActivityProfilerController.cpp:455] profiler_stop
USDT:2026-09-18 09:53:44 1:1 ActivityProfilerController.cpp:415] profiler_start
USDT:2026-09-18 09:53:44 1:1 ActivityProfilerController.cpp:455] profiler_stop
USDT:2026-09-18 09:53:44 1:1 ActivityProfilerController.cpp:415] profiler_start
USDT:2026-09-18 09:53:44 1:1 ActivityProfilerController.cpp:455] profiler_stop
   128      2048 |       2.85    1.10      0.37
   128      2049 |       9.28    0.49      0.11
   128      2050 |       9.27    0.31      0.11
USDT:2026-09-18 09:53:45 1:1 ActivityProfilerController.cpp:415] profiler_start
USDT:2026-09-18 09:53:45 1:1 ActivityProfilerController.cpp:455] profiler_stop
USDT:2026-09-18 09:53:45 1:1 ActivityProfilerController.cpp:415] profiler_start
USDT:2026-09-18 09:53:45 1:1 ActivityProfilerController.cpp:455] profiler_stop
USDT:2026-09-18 09:53:45 1:1 ActivityProfilerController.cpp:415] profiler_start
USDT:2026-09-18 09:53:45 1:1 ActivityProfilerController.cpp:455] profiler_stop
USDT:2026-09-18 09:53:45 1:1 ActivityProfilerController.cpp:415] profiler_start
USDT:2026-09-18 09:53:45 1:1 ActivityProfilerController.cpp:455] profiler_stop
USDT:2026-09-18 09:53:45 1:1 ActivityProfilerController.cpp:415] profiler_start
USDT:2026-09-18 09:53:45 1:1 ActivityProfilerController.cpp:455] profiler_stop
USDT:2026-09-18 09:53:45 1:1 ActivityProfilerController.cpp:415] profiler_start
USDT:2026-09-18 09:53:45 1:1 ActivityProfilerController.cpp:455] profiler_stop
USDT:2026-09-18 09:53:45 1:1 ActivityProfilerController.cpp:415] profiler_start
USDT:2026-09-18 09:53:45 1:1 ActivityProfilerController.cpp:455] profiler_stop
USDT:2026-09-18 09:53:45 1:1 ActivityProfilerController.cpp:415] profiler_start
USDT:2026-09-18 09:53:45 1:1 ActivityProfilerController.cpp:455] profiler_stop
USDT:2026-09-18 09:53:45 1:1 ActivityProfilerController.cpp:415] profiler_start
USDT:2026-09-18 09:53:45 1:1 ActivityProfilerController.cpp:455] profiler_stop
USDT:2026-09-18 09:53:45 1:1 ActivityProfilerController.cpp:415] profiler_start
USDT:2026-09-18 09:53:45 1:1 ActivityProfilerController.cpp:455] profiler_stop
USDT:2026-09-18 09:53:45 1:1 ActivityProfilerController.cpp:415] profiler_start
USDT:2026-09-18 09:53:45 1:1 ActivityProfilerController.cpp:455] profiler_stop
USDT:2026-09-18 09:53:45 1:1 ActivityProfilerController.cpp:415] profiler_start
USDT:2026-09-18 09:53:45 1:1 ActivityProfilerController.cpp:455] profiler_stop
   128      4096 |      11.04    0.55      0.19
   128      4097 |      11.27    0.68      0.19
   128      4098 |      11.27    0.24      0.19
USDT:2026-09-18 09:53:45 1:1 ActivityProfilerController.cpp:415] profiler_start
USDT:2026-09-18 09:53:45 1:1 ActivityProfilerController.cpp:455] profiler_stop
USDT:2026-09-18 09:53:45 1:1 ActivityProfilerController.cpp:415] profiler_start
USDT:2026-09-18 09:53:45 1:1 ActivityProfilerController.cpp:455] profiler_stop
USDT:2026-09-18 09:53:45 1:1 ActivityProfilerController.cpp:415] profiler_start
USDT:2026-09-18 09:53:45 1:1 ActivityProfilerController.cpp:455] profiler_stop
USDT:2026-09-18 09:53:45 1:1 ActivityProfilerController.cpp:415] profiler_start
USDT:2026-09-18 09:53:45 1:1 ActivityProfilerController.cpp:455] profiler_stop
USDT:2026-09-18 09:53:45 1:1 ActivityProfilerController.cpp:415] profiler_start
USDT:2026-09-18 09:53:45 1:1 ActivityProfilerController.cpp:455] profiler_stop
USDT:2026-09-18 09:53:45 1:1 ActivityProfilerController.cpp:415] profiler_start
USDT:2026-09-18 09:53:45 1:1 ActivityProfilerController.cpp:455] profiler_stop
USDT:2026-09-18 09:53:45 1:1 ActivityProfilerController.cpp:415] profiler_start
USDT:2026-09-18 09:53:45 1:1 ActivityProfilerController.cpp:455] profiler_stop
USDT:2026-09-18 09:53:45 1:1 ActivityProfilerController.cpp:415] profiler_start
USDT:2026-09-18 09:53:45 1:1 ActivityProfilerController.cpp:455] profiler_stop
USDT:2026-09-18 09:53:45 1:1 ActivityProfilerController.cpp:415] profiler_start
USDT:2026-09-18 09:53:45 1:1 ActivityProfilerController.cpp:455] profiler_stop
USDT:2026-09-18 09:53:45 1:1 ActivityProfilerController.cpp:415] profiler_start
USDT:2026-09-18 09:53:45 1:1 ActivityProfilerController.cpp:455] profiler_stop
USDT:2026-09-18 09:53:46 1:1 ActivityProfilerController.cpp:415] profiler_start
USDT:2026-09-18 09:53:46 1:1 ActivityProfilerController.cpp:455] profiler_stop
USDT:2026-09-18 09:53:46 1:1 ActivityProfilerController.cpp:415] profiler_start
USDT:2026-09-18 09:53:46 1:1 ActivityProfilerController.cpp:455] profiler_stop
   128      8192 |      14.88    0.59      0.28
   128      8193 |      15.06    0.35      0.28
   128      8194 |      15.10    0.27      0.28
USDT:2026-09-18 09:53:46 1:1 ActivityProfilerController.cpp:415] profiler_start
USDT:2026-09-18 09:53:46 1:1 ActivityProfilerController.cpp:455] profiler_stop
USDT:2026-09-18 09:53:46 1:1 ActivityProfilerController.cpp:415] profiler_start
USDT:2026-09-18 09:53:46 1:1 ActivityProfilerController.cpp:455] profiler_stop
USDT:2026-09-18 09:53:46 1:1 ActivityProfilerController.cpp:415] profiler_start
USDT:2026-09-18 09:53:46 1:1 ActivityProfilerController.cpp:455] profiler_stop
USDT:2026-09-18 09:53:46 1:1 ActivityProfilerController.cpp:415] profiler_start
USDT:2026-09-18 09:53:46 1:1 ActivityProfilerController.cpp:455] profiler_stop
USDT:2026-09-18 09:53:46 1:1 ActivityProfilerController.cpp:415] profiler_start
USDT:2026-09-18 09:53:46 1:1 ActivityProfilerController.cpp:455] profiler_stop
USDT:2026-09-18 09:53:46 1:1 ActivityProfilerController.cpp:415] profiler_start
USDT:2026-09-18 09:53:46 1:1 ActivityProfilerController.cpp:455] profiler_stop
USDT:2026-09-18 09:53:46 1:1 ActivityProfilerController.cpp:415] profiler_start
USDT:2026-09-18 09:53:46 1:1 ActivityProfilerController.cpp:455] profiler_stop
USDT:2026-09-18 09:53:46 1:1 ActivityProfilerController.cpp:415] profiler_start
USDT:2026-09-18 09:53:46 1:1 ActivityProfilerController.cpp:455] profiler_stop
USDT:2026-09-18 09:53:46 1:1 ActivityProfilerController.cpp:415] profiler_start
USDT:2026-09-18 09:53:46 1:1 ActivityProfilerController.cpp:455] profiler_stop
USDT:2026-09-18 09:53:46 1:1 ActivityProfilerController.cpp:415] profiler_start
USDT:2026-09-18 09:53:46 1:1 ActivityProfilerController.cpp:455] profiler_stop
USDT:2026-09-18 09:53:46 1:1 ActivityProfilerController.cpp:415] profiler_start
USDT:2026-09-18 09:53:46 1:1 ActivityProfilerController.cpp:455] profiler_stop
USDT:2026-09-18 09:53:46 1:1 ActivityProfilerController.cpp:415] profiler_start
USDT:2026-09-18 09:53:46 1:1 ActivityProfilerController.cpp:455] profiler_stop
   128     16384 |      22.21    0.41      0.38
   128     16385 |      30.19    1.08      0.28
   128     16386 |      30.50    1.23      0.28
USDT:2026-09-18 09:53:47 1:1 ActivityProfilerController.cpp:415] profiler_start
USDT:2026-09-18 09:53:47 1:1 ActivityProfilerController.cpp:455] profiler_stop
USDT:2026-09-18 09:53:47 1:1 ActivityProfilerController.cpp:415] profiler_start
USDT:2026-09-18 09:53:47 1:1 ActivityProfilerController.cpp:455] profiler_stop
USDT:2026-09-18 09:53:47 1:1 ActivityProfilerController.cpp:415] profiler_start
USDT:2026-09-18 09:53:47 1:1 ActivityProfilerController.cpp:455] profiler_stop
USDT:2026-09-18 09:53:47 1:1 ActivityProfilerController.cpp:415] profiler_start
USDT:2026-09-18 09:53:47 1:1 ActivityProfilerController.cpp:455] profiler_stop
USDT:2026-09-18 09:53:47 1:1 ActivityProfilerController.cpp:415] profiler_start
USDT:2026-09-18 09:53:47 1:1 ActivityProfilerController.cpp:455] profiler_stop
USDT:2026-09-18 09:53:47 1:1 ActivityProfilerController.cpp:415] profiler_start
USDT:2026-09-18 09:53:47 1:1 ActivityProfilerController.cpp:455] profiler_stop
USDT:2026-09-18 09:53:47 1:1 ActivityProfilerController.cpp:415] profiler_start
USDT:2026-09-18 09:53:47 1:1 ActivityProfilerController.cpp:455] profiler_stop
USDT:2026-09-18 09:53:47 1:1 ActivityProfilerController.cpp:415] profiler_start
USDT:2026-09-18 09:53:47 1:1 ActivityProfilerController.cpp:455] profiler_stop
USDT:2026-09-18 09:53:47 1:1 ActivityProfilerController.cpp:415] profiler_start
USDT:2026-09-18 09:53:47 1:1 ActivityProfilerController.cpp:455] profiler_stop
USDT:2026-09-18 09:53:47 1:1 ActivityProfilerController.cpp:415] profiler_start
USDT:2026-09-18 09:53:47 1:1 ActivityProfilerController.cpp:455] profiler_stop
USDT:2026-09-18 09:53:47 1:1 ActivityProfilerController.cpp:415] profiler_start
USDT:2026-09-18 09:53:47 1:1 ActivityProfilerController.cpp:455] profiler_stop
USDT:2026-09-18 09:53:48 1:1 ActivityProfilerController.cpp:415] profiler_start
USDT:2026-09-18 09:53:48 1:1 ActivityProfilerController.cpp:455] profiler_stop
   128     32768 |      29.39    0.94      0.57
   128     32769 |      29.89    0.71      0.56
   128     32770 |      29.76    1.09      0.56
USDT:2026-09-18 09:53:48 1:1 ActivityProfilerController.cpp:415] profiler_start
USDT:2026-09-18 09:53:48 1:1 ActivityProfilerController.cpp:455] profiler_stop
USDT:2026-09-18 09:53:48 1:1 ActivityProfilerController.cpp:415] profiler_start
USDT:2026-09-18 09:53:48 1:1 ActivityProfilerController.cpp:455] profiler_stop
USDT:2026-09-18 09:53:48 1:1 ActivityProfilerController.cpp:415] profiler_start
USDT:2026-09-18 09:53:48 1:1 ActivityProfilerController.cpp:455] profiler_stop
USDT:2026-09-18 09:53:48 1:1 ActivityProfilerController.cpp:415] profiler_start
USDT:2026-09-18 09:53:48 1:1 ActivityProfilerController.cpp:455] profiler_stop
USDT:2026-09-18 09:53:48 1:1 ActivityProfilerController.cpp:415] profiler_start
USDT:2026-09-18 09:53:48 1:1 ActivityProfilerController.cpp:455] profiler_stop
USDT:2026-09-18 09:53:48 1:1 ActivityProfilerController.cpp:415] profiler_start
USDT:2026-09-18 09:53:48 1:1 ActivityProfilerController.cpp:455] profiler_stop
USDT:2026-09-18 09:53:48 1:1 ActivityProfilerController.cpp:415] profiler_start
USDT:2026-09-18 09:53:48 1:1 ActivityProfilerController.cpp:455] profiler_stop
USDT:2026-09-18 09:53:48 1:1 ActivityProfilerController.cpp:415] profiler_start
USDT:2026-09-18 09:53:48 1:1 ActivityProfilerController.cpp:455] profiler_stop
USDT:2026-09-18 09:53:48 1:1 ActivityProfilerController.cpp:415] profiler_start
USDT:2026-09-18 09:53:48 1:1 ActivityProfilerController.cpp:455] profiler_stop
USDT:2026-09-18 09:53:48 1:1 ActivityProfilerController.cpp:415] profiler_start
USDT:2026-09-18 09:53:48 1:1 ActivityProfilerController.cpp:455] profiler_stop
USDT:2026-09-18 09:53:48 1:1 ActivityProfilerController.cpp:415] profiler_start
USDT:2026-09-18 09:53:48 1:1 ActivityProfilerController.cpp:455] profiler_stop
USDT:2026-09-18 09:53:48 1:1 ActivityProfilerController.cpp:415] profiler_start
USDT:2026-09-18 09:53:48 1:1 ActivityProfilerController.cpp:455] profiler_stop
   128     65536 |      31.82    0.17      1.05
   128     65537 |      32.04    0.39      1.05
   128     65538 |      31.97    0.88      1.05
USDT:2026-09-18 09:53:48 1:1 ActivityProfilerController.cpp:415] profiler_start
USDT:2026-09-18 09:53:48 1:1 ActivityProfilerController.cpp:455] profiler_stop
USDT:2026-09-18 09:53:48 1:1 ActivityProfilerController.cpp:415] profiler_start
USDT:2026-09-18 09:53:48 1:1 ActivityProfilerController.cpp:455] profiler_stop
USDT:2026-09-18 09:53:49 1:1 ActivityProfilerController.cpp:415] profiler_start
USDT:2026-09-18 09:53:49 1:1 ActivityProfilerController.cpp:455] profiler_stop
USDT:2026-09-18 09:53:49 1:1 ActivityProfilerController.cpp:415] profiler_start
USDT:2026-09-18 09:53:49 1:1 ActivityProfilerController.cpp:455] profiler_stop
USDT:2026-09-18 09:53:49 1:1 ActivityProfilerController.cpp:415] profiler_start
USDT:2026-09-18 09:53:49 1:1 ActivityProfilerController.cpp:455] profiler_stop
USDT:2026-09-18 09:53:49 1:1 ActivityProfilerController.cpp:415] profiler_start
USDT:2026-09-18 09:53:49 1:1 ActivityProfilerController.cpp:455] profiler_stop
USDT:2026-09-18 09:53:49 1:1 ActivityProfilerController.cpp:415] profiler_start
USDT:2026-09-18 09:53:49 1:1 ActivityProfilerController.cpp:455] profiler_stop
USDT:2026-09-18 09:53:49 1:1 ActivityProfilerController.cpp:415] profiler_start
USDT:2026-09-18 09:53:49 1:1 ActivityProfilerController.cpp:455] profiler_stop
USDT:2026-09-18 09:53:49 1:1 ActivityProfilerController.cpp:415] profiler_start
USDT:2026-09-18 09:53:49 1:1 ActivityProfilerController.cpp:455] profiler_stop
USDT:2026-09-18 09:53:49 1:1 ActivityProfilerController.cpp:415] profiler_start
USDT:2026-09-18 09:53:49 1:1 ActivityProfilerController.cpp:455] profiler_stop
USDT:2026-09-18 09:53:49 1:1 ActivityProfilerController.cpp:415] profiler_start
USDT:2026-09-18 09:53:49 1:1 ActivityProfilerController.cpp:455] profiler_stop
USDT:2026-09-18 09:53:49 1:1 ActivityProfilerController.cpp:415] profiler_start
USDT:2026-09-18 09:53:49 1:1 ActivityProfilerController.cpp:455] profiler_stop
   128    131072 |      37.82    1.12      1.77
   128    131073 |      38.44    1.25      1.75
   128    131074 |      38.46    1.18      1.74
USDT:2026-09-18 09:53:49 1:1 ActivityProfilerController.cpp:415] profiler_start
USDT:2026-09-18 09:53:49 1:1 ActivityProfilerController.cpp:455] profiler_stop
USDT:2026-09-18 09:53:50 1:1 ActivityProfilerController.cpp:415] profiler_start
USDT:2026-09-18 09:53:50 1:1 ActivityProfilerController.cpp:455] profiler_stop
USDT:2026-09-18 09:53:50 1:1 ActivityProfilerController.cpp:415] profiler_start
USDT:2026-09-18 09:53:50 1:1 ActivityProfilerController.cpp:455] profiler_stop
USDT:2026-09-18 09:53:50 1:1 ActivityProfilerController.cpp:415] profiler_start
USDT:2026-09-18 09:53:50 1:1 ActivityProfilerController.cpp:455] profiler_stop
USDT:2026-09-18 09:53:50 1:1 ActivityProfilerController.cpp:415] profiler_start
USDT:2026-09-18 09:53:50 1:1 ActivityProfilerController.cpp:455] profiler_stop
USDT:2026-09-18 09:53:50 1:1 ActivityProfilerController.cpp:415] profiler_start
USDT:2026-09-18 09:53:50 1:1 ActivityProfilerController.cpp:455] profiler_stop
USDT:2026-09-18 09:53:50 1:1 ActivityProfilerController.cpp:415] profiler_start
USDT:2026-09-18 09:53:50 1:1 ActivityProfilerController.cpp:455] profiler_stop
USDT:2026-09-18 09:53:50 1:1 ActivityProfilerController.cpp:415] profiler_start
USDT:2026-09-18 09:53:50 1:1 ActivityProfilerController.cpp:455] profiler_stop
USDT:2026-09-18 09:53:50 1:1 ActivityProfilerController.cpp:415] profiler_start
USDT:2026-09-18 09:53:50 1:1 ActivityProfilerController.cpp:455] profiler_stop
USDT:2026-09-18 09:53:50 1:1 ActivityProfilerController.cpp:415] profiler_start
USDT:2026-09-18 09:53:50 1:1 ActivityProfilerController.cpp:455] profiler_stop
USDT:2026-09-18 09:53:50 1:1 ActivityProfilerController.cpp:415] profiler_start
USDT:2026-09-18 09:53:50 1:1 ActivityProfilerController.cpp:455] profiler_stop
USDT:2026-09-18 09:53:50 1:1 ActivityProfilerController.cpp:415] profiler_start
USDT:2026-09-18 09:53:50 1:1 ActivityProfilerController.cpp:455] profiler_stop
   128    262144 |      54.11    3.27      2.48
   128    262145 |      52.97    2.14      2.53
   128    262146 |      52.43    3.10      2.56
USDT:2026-09-18 09:53:51 1:1 ActivityProfilerController.cpp:415] profiler_start
USDT:2026-09-18 09:53:51 1:1 ActivityProfilerController.cpp:455] profiler_stop
USDT:2026-09-18 09:53:51 1:1 ActivityProfilerController.cpp:415] profiler_start
USDT:2026-09-18 09:53:51 1:1 ActivityProfilerController.cpp:455] profiler_stop
USDT:2026-09-18 09:53:51 1:1 ActivityProfilerController.cpp:415] profiler_start
USDT:2026-09-18 09:53:51 1:1 ActivityProfilerController.cpp:455] profiler_stop
USDT:2026-09-18 09:53:51 1:1 ActivityProfilerController.cpp:415] profiler_start
USDT:2026-09-18 09:53:51 1:1 ActivityProfilerController.cpp:455] profiler_stop
USDT:2026-09-18 09:53:51 1:1 ActivityProfilerController.cpp:415] profiler_start
USDT:2026-09-18 09:53:51 1:1 ActivityProfilerController.cpp:455] profiler_stop
USDT:2026-09-18 09:53:51 1:1 ActivityProfilerController.cpp:415] profiler_start
USDT:2026-09-18 09:53:51 1:1 ActivityProfilerController.cpp:455] profiler_stop
USDT:2026-09-18 09:53:51 1:1 ActivityProfilerController.cpp:415] profiler_start
USDT:2026-09-18 09:53:51 1:1 ActivityProfilerController.cpp:455] profiler_stop
USDT:2026-09-18 09:53:51 1:1 ActivityProfilerController.cpp:415] profiler_start
USDT:2026-09-18 09:53:51 1:1 ActivityProfilerController.cpp:455] profiler_stop
USDT:2026-09-18 09:53:51 1:1 ActivityProfilerController.cpp:415] profiler_start
USDT:2026-09-18 09:53:51 1:1 ActivityProfilerController.cpp:455] profiler_stop
USDT:2026-09-18 09:53:51 1:1 ActivityProfilerController.cpp:415] profiler_start
USDT:2026-09-18 09:53:51 1:1 ActivityProfilerController.cpp:455] profiler_stop
USDT:2026-09-18 09:53:51 1:1 ActivityProfilerController.cpp:415] profiler_start
USDT:2026-09-18 09:53:51 1:1 ActivityProfilerController.cpp:455] profiler_stop
USDT:2026-09-18 09:53:51 1:1 ActivityProfilerController.cpp:415] profiler_start
USDT:2026-09-18 09:53:51 1:1 ActivityProfilerController.cpp:455] profiler_stop
   128    524288 |      77.32    0.32      3.47
   128    524289 |      77.37    0.27      3.47
   128    524290 |      77.30    0.14      3.47
USDT:2026-09-18 09:53:51 1:1 ActivityProfilerController.cpp:415] profiler_start
USDT:2026-09-18 09:53:51 1:1 ActivityProfilerController.cpp:455] profiler_stop
USDT:2026-09-18 09:53:52 1:1 ActivityProfilerController.cpp:415] profiler_start
USDT:2026-09-18 09:53:52 1:1 ActivityProfilerController.cpp:455] profiler_stop
USDT:2026-09-18 09:53:52 1:1 ActivityProfilerController.cpp:415] profiler_start
USDT:2026-09-18 09:53:52 1:1 ActivityProfilerController.cpp:455] profiler_stop
USDT:2026-09-18 09:53:52 1:1 ActivityProfilerController.cpp:415] profiler_start
USDT:2026-09-18 09:53:52 1:1 ActivityProfilerController.cpp:455] profiler_stop
USDT:2026-09-18 09:53:52 1:1 ActivityProfilerController.cpp:415] profiler_start
USDT:2026-09-18 09:53:52 1:1 ActivityProfilerController.cpp:455] profiler_stop
USDT:2026-09-18 09:53:52 1:1 ActivityProfilerController.cpp:415] profiler_start
USDT:2026-09-18 09:53:52 1:1 ActivityProfilerController.cpp:455] profiler_stop
USDT:2026-09-18 09:53:52 1:1 ActivityProfilerController.cpp:415] profiler_start
USDT:2026-09-18 09:53:52 1:1 ActivityProfilerController.cpp:455] profiler_stop
USDT:2026-09-18 09:53:52 1:1 ActivityProfilerController.cpp:415] profiler_start
USDT:2026-09-18 09:53:52 1:1 ActivityProfilerController.cpp:455] profiler_stop
USDT:2026-09-18 09:53:52 1:1 ActivityProfilerController.cpp:415] profiler_start
USDT:2026-09-18 09:53:52 1:1 ActivityProfilerController.cpp:455] profiler_stop
USDT:2026-09-18 09:53:52 1:1 ActivityProfilerController.cpp:415] profiler_start
USDT:2026-09-18 09:53:52 1:1 ActivityProfilerController.cpp:455] profiler_stop
USDT:2026-09-18 09:53:52 1:1 ActivityProfilerController.cpp:415] profiler_start
USDT:2026-09-18 09:53:52 1:1 ActivityProfilerController.cpp:455] profiler_stop
USDT:2026-09-18 09:53:53 1:1 ActivityProfilerController.cpp:415] profiler_start
USDT:2026-09-18 09:53:53 1:1 ActivityProfilerController.cpp:455] profiler_stop
   128   1048576 |     128.11    0.42      4.19
   128   1048577 |     129.18    0.43      4.16
   128   1048578 |     128.41    0.52      4.18
USDT:2026-09-18 09:53:53 1:1 ActivityProfilerController.cpp:415] profiler_start
USDT:2026-09-18 09:53:53 1:1 ActivityProfilerController.cpp:455] profiler_stop
USDT:2026-09-18 09:53:53 1:1 ActivityProfilerController.cpp:415] profiler_start
USDT:2026-09-18 09:53:53 1:1 ActivityProfilerController.cpp:455] profiler_stop
USDT:2026-09-18 09:53:53 1:1 ActivityProfilerController.cpp:415] profiler_start
USDT:2026-09-18 09:53:53 1:1 ActivityProfilerController.cpp:455] profiler_stop
USDT:2026-09-18 09:53:53 1:1 ActivityProfilerController.cpp:415] profiler_start
USDT:2026-09-18 09:53:53 1:1 ActivityProfilerController.cpp:455] profiler_stop
USDT:2026-09-18 09:53:53 1:1 ActivityProfilerController.cpp:415] profiler_start
USDT:2026-09-18 09:53:53 1:1 ActivityProfilerController.cpp:455] profiler_stop
USDT:2026-09-18 09:53:53 1:1 ActivityProfilerController.cpp:415] profiler_start
USDT:2026-09-18 09:53:53 1:1 ActivityProfilerController.cpp:455] profiler_stop
USDT:2026-09-18 09:53:53 1:1 ActivityProfilerController.cpp:415] profiler_start
USDT:2026-09-18 09:53:53 1:1 ActivityProfilerController.cpp:455] profiler_stop
USDT:2026-09-18 09:53:53 1:1 ActivityProfilerController.cpp:415] profiler_start
USDT:2026-09-18 09:53:53 1:1 ActivityProfilerController.cpp:455] profiler_stop
USDT:2026-09-18 09:53:53 1:1 ActivityProfilerController.cpp:415] profiler_start
USDT:2026-09-18 09:53:53 1:1 ActivityProfilerController.cpp:455] profiler_stop
USDT:2026-09-18 09:53:53 1:1 ActivityProfilerController.cpp:415] profiler_start
USDT:2026-09-18 09:53:53 1:1 ActivityProfilerController.cpp:455] profiler_stop
USDT:2026-09-18 09:53:53 1:1 ActivityProfilerController.cpp:415] profiler_start
USDT:2026-09-18 09:53:53 1:1 ActivityProfilerController.cpp:455] profiler_stop
USDT:2026-09-18 09:53:53 1:1 ActivityProfilerController.cpp:415] profiler_start
USDT:2026-09-18 09:53:53 1:1 ActivityProfilerController.cpp:455] profiler_stop
   256      2048 |       3.07    0.39      0.68
   256      2049 |      10.00    0.07      0.21
   256      2050 |      10.00    0.22      0.21
USDT:2026-09-18 09:53:53 1:1 ActivityProfilerController.cpp:415] profiler_start
USDT:2026-09-18 09:53:53 1:1 ActivityProfilerController.cpp:455] profiler_stop
USDT:2026-09-18 09:53:53 1:1 ActivityProfilerController.cpp:415] profiler_start
USDT:2026-09-18 09:53:53 1:1 ActivityProfilerController.cpp:455] profiler_stop
USDT:2026-09-18 09:53:53 1:1 ActivityProfilerController.cpp:415] profiler_start
USDT:2026-09-18 09:53:53 1:1 ActivityProfilerController.cpp:455] profiler_stop
USDT:2026-09-18 09:53:53 1:1 ActivityProfilerController.cpp:415] profiler_start
USDT:2026-09-18 09:53:53 1:1 ActivityProfilerController.cpp:455] profiler_stop
USDT:2026-09-18 09:53:54 1:1 ActivityProfilerController.cpp:415] profiler_start
USDT:2026-09-18 09:53:54 1:1 ActivityProfilerController.cpp:455] profiler_stop
USDT:2026-09-18 09:53:54 1:1 ActivityProfilerController.cpp:415] profiler_start
USDT:2026-09-18 09:53:54 1:1 ActivityProfilerController.cpp:455] profiler_stop
USDT:2026-09-18 09:53:54 1:1 ActivityProfilerController.cpp:415] profiler_start
USDT:2026-09-18 09:53:54 1:1 ActivityProfilerController.cpp:455] profiler_stop
USDT:2026-09-18 09:53:54 1:1 ActivityProfilerController.cpp:415] profiler_start
USDT:2026-09-18 09:53:54 1:1 ActivityProfilerController.cpp:455] profiler_stop
USDT:2026-09-18 09:53:54 1:1 ActivityProfilerController.cpp:415] profiler_start
USDT:2026-09-18 09:53:54 1:1 ActivityProfilerController.cpp:455] profiler_stop
USDT:2026-09-18 09:53:54 1:1 ActivityProfilerController.cpp:415] profiler_start
USDT:2026-09-18 09:53:54 1:1 ActivityProfilerController.cpp:455] profiler_stop
USDT:2026-09-18 09:53:54 1:1 ActivityProfilerController.cpp:415] profiler_start
USDT:2026-09-18 09:53:54 1:1 ActivityProfilerController.cpp:455] profiler_stop
USDT:2026-09-18 09:53:54 1:1 ActivityProfilerController.cpp:415] profiler_start
USDT:2026-09-18 09:53:54 1:1 ActivityProfilerController.cpp:455] profiler_stop
   256      4096 |      12.01    0.57      0.35
   256      4097 |      12.23    0.54      0.34
   256      4098 |      12.20    0.35      0.34
USDT:2026-09-18 09:53:54 1:1 ActivityProfilerController.cpp:415] profiler_start
USDT:2026-09-18 09:53:54 1:1 ActivityProfilerController.cpp:455] profiler_stop
USDT:2026-09-18 09:53:54 1:1 ActivityProfilerController.cpp:415] profiler_start
USDT:2026-09-18 09:53:54 1:1 ActivityProfilerController.cpp:455] profiler_stop
USDT:2026-09-18 09:53:54 1:1 ActivityProfilerController.cpp:415] profiler_start
USDT:2026-09-18 09:53:54 1:1 ActivityProfilerController.cpp:455] profiler_stop
USDT:2026-09-18 09:53:54 1:1 ActivityProfilerController.cpp:415] profiler_start
USDT:2026-09-18 09:53:54 1:1 ActivityProfilerController.cpp:455] profiler_stop
USDT:2026-09-18 09:53:54 1:1 ActivityProfilerController.cpp:415] profiler_start
USDT:2026-09-18 09:53:54 1:1 ActivityProfilerController.cpp:455] profiler_stop
USDT:2026-09-18 09:53:54 1:1 ActivityProfilerController.cpp:415] profiler_start
USDT:2026-09-18 09:53:54 1:1 ActivityProfilerController.cpp:455] profiler_stop
USDT:2026-09-18 09:53:54 1:1 ActivityProfilerController.cpp:415] profiler_start
USDT:2026-09-18 09:53:54 1:1 ActivityProfilerController.cpp:455] profiler_stop
USDT:2026-09-18 09:53:54 1:1 ActivityProfilerController.cpp:415] profiler_start
USDT:2026-09-18 09:53:54 1:1 ActivityProfilerController.cpp:455] profiler_stop
USDT:2026-09-18 09:53:54 1:1 ActivityProfilerController.cpp:415] profiler_start
USDT:2026-09-18 09:53:54 1:1 ActivityProfilerController.cpp:455] profiler_stop
USDT:2026-09-18 09:53:54 1:1 ActivityProfilerController.cpp:415] profiler_start
USDT:2026-09-18 09:53:54 1:1 ActivityProfilerController.cpp:455] profiler_stop
USDT:2026-09-18 09:53:54 1:1 ActivityProfilerController.cpp:415] profiler_start
USDT:2026-09-18 09:53:54 1:1 ActivityProfilerController.cpp:455] profiler_stop
USDT:2026-09-18 09:53:54 1:1 ActivityProfilerController.cpp:415] profiler_start
USDT:2026-09-18 09:53:54 1:1 ActivityProfilerController.cpp:455] profiler_stop
   256      8192 |      16.03    0.39      0.52
   256      8193 |      16.22    0.25      0.52
   256      8194 |      16.19    0.19      0.52
USDT:2026-09-18 09:53:54 1:1 ActivityProfilerController.cpp:415] profiler_start
USDT:2026-09-18 09:53:54 1:1 ActivityProfilerController.cpp:455] profiler_stop
USDT:2026-09-18 09:53:54 1:1 ActivityProfilerController.cpp:415] profiler_start
USDT:2026-09-18 09:53:54 1:1 ActivityProfilerController.cpp:455] profiler_stop
USDT:2026-09-18 09:53:55 1:1 ActivityProfilerController.cpp:415] profiler_start
USDT:2026-09-18 09:53:55 1:1 ActivityProfilerController.cpp:455] profiler_stop
USDT:2026-09-18 09:53:55 1:1 ActivityProfilerController.cpp:415] profiler_start
USDT:2026-09-18 09:53:55 1:1 ActivityProfilerController.cpp:455] profiler_stop
USDT:2026-09-18 09:53:55 1:1 ActivityProfilerController.cpp:415] profiler_start
USDT:2026-09-18 09:53:55 1:1 ActivityProfilerController.cpp:455] profiler_stop
USDT:2026-09-18 09:53:55 1:1 ActivityProfilerController.cpp:415] profiler_start
USDT:2026-09-18 09:53:55 1:1 ActivityProfilerController.cpp:455] profiler_stop
USDT:2026-09-18 09:53:55 1:1 ActivityProfilerController.cpp:415] profiler_start
USDT:2026-09-18 09:53:55 1:1 ActivityProfilerController.cpp:455] profiler_stop
USDT:2026-09-18 09:53:55 1:1 ActivityProfilerController.cpp:415] profiler_start
USDT:2026-09-18 09:53:55 1:1 ActivityProfilerController.cpp:455] profiler_stop
USDT:2026-09-18 09:53:55 1:1 ActivityProfilerController.cpp:415] profiler_start
USDT:2026-09-18 09:53:55 1:1 ActivityProfilerController.cpp:455] profiler_stop
USDT:2026-09-18 09:53:55 1:1 ActivityProfilerController.cpp:415] profiler_start
USDT:2026-09-18 09:53:55 1:1 ActivityProfilerController.cpp:455] profiler_stop
USDT:2026-09-18 09:53:55 1:1 ActivityProfilerController.cpp:415] profiler_start
USDT:2026-09-18 09:53:55 1:1 ActivityProfilerController.cpp:455] profiler_stop
USDT:2026-09-18 09:53:55 1:1 ActivityProfilerController.cpp:415] profiler_start
USDT:2026-09-18 09:53:55 1:1 ActivityProfilerController.cpp:455] profiler_stop
   256     16384 |      23.37    0.79      0.72
   256     16385 |      32.14    1.40      0.52
   256     16386 |      32.49    1.14      0.52
USDT:2026-09-18 09:53:55 1:1 ActivityProfilerController.cpp:415] profiler_start
USDT:2026-09-18 09:53:55 1:1 ActivityProfilerController.cpp:455] profiler_stop
USDT:2026-09-18 09:53:55 1:1 ActivityProfilerController.cpp:415] profiler_start
USDT:2026-09-18 09:53:55 1:1 ActivityProfilerController.cpp:455] profiler_stop
USDT:2026-09-18 09:53:56 1:1 ActivityProfilerController.cpp:415] profiler_start
USDT:2026-09-18 09:53:56 1:1 ActivityProfilerController.cpp:455] profiler_stop
USDT:2026-09-18 09:53:56 1:1 ActivityProfilerController.cpp:415] profiler_start
USDT:2026-09-18 09:53:56 1:1 ActivityProfilerController.cpp:455] profiler_stop
USDT:2026-09-18 09:53:56 1:1 ActivityProfilerController.cpp:415] profiler_start
USDT:2026-09-18 09:53:56 1:1 ActivityProfilerController.cpp:455] profiler_stop
USDT:2026-09-18 09:53:56 1:1 ActivityProfilerController.cpp:415] profiler_start
USDT:2026-09-18 09:53:56 1:1 ActivityProfilerController.cpp:455] profiler_stop
USDT:2026-09-18 09:53:56 1:1 ActivityProfilerController.cpp:415] profiler_start
USDT:2026-09-18 09:53:56 1:1 ActivityProfilerController.cpp:455] profiler_stop
USDT:2026-09-18 09:53:56 1:1 ActivityProfilerController.cpp:415] profiler_start
USDT:2026-09-18 09:53:56 1:1 ActivityProfilerController.cpp:455] profiler_stop
USDT:2026-09-18 09:53:56 1:1 ActivityProfilerController.cpp:415] profiler_start
USDT:2026-09-18 09:53:56 1:1 ActivityProfilerController.cpp:455] profiler_stop
USDT:2026-09-18 09:53:56 1:1 ActivityProfilerController.cpp:415] profiler_start
USDT:2026-09-18 09:53:56 1:1 ActivityProfilerController.cpp:455] profiler_stop
USDT:2026-09-18 09:53:56 1:1 ActivityProfilerController.cpp:415] profiler_start
USDT:2026-09-18 09:53:56 1:1 ActivityProfilerController.cpp:455] profiler_stop
USDT:2026-09-18 09:53:56 1:1 ActivityProfilerController.cpp:415] profiler_start
USDT:2026-09-18 09:53:56 1:1 ActivityProfilerController.cpp:455] profiler_stop
   256     32768 |      36.73    2.27      0.91
   256     32769 |      37.40    1.15      0.90
   256     32770 |      37.36    1.49      0.90
USDT:2026-09-18 09:53:56 1:1 ActivityProfilerController.cpp:415] profiler_start
USDT:2026-09-18 09:53:56 1:1 ActivityProfilerController.cpp:455] profiler_stop
USDT:2026-09-18 09:53:56 1:1 ActivityProfilerController.cpp:415] profiler_start
USDT:2026-09-18 09:53:56 1:1 ActivityProfilerController.cpp:455] profiler_stop
USDT:2026-09-18 09:53:57 1:1 ActivityProfilerController.cpp:415] profiler_start
USDT:2026-09-18 09:53:57 1:1 ActivityProfilerController.cpp:455] profiler_stop
USDT:2026-09-18 09:53:57 1:1 ActivityProfilerController.cpp:415] profiler_start
USDT:2026-09-18 09:53:57 1:1 ActivityProfilerController.cpp:455] profiler_stop
USDT:2026-09-18 09:53:57 1:1 ActivityProfilerController.cpp:415] profiler_start
USDT:2026-09-18 09:53:57 1:1 ActivityProfilerController.cpp:455] profiler_stop
USDT:2026-09-18 09:53:57 1:1 ActivityProfilerController.cpp:415] profiler_start
USDT:2026-09-18 09:53:57 1:1 ActivityProfilerController.cpp:455] profiler_stop
USDT:2026-09-18 09:53:57 1:1 ActivityProfilerController.cpp:415] profiler_start
USDT:2026-09-18 09:53:57 1:1 ActivityProfilerController.cpp:455] profiler_stop
USDT:2026-09-18 09:53:57 1:1 ActivityProfilerController.cpp:415] profiler_start
USDT:2026-09-18 09:53:57 1:1 ActivityProfilerController.cpp:455] profiler_stop
USDT:2026-09-18 09:53:57 1:1 ActivityProfilerController.cpp:415] profiler_start
USDT:2026-09-18 09:53:57 1:1 ActivityProfilerController.cpp:455] profiler_stop
USDT:2026-09-18 09:53:57 1:1 ActivityProfilerController.cpp:415] profiler_start
USDT:2026-09-18 09:53:57 1:1 ActivityProfilerController.cpp:455] profiler_stop
USDT:2026-09-18 09:53:57 1:1 ActivityProfilerController.cpp:415] profiler_start
USDT:2026-09-18 09:53:57 1:1 ActivityProfilerController.cpp:455] profiler_stop
USDT:2026-09-18 09:53:57 1:1 ActivityProfilerController.cpp:415] profiler_start
USDT:2026-09-18 09:53:57 1:1 ActivityProfilerController.cpp:455] profiler_stop
   256     65536 |      40.24    0.20      1.67
   256     65537 |      41.56    0.53      1.61
   256     65538 |      41.56    1.19      1.61
USDT:2026-09-18 09:53:57 1:1 ActivityProfilerController.cpp:415] profiler_start
USDT:2026-09-18 09:53:57 1:1 ActivityProfilerController.cpp:455] profiler_stop
USDT:2026-09-18 09:53:57 1:1 ActivityProfilerController.cpp:415] profiler_start
USDT:2026-09-18 09:53:57 1:1 ActivityProfilerController.cpp:455] profiler_stop
USDT:2026-09-18 09:53:57 1:1 ActivityProfilerController.cpp:415] profiler_start
USDT:2026-09-18 09:53:57 1:1 ActivityProfilerController.cpp:455] profiler_stop
USDT:2026-09-18 09:53:57 1:1 ActivityProfilerController.cpp:415] profiler_start
USDT:2026-09-18 09:53:57 1:1 ActivityProfilerController.cpp:455] profiler_stop
USDT:2026-09-18 09:53:57 1:1 ActivityProfilerController.cpp:415] profiler_start
USDT:2026-09-18 09:53:57 1:1 ActivityProfilerController.cpp:455] profiler_stop
USDT:2026-09-18 09:53:57 1:1 ActivityProfilerController.cpp:415] profiler_start
USDT:2026-09-18 09:53:58 1:1 ActivityProfilerController.cpp:455] profiler_stop
USDT:2026-09-18 09:53:58 1:1 ActivityProfilerController.cpp:415] profiler_start
USDT:2026-09-18 09:53:58 1:1 ActivityProfilerController.cpp:455] profiler_stop
USDT:2026-09-18 09:53:58 1:1 ActivityProfilerController.cpp:415] profiler_start
USDT:2026-09-18 09:53:58 1:1 ActivityProfilerController.cpp:455] profiler_stop
USDT:2026-09-18 09:53:58 1:1 ActivityProfilerController.cpp:415] profiler_start
USDT:2026-09-18 09:53:58 1:1 ActivityProfilerController.cpp:455] profiler_stop
USDT:2026-09-18 09:53:58 1:1 ActivityProfilerController.cpp:415] profiler_start
USDT:2026-09-18 09:53:58 1:1 ActivityProfilerController.cpp:455] profiler_stop
USDT:2026-09-18 09:53:58 1:1 ActivityProfilerController.cpp:415] profiler_start
USDT:2026-09-18 09:53:58 1:1 ActivityProfilerController.cpp:455] profiler_stop
USDT:2026-09-18 09:53:58 1:1 ActivityProfilerController.cpp:415] profiler_start
USDT:2026-09-18 09:53:58 1:1 ActivityProfilerController.cpp:455] profiler_stop
   256    131072 |      54.44    3.07      2.47
   256    131073 |      54.21    2.90      2.48
   256    131074 |      53.82    2.13      2.49
USDT:2026-09-18 09:53:58 1:1 ActivityProfilerController.cpp:415] profiler_start
USDT:2026-09-18 09:53:58 1:1 ActivityProfilerController.cpp:455] profiler_stop
USDT:2026-09-18 09:53:58 1:1 ActivityProfilerController.cpp:415] profiler_start
USDT:2026-09-18 09:53:58 1:1 ActivityProfilerController.cpp:455] profiler_stop
USDT:2026-09-18 09:53:58 1:1 ActivityProfilerController.cpp:415] profiler_start
USDT:2026-09-18 09:53:58 1:1 ActivityProfilerController.cpp:455] profiler_stop
USDT:2026-09-18 09:53:58 1:1 ActivityProfilerController.cpp:415] profiler_start
USDT:2026-09-18 09:53:58 1:1 ActivityProfilerController.cpp:455] profiler_stop
USDT:2026-09-18 09:53:59 1:1 ActivityProfilerController.cpp:415] profiler_start
USDT:2026-09-18 09:53:59 1:1 ActivityProfilerController.cpp:455] profiler_stop
USDT:2026-09-18 09:53:59 1:1 ActivityProfilerController.cpp:415] profiler_start
USDT:2026-09-18 09:53:59 1:1 ActivityProfilerController.cpp:455] profiler_stop
USDT:2026-09-18 09:53:59 1:1 ActivityProfilerController.cpp:415] profiler_start
USDT:2026-09-18 09:53:59 1:1 ActivityProfilerController.cpp:455] profiler_stop
USDT:2026-09-18 09:53:59 1:1 ActivityProfilerController.cpp:415] profiler_start
USDT:2026-09-18 09:53:59 1:1 ActivityProfilerController.cpp:455] profiler_stop
USDT:2026-09-18 09:53:59 1:1 ActivityProfilerController.cpp:415] profiler_start
USDT:2026-09-18 09:53:59 1:1 ActivityProfilerController.cpp:455] profiler_stop
USDT:2026-09-18 09:53:59 1:1 ActivityProfilerController.cpp:415] profiler_start
USDT:2026-09-18 09:53:59 1:1 ActivityProfilerController.cpp:455] profiler_stop
USDT:2026-09-18 09:53:59 1:1 ActivityProfilerController.cpp:415] profiler_start
USDT:2026-09-18 09:53:59 1:1 ActivityProfilerController.cpp:455] profiler_stop
USDT:2026-09-18 09:53:59 1:1 ActivityProfilerController.cpp:415] profiler_start
USDT:2026-09-18 09:53:59 1:1 ActivityProfilerController.cpp:455] profiler_stop
   256    262144 |      80.84    1.64      3.32
   256    262145 |      82.64    0.82      3.25
   256    262146 |      81.72    1.39      3.28
USDT:2026-09-18 09:53:59 1:1 ActivityProfilerController.cpp:415] profiler_start
USDT:2026-09-18 09:53:59 1:1 ActivityProfilerController.cpp:455] profiler_stop
USDT:2026-09-18 09:53:59 1:1 ActivityProfilerController.cpp:415] profiler_start
USDT:2026-09-18 09:53:59 1:1 ActivityProfilerController.cpp:455] profiler_stop
USDT:2026-09-18 09:54:00 1:1 ActivityProfilerController.cpp:415] profiler_start
USDT:2026-09-18 09:54:00 1:1 ActivityProfilerController.cpp:455] profiler_stop
USDT:2026-09-18 09:54:00 1:1 ActivityProfilerController.cpp:415] profiler_start
USDT:2026-09-18 09:54:00 1:1 ActivityProfilerController.cpp:455] profiler_stop
USDT:2026-09-18 09:54:00 1:1 ActivityProfilerController.cpp:415] profiler_start
USDT:2026-09-18 09:54:00 1:1 ActivityProfilerController.cpp:455] profiler_stop
USDT:2026-09-18 09:54:00 1:1 ActivityProfilerController.cpp:415] profiler_start
USDT:2026-09-18 09:54:00 1:1 ActivityProfilerController.cpp:455] profiler_stop
USDT:2026-09-18 09:54:00 1:1 ActivityProfilerController.cpp:415] profiler_start
USDT:2026-09-18 09:54:00 1:1 ActivityProfilerController.cpp:455] profiler_stop
USDT:2026-09-18 09:54:00 1:1 ActivityProfilerController.cpp:415] profiler_start
USDT:2026-09-18 09:54:00 1:1 ActivityProfilerController.cpp:455] profiler_stop
USDT:2026-09-18 09:54:00 1:1 ActivityProfilerController.cpp:415] profiler_start
USDT:2026-09-18 09:54:00 1:1 ActivityProfilerController.cpp:455] profiler_stop
USDT:2026-09-18 09:54:00 1:1 ActivityProfilerController.cpp:415] profiler_start
USDT:2026-09-18 09:54:00 1:1 ActivityProfilerController.cpp:455] profiler_stop
USDT:2026-09-18 09:54:00 1:1 ActivityProfilerController.cpp:415] profiler_start
USDT:2026-09-18 09:54:00 1:1 ActivityProfilerController.cpp:455] profiler_stop
USDT:2026-09-18 09:54:00 1:1 ActivityProfilerController.cpp:415] profiler_start
USDT:2026-09-18 09:54:00 1:1 ActivityProfilerController.cpp:455] profiler_stop
   256    524288 |     129.14    1.01      4.16
   256    524289 |     130.64    0.81      4.11
   256    524290 |     129.66    0.32      4.14
USDT:2026-09-18 09:54:00 1:1 ActivityProfilerController.cpp:415] profiler_start
USDT:2026-09-18 09:54:00 1:1 ActivityProfilerController.cpp:455] profiler_stop
USDT:2026-09-18 09:54:00 1:1 ActivityProfilerController.cpp:415] profiler_start
USDT:2026-09-18 09:54:00 1:1 ActivityProfilerController.cpp:455] profiler_stop
USDT:2026-09-18 09:54:00 1:1 ActivityProfilerController.cpp:415] profiler_start
USDT:2026-09-18 09:54:01 1:1 ActivityProfilerController.cpp:455] profiler_stop
USDT:2026-09-18 09:54:01 1:1 ActivityProfilerController.cpp:415] profiler_start
USDT:2026-09-18 09:54:01 1:1 ActivityProfilerController.cpp:455] profiler_stop
USDT:2026-09-18 09:54:01 1:1 ActivityProfilerController.cpp:415] profiler_start
USDT:2026-09-18 09:54:01 1:1 ActivityProfilerController.cpp:455] profiler_stop
USDT:2026-09-18 09:54:01 1:1 ActivityProfilerController.cpp:415] profiler_start
USDT:2026-09-18 09:54:01 1:1 ActivityProfilerController.cpp:455] profiler_stop
USDT:2026-09-18 09:54:01 1:1 ActivityProfilerController.cpp:415] profiler_start
USDT:2026-09-18 09:54:01 1:1 ActivityProfilerController.cpp:455] profiler_stop
USDT:2026-09-18 09:54:01 1:1 ActivityProfilerController.cpp:415] profiler_start
USDT:2026-09-18 09:54:01 1:1 ActivityProfilerController.cpp:455] profiler_stop
USDT:2026-09-18 09:54:01 1:1 ActivityProfilerController.cpp:415] profiler_start
USDT:2026-09-18 09:54:01 1:1 ActivityProfilerController.cpp:455] profiler_stop
USDT:2026-09-18 09:54:01 1:1 ActivityProfilerController.cpp:415] profiler_start
USDT:2026-09-18 09:54:01 1:1 ActivityProfilerController.cpp:455] profiler_stop
USDT:2026-09-18 09:54:01 1:1 ActivityProfilerController.cpp:415] profiler_start
USDT:2026-09-18 09:54:01 1:1 ActivityProfilerController.cpp:455] profiler_stop
USDT:2026-09-18 09:54:02 1:1 ActivityProfilerController.cpp:415] profiler_start
USDT:2026-09-18 09:54:02 1:1 ActivityProfilerController.cpp:455] profiler_stop
   256   1048576 |     219.04    3.73      4.90
   256   1048577 |     220.92    3.42      4.86
   256   1048578 |     220.37    0.18      4.87
USDT:2026-09-18 09:54:02 1:1 ActivityProfilerController.cpp:415] profiler_start
USDT:2026-09-18 09:54:02 1:1 ActivityProfilerController.cpp:455] profiler_stop
USDT:2026-09-18 09:54:02 1:1 ActivityProfilerController.cpp:415] profiler_start
USDT:2026-09-18 09:54:02 1:1 ActivityProfilerController.cpp:455] profiler_stop
USDT:2026-09-18 09:54:02 1:1 ActivityProfilerController.cpp:415] profiler_start
USDT:2026-09-18 09:54:02 1:1 ActivityProfilerController.cpp:455] profiler_stop
USDT:2026-09-18 09:54:02 1:1 ActivityProfilerController.cpp:415] profiler_start
USDT:2026-09-18 09:54:02 1:1 ActivityProfilerController.cpp:455] profiler_stop
USDT:2026-09-18 09:54:02 1:1 ActivityProfilerController.cpp:415] profiler_start
USDT:2026-09-18 09:54:02 1:1 ActivityProfilerController.cpp:455] profiler_stop
USDT:2026-09-18 09:54:02 1:1 ActivityProfilerController.cpp:415] profiler_start
USDT:2026-09-18 09:54:02 1:1 ActivityProfilerController.cpp:455] profiler_stop
USDT:2026-09-18 09:54:02 1:1 ActivityProfilerController.cpp:415] profiler_start
USDT:2026-09-18 09:54:02 1:1 ActivityProfilerController.cpp:455] profiler_stop
USDT:2026-09-18 09:54:02 1:1 ActivityProfilerController.cpp:415] profiler_start
USDT:2026-09-18 09:54:02 1:1 ActivityProfilerController.cpp:455] profiler_stop
USDT:2026-09-18 09:54:02 1:1 ActivityProfilerController.cpp:415] profiler_start
USDT:2026-09-18 09:54:02 1:1 ActivityProfilerController.cpp:455] profiler_stop
USDT:2026-09-18 09:54:02 1:1 ActivityProfilerController.cpp:415] profiler_start
USDT:2026-09-18 09:54:02 1:1 ActivityProfilerController.cpp:455] profiler_stop
USDT:2026-09-18 09:54:02 1:1 ActivityProfilerController.cpp:415] profiler_start
USDT:2026-09-18 09:54:02 1:1 ActivityProfilerController.cpp:455] profiler_stop
USDT:2026-09-18 09:54:02 1:1 ActivityProfilerController.cpp:415] profiler_start
USDT:2026-09-18 09:54:02 1:1 ActivityProfilerController.cpp:455] profiler_stop
   512      2048 |       3.33    1.13      1.26
   512      2049 |      12.46    0.15      0.34
   512      2050 |      12.49    0.53      0.34
USDT:2026-09-18 09:54:02 1:1 ActivityProfilerController.cpp:415] profiler_start
USDT:2026-09-18 09:54:02 1:1 ActivityProfilerController.cpp:455] profiler_stop
USDT:2026-09-18 09:54:02 1:1 ActivityProfilerController.cpp:415] profiler_start
USDT:2026-09-18 09:54:02 1:1 ActivityProfilerController.cpp:455] profiler_stop
USDT:2026-09-18 09:54:02 1:1 ActivityProfilerController.cpp:415] profiler_start
USDT:2026-09-18 09:54:02 1:1 ActivityProfilerController.cpp:455] profiler_stop
USDT:2026-09-18 09:54:02 1:1 ActivityProfilerController.cpp:415] profiler_start
USDT:2026-09-18 09:54:02 1:1 ActivityProfilerController.cpp:455] profiler_stop
USDT:2026-09-18 09:54:02 1:1 ActivityProfilerController.cpp:415] profiler_start
USDT:2026-09-18 09:54:02 1:1 ActivityProfilerController.cpp:455] profiler_stop
USDT:2026-09-18 09:54:02 1:1 ActivityProfilerController.cpp:415] profiler_start
USDT:2026-09-18 09:54:02 1:1 ActivityProfilerController.cpp:455] profiler_stop
USDT:2026-09-18 09:54:02 1:1 ActivityProfilerController.cpp:415] profiler_start
USDT:2026-09-18 09:54:02 1:1 ActivityProfilerController.cpp:455] profiler_stop
USDT:2026-09-18 09:54:02 1:1 ActivityProfilerController.cpp:415] profiler_start
USDT:2026-09-18 09:54:02 1:1 ActivityProfilerController.cpp:455] profiler_stop
USDT:2026-09-18 09:54:02 1:1 ActivityProfilerController.cpp:415] profiler_start
USDT:2026-09-18 09:54:02 1:1 ActivityProfilerController.cpp:455] profiler_stop
USDT:2026-09-18 09:54:02 1:1 ActivityProfilerController.cpp:415] profiler_start
USDT:2026-09-18 09:54:02 1:1 ActivityProfilerController.cpp:455] profiler_stop
USDT:2026-09-18 09:54:03 1:1 ActivityProfilerController.cpp:415] profiler_start
USDT:2026-09-18 09:54:03 1:1 ActivityProfilerController.cpp:455] profiler_stop
USDT:2026-09-18 09:54:03 1:1 ActivityProfilerController.cpp:415] profiler_start
USDT:2026-09-18 09:54:03 1:1 ActivityProfilerController.cpp:455] profiler_stop
   512      4096 |      15.76    0.60      0.53
   512      4097 |      15.86    0.90      0.53
   512      4098 |      15.85    0.89      0.53
USDT:2026-09-18 09:54:03 1:1 ActivityProfilerController.cpp:415] profiler_start
USDT:2026-09-18 09:54:03 1:1 ActivityProfilerController.cpp:455] profiler_stop
USDT:2026-09-18 09:54:03 1:1 ActivityProfilerController.cpp:415] profiler_start
USDT:2026-09-18 09:54:03 1:1 ActivityProfilerController.cpp:455] profiler_stop
USDT:2026-09-18 09:54:03 1:1 ActivityProfilerController.cpp:415] profiler_start
USDT:2026-09-18 09:54:03 1:1 ActivityProfilerController.cpp:455] profiler_stop
USDT:2026-09-18 09:54:03 1:1 ActivityProfilerController.cpp:415] profiler_start
USDT:2026-09-18 09:54:03 1:1 ActivityProfilerController.cpp:455] profiler_stop
USDT:2026-09-18 09:54:03 1:1 ActivityProfilerController.cpp:415] profiler_start
USDT:2026-09-18 09:54:03 1:1 ActivityProfilerController.cpp:455] profiler_stop
USDT:2026-09-18 09:54:03 1:1 ActivityProfilerController.cpp:415] profiler_start
USDT:2026-09-18 09:54:03 1:1 ActivityProfilerController.cpp:455] profiler_stop
USDT:2026-09-18 09:54:03 1:1 ActivityProfilerController.cpp:415] profiler_start
USDT:2026-09-18 09:54:03 1:1 ActivityProfilerController.cpp:455] profiler_stop
USDT:2026-09-18 09:54:03 1:1 ActivityProfilerController.cpp:415] profiler_start
USDT:2026-09-18 09:54:03 1:1 ActivityProfilerController.cpp:455] profiler_stop
USDT:2026-09-18 09:54:03 1:1 ActivityProfilerController.cpp:415] profiler_start
USDT:2026-09-18 09:54:03 1:1 ActivityProfilerController.cpp:455] profiler_stop
USDT:2026-09-18 09:54:03 1:1 ActivityProfilerController.cpp:415] profiler_start
USDT:2026-09-18 09:54:03 1:1 ActivityProfilerController.cpp:455] profiler_stop
USDT:2026-09-18 09:54:03 1:1 ActivityProfilerController.cpp:415] profiler_start
USDT:2026-09-18 09:54:03 1:1 ActivityProfilerController.cpp:455] profiler_stop
USDT:2026-09-18 09:54:04 1:1 ActivityProfilerController.cpp:415] profiler_start
USDT:2026-09-18 09:54:04 1:1 ActivityProfilerController.cpp:455] profiler_stop
   512      8192 |      21.65    1.18      0.77
   512      8193 |      45.29    0.39      0.37
   512      8194 |      45.38    0.95      0.37
USDT:2026-09-18 09:54:04 1:1 ActivityProfilerController.cpp:415] profiler_start
USDT:2026-09-18 09:54:04 1:1 ActivityProfilerController.cpp:455] profiler_stop
USDT:2026-09-18 09:54:04 1:1 ActivityProfilerController.cpp:415] profiler_start
USDT:2026-09-18 09:54:04 1:1 ActivityProfilerController.cpp:455] profiler_stop
USDT:2026-09-18 09:54:04 1:1 ActivityProfilerController.cpp:415] profiler_start
USDT:2026-09-18 09:54:04 1:1 ActivityProfilerController.cpp:455] profiler_stop
USDT:2026-09-18 09:54:04 1:1 ActivityProfilerController.cpp:415] profiler_start
USDT:2026-09-18 09:54:04 1:1 ActivityProfilerController.cpp:455] profiler_stop
USDT:2026-09-18 09:54:04 1:1 ActivityProfilerController.cpp:415] profiler_start
USDT:2026-09-18 09:54:04 1:1 ActivityProfilerController.cpp:455] profiler_stop
USDT:2026-09-18 09:54:04 1:1 ActivityProfilerController.cpp:415] profiler_start
USDT:2026-09-18 09:54:04 1:1 ActivityProfilerController.cpp:455] profiler_stop
USDT:2026-09-18 09:54:04 1:1 ActivityProfilerController.cpp:415] profiler_start
USDT:2026-09-18 09:54:04 1:1 ActivityProfilerController.cpp:455] profiler_stop
USDT:2026-09-18 09:54:04 1:1 ActivityProfilerController.cpp:415] profiler_start
USDT:2026-09-18 09:54:04 1:1 ActivityProfilerController.cpp:455] profiler_stop
USDT:2026-09-18 09:54:04 1:1 ActivityProfilerController.cpp:415] profiler_start
USDT:2026-09-18 09:54:04 1:1 ActivityProfilerController.cpp:455] profiler_stop
USDT:2026-09-18 09:54:04 1:1 ActivityProfilerController.cpp:415] profiler_start
USDT:2026-09-18 09:54:04 1:1 ActivityProfilerController.cpp:455] profiler_stop
USDT:2026-09-18 09:54:04 1:1 ActivityProfilerController.cpp:415] profiler_start
USDT:2026-09-18 09:54:04 1:1 ActivityProfilerController.cpp:455] profiler_stop
USDT:2026-09-18 09:54:05 1:1 ActivityProfilerController.cpp:415] profiler_start
USDT:2026-09-18 09:54:05 1:1 ActivityProfilerController.cpp:455] profiler_stop
   512     16384 |      38.75    0.56      0.87
   512     16385 |      39.49    0.64      0.85
   512     16386 |      39.62    2.01      0.85
USDT:2026-09-18 09:54:05 1:1 ActivityProfilerController.cpp:415] profiler_start
USDT:2026-09-18 09:54:05 1:1 ActivityProfilerController.cpp:455] profiler_stop
USDT:2026-09-18 09:54:05 1:1 ActivityProfilerController.cpp:415] profiler_start
USDT:2026-09-18 09:54:05 1:1 ActivityProfilerController.cpp:455] profiler_stop
USDT:2026-09-18 09:54:05 1:1 ActivityProfilerController.cpp:415] profiler_start
USDT:2026-09-18 09:54:05 1:1 ActivityProfilerController.cpp:455] profiler_stop
USDT:2026-09-18 09:54:05 1:1 ActivityProfilerController.cpp:415] profiler_start
USDT:2026-09-18 09:54:05 1:1 ActivityProfilerController.cpp:455] profiler_stop
USDT:2026-09-18 09:54:05 1:1 ActivityProfilerController.cpp:415] profiler_start
USDT:2026-09-18 09:54:05 1:1 ActivityProfilerController.cpp:455] profiler_stop
USDT:2026-09-18 09:54:05 1:1 ActivityProfilerController.cpp:415] profiler_start
USDT:2026-09-18 09:54:05 1:1 ActivityProfilerController.cpp:455] profiler_stop
USDT:2026-09-18 09:54:05 1:1 ActivityProfilerController.cpp:415] profiler_start
USDT:2026-09-18 09:54:05 1:1 ActivityProfilerController.cpp:455] profiler_stop
USDT:2026-09-18 09:54:05 1:1 ActivityProfilerController.cpp:415] profiler_start
USDT:2026-09-18 09:54:05 1:1 ActivityProfilerController.cpp:455] profiler_stop
USDT:2026-09-18 09:54:05 1:1 ActivityProfilerController.cpp:415] profiler_start
USDT:2026-09-18 09:54:05 1:1 ActivityProfilerController.cpp:455] profiler_stop
USDT:2026-09-18 09:54:05 1:1 ActivityProfilerController.cpp:415] profiler_start
USDT:2026-09-18 09:54:05 1:1 ActivityProfilerController.cpp:455] profiler_stop
USDT:2026-09-18 09:54:05 1:1 ActivityProfilerController.cpp:415] profiler_start
USDT:2026-09-18 09:54:05 1:1 ActivityProfilerController.cpp:455] profiler_stop
USDT:2026-09-18 09:54:05 1:1 ActivityProfilerController.cpp:415] profiler_start
USDT:2026-09-18 09:54:05 1:1 ActivityProfilerController.cpp:455] profiler_stop
   512     32768 |      47.80    1.21      1.40
   512     32769 |      48.09    0.07      1.40
   512     32770 |      48.18    1.88      1.39
USDT:2026-09-18 09:54:05 1:1 ActivityProfilerController.cpp:415] profiler_start
USDT:2026-09-18 09:54:05 1:1 ActivityProfilerController.cpp:455] profiler_stop
USDT:2026-09-18 09:54:05 1:1 ActivityProfilerController.cpp:415] profiler_start
USDT:2026-09-18 09:54:05 1:1 ActivityProfilerController.cpp:455] profiler_stop
USDT:2026-09-18 09:54:06 1:1 ActivityProfilerController.cpp:415] profiler_start
USDT:2026-09-18 09:54:06 1:1 ActivityProfilerController.cpp:455] profiler_stop
USDT:2026-09-18 09:54:06 1:1 ActivityProfilerController.cpp:415] profiler_start
USDT:2026-09-18 09:54:06 1:1 ActivityProfilerController.cpp:455] profiler_stop
USDT:2026-09-18 09:54:06 1:1 ActivityProfilerController.cpp:415] profiler_start
USDT:2026-09-18 09:54:06 1:1 ActivityProfilerController.cpp:455] profiler_stop
USDT:2026-09-18 09:54:06 1:1 ActivityProfilerController.cpp:415] profiler_start
USDT:2026-09-18 09:54:06 1:1 ActivityProfilerController.cpp:455] profiler_stop
USDT:2026-09-18 09:54:06 1:1 ActivityProfilerController.cpp:415] profiler_start
USDT:2026-09-18 09:54:06 1:1 ActivityProfilerController.cpp:455] profiler_stop
USDT:2026-09-18 09:54:06 1:1 ActivityProfilerController.cpp:415] profiler_start
USDT:2026-09-18 09:54:06 1:1 ActivityProfilerController.cpp:455] profiler_stop
USDT:2026-09-18 09:54:06 1:1 ActivityProfilerController.cpp:415] profiler_start
USDT:2026-09-18 09:54:06 1:1 ActivityProfilerController.cpp:455] profiler_stop
USDT:2026-09-18 09:54:06 1:1 ActivityProfilerController.cpp:415] profiler_start
USDT:2026-09-18 09:54:06 1:1 ActivityProfilerController.cpp:455] profiler_stop
USDT:2026-09-18 09:54:06 1:1 ActivityProfilerController.cpp:415] profiler_start
USDT:2026-09-18 09:54:06 1:1 ActivityProfilerController.cpp:455] profiler_stop
USDT:2026-09-18 09:54:06 1:1 ActivityProfilerController.cpp:415] profiler_start
USDT:2026-09-18 09:54:06 1:1 ActivityProfilerController.cpp:455] profiler_stop
   512     65536 |      63.92    2.96      2.10
   512     65537 |      65.07    1.56      2.06
   512     65538 |      64.30    0.27      2.09
USDT:2026-09-18 09:54:06 1:1 ActivityProfilerController.cpp:415] profiler_start
USDT:2026-09-18 09:54:06 1:1 ActivityProfilerController.cpp:455] profiler_stop
USDT:2026-09-18 09:54:07 1:1 ActivityProfilerController.cpp:415] profiler_start
USDT:2026-09-18 09:54:07 1:1 ActivityProfilerController.cpp:455] profiler_stop
USDT:2026-09-18 09:54:07 1:1 ActivityProfilerController.cpp:415] profiler_start
USDT:2026-09-18 09:54:07 1:1 ActivityProfilerController.cpp:455] profiler_stop
USDT:2026-09-18 09:54:07 1:1 ActivityProfilerController.cpp:415] profiler_start
USDT:2026-09-18 09:54:07 1:1 ActivityProfilerController.cpp:455] profiler_stop
USDT:2026-09-18 09:54:07 1:1 ActivityProfilerController.cpp:415] profiler_start
USDT:2026-09-18 09:54:07 1:1 ActivityProfilerController.cpp:455] profiler_stop
USDT:2026-09-18 09:54:07 1:1 ActivityProfilerController.cpp:415] profiler_start
USDT:2026-09-18 09:54:07 1:1 ActivityProfilerController.cpp:455] profiler_stop
USDT:2026-09-18 09:54:07 1:1 ActivityProfilerController.cpp:415] profiler_start
USDT:2026-09-18 09:54:07 1:1 ActivityProfilerController.cpp:455] profiler_stop
USDT:2026-09-18 09:54:07 1:1 ActivityProfilerController.cpp:415] profiler_start
USDT:2026-09-18 09:54:07 1:1 ActivityProfilerController.cpp:455] profiler_stop
USDT:2026-09-18 09:54:07 1:1 ActivityProfilerController.cpp:415] profiler_start
USDT:2026-09-18 09:54:07 1:1 ActivityProfilerController.cpp:455] profiler_stop
USDT:2026-09-18 09:54:07 1:1 ActivityProfilerController.cpp:415] profiler_start
USDT:2026-09-18 09:54:07 1:1 ActivityProfilerController.cpp:455] profiler_stop
USDT:2026-09-18 09:54:07 1:1 ActivityProfilerController.cpp:415] profiler_start
USDT:2026-09-18 09:54:07 1:1 ActivityProfilerController.cpp:455] profiler_stop
USDT:2026-09-18 09:54:08 1:1 ActivityProfilerController.cpp:415] profiler_start
USDT:2026-09-18 09:54:08 1:1 ActivityProfilerController.cpp:455] profiler_stop
   512    131072 |      85.91    6.07      3.12
   512    131073 |      86.74    1.18      3.09
   512    131074 |      85.97    1.36      3.12
USDT:2026-09-18 09:54:08 1:1 ActivityProfilerController.cpp:415] profiler_start
USDT:2026-09-18 09:54:08 1:1 ActivityProfilerController.cpp:455] profiler_stop
USDT:2026-09-18 09:54:08 1:1 ActivityProfilerController.cpp:415] profiler_start
USDT:2026-09-18 09:54:08 1:1 ActivityProfilerController.cpp:455] profiler_stop
USDT:2026-09-18 09:54:08 1:1 ActivityProfilerController.cpp:415] profiler_start
USDT:2026-09-18 09:54:08 1:1 ActivityProfilerController.cpp:455] profiler_stop
USDT:2026-09-18 09:54:08 1:1 ActivityProfilerController.cpp:415] profiler_start
USDT:2026-09-18 09:54:08 1:1 ActivityProfilerController.cpp:455] profiler_stop
USDT:2026-09-18 09:54:08 1:1 ActivityProfilerController.cpp:415] profiler_start
USDT:2026-09-18 09:54:08 1:1 ActivityProfilerController.cpp:455] profiler_stop
USDT:2026-09-18 09:54:08 1:1 ActivityProfilerController.cpp:415] profiler_start
USDT:2026-09-18 09:54:08 1:1 ActivityProfilerController.cpp:455] profiler_stop
USDT:2026-09-18 09:54:08 1:1 ActivityProfilerController.cpp:415] profiler_start
USDT:2026-09-18 09:54:08 1:1 ActivityProfilerController.cpp:455] profiler_stop
USDT:2026-09-18 09:54:08 1:1 ActivityProfilerController.cpp:415] profiler_start
USDT:2026-09-18 09:54:08 1:1 ActivityProfilerController.cpp:455] profiler_stop
USDT:2026-09-18 09:54:08 1:1 ActivityProfilerController.cpp:415] profiler_start
USDT:2026-09-18 09:54:08 1:1 ActivityProfilerController.cpp:455] profiler_stop
USDT:2026-09-18 09:54:08 1:1 ActivityProfilerController.cpp:415] profiler_start
USDT:2026-09-18 09:54:08 1:1 ActivityProfilerController.cpp:455] profiler_stop
USDT:2026-09-18 09:54:08 1:1 ActivityProfilerController.cpp:415] profiler_start
USDT:2026-09-18 09:54:08 1:1 ActivityProfilerController.cpp:455] profiler_stop
USDT:2026-09-18 09:54:08 1:1 ActivityProfilerController.cpp:415] profiler_start
USDT:2026-09-18 09:54:09 1:1 ActivityProfilerController.cpp:455] profiler_stop
   512    262144 |     140.71    2.03      3.82
   512    262145 |     145.63    1.69      3.69
   512    262146 |     143.25    1.73      3.75
USDT:2026-09-18 09:54:09 1:1 ActivityProfilerController.cpp:415] profiler_start
USDT:2026-09-18 09:54:09 1:1 ActivityProfilerController.cpp:455] profiler_stop
USDT:2026-09-18 09:54:09 1:1 ActivityProfilerController.cpp:415] profiler_start
USDT:2026-09-18 09:54:09 1:1 ActivityProfilerController.cpp:455] profiler_stop
USDT:2026-09-18 09:54:09 1:1 ActivityProfilerController.cpp:415] profiler_start
USDT:2026-09-18 09:54:09 1:1 ActivityProfilerController.cpp:455] profiler_stop
USDT:2026-09-18 09:54:09 1:1 ActivityProfilerController.cpp:415] profiler_start
USDT:2026-09-18 09:54:09 1:1 ActivityProfilerController.cpp:455] profiler_stop
USDT:2026-09-18 09:54:09 1:1 ActivityProfilerController.cpp:415] profiler_start
USDT:2026-09-18 09:54:09 1:1 ActivityProfilerController.cpp:455] profiler_stop
USDT:2026-09-18 09:54:09 1:1 ActivityProfilerController.cpp:415] profiler_start
USDT:2026-09-18 09:54:09 1:1 ActivityProfilerController.cpp:455] profiler_stop
USDT:2026-09-18 09:54:09 1:1 ActivityProfilerController.cpp:415] profiler_start
USDT:2026-09-18 09:54:09 1:1 ActivityProfilerController.cpp:455] profiler_stop
USDT:2026-09-18 09:54:09 1:1 ActivityProfilerController.cpp:415] profiler_start
USDT:2026-09-18 09:54:09 1:1 ActivityProfilerController.cpp:455] profiler_stop
USDT:2026-09-18 09:54:10 1:1 ActivityProfilerController.cpp:415] profiler_start
USDT:2026-09-18 09:54:10 1:1 ActivityProfilerController.cpp:455] profiler_stop
USDT:2026-09-18 09:54:10 1:1 ActivityProfilerController.cpp:415] profiler_start
USDT:2026-09-18 09:54:10 1:1 ActivityProfilerController.cpp:455] profiler_stop
USDT:2026-09-18 09:54:10 1:1 ActivityProfilerController.cpp:415] profiler_start
USDT:2026-09-18 09:54:10 1:1 ActivityProfilerController.cpp:455] profiler_stop
USDT:2026-09-18 09:54:10 1:1 ActivityProfilerController.cpp:415] profiler_start
USDT:2026-09-18 09:54:10 1:1 ActivityProfilerController.cpp:455] profiler_stop
   512    524288 |     226.74    3.50      4.74
   512    524289 |     236.41    3.34      4.54
   512    524290 |     233.57    3.37      4.60
USDT:2026-09-18 09:54:10 1:1 ActivityProfilerController.cpp:415] profiler_start
USDT:2026-09-18 09:54:10 1:1 ActivityProfilerController.cpp:455] profiler_stop
USDT:2026-09-18 09:54:10 1:1 ActivityProfilerController.cpp:415] profiler_start
USDT:2026-09-18 09:54:10 1:1 ActivityProfilerController.cpp:455] profiler_stop
USDT:2026-09-18 09:54:10 1:1 ActivityProfilerController.cpp:415] profiler_start
USDT:2026-09-18 09:54:10 1:1 ActivityProfilerController.cpp:455] profiler_stop
USDT:2026-09-18 09:54:10 1:1 ActivityProfilerController.cpp:415] profiler_start
USDT:2026-09-18 09:54:10 1:1 ActivityProfilerController.cpp:455] profiler_stop
USDT:2026-09-18 09:54:10 1:1 ActivityProfilerController.cpp:415] profiler_start
USDT:2026-09-18 09:54:10 1:1 ActivityProfilerController.cpp:455] profiler_stop
USDT:2026-09-18 09:54:10 1:1 ActivityProfilerController.cpp:415] profiler_start
USDT:2026-09-18 09:54:10 1:1 ActivityProfilerController.cpp:455] profiler_stop
USDT:2026-09-18 09:54:11 1:1 ActivityProfilerController.cpp:415] profiler_start
USDT:2026-09-18 09:54:11 1:1 ActivityProfilerController.cpp:455] profiler_stop
USDT:2026-09-18 09:54:11 1:1 ActivityProfilerController.cpp:415] profiler_start
USDT:2026-09-18 09:54:11 1:1 ActivityProfilerController.cpp:455] profiler_stop
USDT:2026-09-18 09:54:11 1:1 ActivityProfilerController.cpp:415] profiler_start
USDT:2026-09-18 09:54:11 1:1 ActivityProfilerController.cpp:455] profiler_stop
USDT:2026-09-18 09:54:11 1:1 ActivityProfilerController.cpp:415] profiler_start
USDT:2026-09-18 09:54:11 1:1 ActivityProfilerController.cpp:455] profiler_stop
USDT:2026-09-18 09:54:11 1:1 ActivityProfilerController.cpp:415] profiler_start
USDT:2026-09-18 09:54:11 1:1 ActivityProfilerController.cpp:455] profiler_stop
USDT:2026-09-18 09:54:11 1:1 ActivityProfilerController.cpp:415] profiler_start
USDT:2026-09-18 09:54:11 1:1 ActivityProfilerController.cpp:455] profiler_stop
   512   1048576 |     407.18    1.66      5.27
   512   1048577 |     413.61    2.20      5.19
   512   1048578 |     410.47    0.59      5.23
USDT:2026-09-18 09:54:11 1:1 ActivityProfilerController.cpp:415] profiler_start
USDT:2026-09-18 09:54:11 1:1 ActivityProfilerController.cpp:455] profiler_stop
USDT:2026-09-18 09:54:11 1:1 ActivityProfilerController.cpp:415] profiler_start
USDT:2026-09-18 09:54:12 1:1 ActivityProfilerController.cpp:455] profiler_stop
USDT:2026-09-18 09:54:12 1:1 ActivityProfilerController.cpp:415] profiler_start
USDT:2026-09-18 09:54:12 1:1 ActivityProfilerController.cpp:455] profiler_stop
USDT:2026-09-18 09:54:12 1:1 ActivityProfilerController.cpp:415] profiler_start
USDT:2026-09-18 09:54:12 1:1 ActivityProfilerController.cpp:455] profiler_stop
USDT:2026-09-18 09:54:12 1:1 ActivityProfilerController.cpp:415] profiler_start
USDT:2026-09-18 09:54:12 1:1 ActivityProfilerController.cpp:455] profiler_stop
USDT:2026-09-18 09:54:12 1:1 ActivityProfilerController.cpp:415] profiler_start
USDT:2026-09-18 09:54:12 1:1 ActivityProfilerController.cpp:455] profiler_stop
USDT:2026-09-18 09:54:12 1:1 ActivityProfilerController.cpp:415] profiler_start
USDT:2026-09-18 09:54:12 1:1 ActivityProfilerController.cpp:455] profiler_stop
USDT:2026-09-18 09:54:12 1:1 ActivityProfilerController.cpp:415] profiler_start
USDT:2026-09-18 09:54:12 1:1 ActivityProfilerController.cpp:455] profiler_stop
USDT:2026-09-18 09:54:12 1:1 ActivityProfilerController.cpp:415] profiler_start
USDT:2026-09-18 09:54:12 1:1 ActivityProfilerController.cpp:455] profiler_stop
USDT:2026-09-18 09:54:12 1:1 ActivityProfilerController.cpp:415] profiler_start
USDT:2026-09-18 09:54:12 1:1 ActivityProfilerController.cpp:455] profiler_stop
USDT:2026-09-18 09:54:12 1:1 ActivityProfilerController.cpp:415] profiler_start
USDT:2026-09-18 09:54:12 1:1 ActivityProfilerController.cpp:455] profiler_stop
USDT:2026-09-18 09:54:12 1:1 ActivityProfilerController.cpp:415] profiler_start
USDT:2026-09-18 09:54:12 1:1 ActivityProfilerController.cpp:455] profiler_stop
  1024      2048 |       4.18    0.74      2.01
  1024      2049 |      16.28    0.99      0.52
  1024      2050 |      16.45    0.45      0.51
USDT:2026-09-18 09:54:12 1:1 ActivityProfilerController.cpp:415] profiler_start
USDT:2026-09-18 09:54:12 1:1 ActivityProfilerController.cpp:455] profiler_stop
USDT:2026-09-18 09:54:12 1:1 ActivityProfilerController.cpp:415] profiler_start
USDT:2026-09-18 09:54:12 1:1 ActivityProfilerController.cpp:455] profiler_stop
USDT:2026-09-18 09:54:12 1:1 ActivityProfilerController.cpp:415] profiler_start
USDT:2026-09-18 09:54:12 1:1 ActivityProfilerController.cpp:455] profiler_stop
USDT:2026-09-18 09:54:12 1:1 ActivityProfilerController.cpp:415] profiler_start
USDT:2026-09-18 09:54:12 1:1 ActivityProfilerController.cpp:455] profiler_stop
USDT:2026-09-18 09:54:12 1:1 ActivityProfilerController.cpp:415] profiler_start
USDT:2026-09-18 09:54:12 1:1 ActivityProfilerController.cpp:455] profiler_stop
USDT:2026-09-18 09:54:12 1:1 ActivityProfilerController.cpp:415] profiler_start
USDT:2026-09-18 09:54:12 1:1 ActivityProfilerController.cpp:455] profiler_stop
USDT:2026-09-18 09:54:12 1:1 ActivityProfilerController.cpp:415] profiler_start
USDT:2026-09-18 09:54:12 1:1 ActivityProfilerController.cpp:455] profiler_stop
USDT:2026-09-18 09:54:12 1:1 ActivityProfilerController.cpp:415] profiler_start
USDT:2026-09-18 09:54:12 1:1 ActivityProfilerController.cpp:455] profiler_stop
USDT:2026-09-18 09:54:12 1:1 ActivityProfilerController.cpp:415] profiler_start
USDT:2026-09-18 09:54:12 1:1 ActivityProfilerController.cpp:455] profiler_stop
USDT:2026-09-18 09:54:12 1:1 ActivityProfilerController.cpp:415] profiler_start
USDT:2026-09-18 09:54:12 1:1 ActivityProfilerController.cpp:455] profiler_stop
USDT:2026-09-18 09:54:12 1:1 ActivityProfilerController.cpp:415] profiler_start
USDT:2026-09-18 09:54:12 1:1 ActivityProfilerController.cpp:455] profiler_stop
USDT:2026-09-18 09:54:12 1:1 ActivityProfilerController.cpp:415] profiler_start
USDT:2026-09-18 09:54:12 1:1 ActivityProfilerController.cpp:455] profiler_stop
  1024      4096 |      21.53    0.54      0.78
  1024      4097 |      22.15    1.01      0.76
  1024      4098 |      22.25    0.30      0.75
USDT:2026-09-18 09:54:13 1:1 ActivityProfilerController.cpp:415] profiler_start
USDT:2026-09-18 09:54:13 1:1 ActivityProfilerController.cpp:455] profiler_stop
USDT:2026-09-18 09:54:13 1:1 ActivityProfilerController.cpp:415] profiler_start
USDT:2026-09-18 09:54:13 1:1 ActivityProfilerController.cpp:455] profiler_stop
USDT:2026-09-18 09:54:13 1:1 ActivityProfilerController.cpp:415] profiler_start
USDT:2026-09-18 09:54:13 1:1 ActivityProfilerController.cpp:455] profiler_stop
USDT:2026-09-18 09:54:13 1:1 ActivityProfilerController.cpp:415] profiler_start
USDT:2026-09-18 09:54:13 1:1 ActivityProfilerController.cpp:455] profiler_stop
USDT:2026-09-18 09:54:13 1:1 ActivityProfilerController.cpp:415] profiler_start
USDT:2026-09-18 09:54:13 1:1 ActivityProfilerController.cpp:455] profiler_stop
USDT:2026-09-18 09:54:13 1:1 ActivityProfilerController.cpp:415] profiler_start
USDT:2026-09-18 09:54:13 1:1 ActivityProfilerController.cpp:455] profiler_stop
USDT:2026-09-18 09:54:13 1:1 ActivityProfilerController.cpp:415] profiler_start
USDT:2026-09-18 09:54:13 1:1 ActivityProfilerController.cpp:455] profiler_stop
USDT:2026-09-18 09:54:13 1:1 ActivityProfilerController.cpp:415] profiler_start
USDT:2026-09-18 09:54:13 1:1 ActivityProfilerController.cpp:455] profiler_stop
USDT:2026-09-18 09:54:13 1:1 ActivityProfilerController.cpp:415] profiler_start
USDT:2026-09-18 09:54:13 1:1 ActivityProfilerController.cpp:455] profiler_stop
USDT:2026-09-18 09:54:13 1:1 ActivityProfilerController.cpp:415] profiler_start
USDT:2026-09-18 09:54:13 1:1 ActivityProfilerController.cpp:455] profiler_stop
USDT:2026-09-18 09:54:13 1:1 ActivityProfilerController.cpp:415] profiler_start
USDT:2026-09-18 09:54:13 1:1 ActivityProfilerController.cpp:455] profiler_stop
USDT:2026-09-18 09:54:13 1:1 ActivityProfilerController.cpp:415] profiler_start
USDT:2026-09-18 09:54:13 1:1 ActivityProfilerController.cpp:455] profiler_stop
  1024      8192 |      32.75    1.11      1.02
  1024      8193 |      49.07    0.64      0.68
  1024      8194 |      48.95    0.70      0.69
USDT:2026-09-18 09:54:14 1:1 ActivityProfilerController.cpp:415] profiler_start
USDT:2026-09-18 09:54:14 1:1 ActivityProfilerController.cpp:455] profiler_stop
USDT:2026-09-18 09:54:14 1:1 ActivityProfilerController.cpp:415] profiler_start
USDT:2026-09-18 09:54:14 1:1 ActivityProfilerController.cpp:455] profiler_stop
USDT:2026-09-18 09:54:14 1:1 ActivityProfilerController.cpp:415] profiler_start
USDT:2026-09-18 09:54:14 1:1 ActivityProfilerController.cpp:455] profiler_stop
USDT:2026-09-18 09:54:14 1:1 ActivityProfilerController.cpp:415] profiler_start
USDT:2026-09-18 09:54:14 1:1 ActivityProfilerController.cpp:455] profiler_stop
USDT:2026-09-18 09:54:14 1:1 ActivityProfilerController.cpp:415] profiler_start
USDT:2026-09-18 09:54:14 1:1 ActivityProfilerController.cpp:455] profiler_stop
USDT:2026-09-18 09:54:14 1:1 ActivityProfilerController.cpp:415] profiler_start
USDT:2026-09-18 09:54:14 1:1 ActivityProfilerController.cpp:455] profiler_stop
USDT:2026-09-18 09:54:14 1:1 ActivityProfilerController.cpp:415] profiler_start
USDT:2026-09-18 09:54:14 1:1 ActivityProfilerController.cpp:455] profiler_stop
USDT:2026-09-18 09:54:14 1:1 ActivityProfilerController.cpp:415] profiler_start
USDT:2026-09-18 09:54:14 1:1 ActivityProfilerController.cpp:455] profiler_stop
USDT:2026-09-18 09:54:14 1:1 ActivityProfilerController.cpp:415] profiler_start
USDT:2026-09-18 09:54:14 1:1 ActivityProfilerController.cpp:455] profiler_stop
USDT:2026-09-18 09:54:14 1:1 ActivityProfilerController.cpp:415] profiler_start
USDT:2026-09-18 09:54:14 1:1 ActivityProfilerController.cpp:455] profiler_stop
USDT:2026-09-18 09:54:14 1:1 ActivityProfilerController.cpp:415] profiler_start
USDT:2026-09-18 09:54:14 1:1 ActivityProfilerController.cpp:455] profiler_stop
USDT:2026-09-18 09:54:15 1:1 ActivityProfilerController.cpp:415] profiler_start
USDT:2026-09-18 09:54:15 1:1 ActivityProfilerController.cpp:455] profiler_stop
  1024     16384 |      51.82    0.80      1.29
  1024     16385 |      54.65    0.95      1.23
  1024     16386 |      54.09    0.63      1.24
USDT:2026-09-18 09:54:15 1:1 ActivityProfilerController.cpp:415] profiler_start
USDT:2026-09-18 09:54:15 1:1 ActivityProfilerController.cpp:455] profiler_stop
USDT:2026-09-18 09:54:15 1:1 ActivityProfilerController.cpp:415] profiler_start
USDT:2026-09-18 09:54:15 1:1 ActivityProfilerController.cpp:455] profiler_stop
USDT:2026-09-18 09:54:15 1:1 ActivityProfilerController.cpp:415] profiler_start
USDT:2026-09-18 09:54:15 1:1 ActivityProfilerController.cpp:455] profiler_stop
USDT:2026-09-18 09:54:15 1:1 ActivityProfilerController.cpp:415] profiler_start
USDT:2026-09-18 09:54:15 1:1 ActivityProfilerController.cpp:455] profiler_stop
USDT:2026-09-18 09:54:15 1:1 ActivityProfilerController.cpp:415] profiler_start
USDT:2026-09-18 09:54:15 1:1 ActivityProfilerController.cpp:455] profiler_stop
USDT:2026-09-18 09:54:15 1:1 ActivityProfilerController.cpp:415] profiler_start
USDT:2026-09-18 09:54:15 1:1 ActivityProfilerController.cpp:455] profiler_stop
USDT:2026-09-18 09:54:15 1:1 ActivityProfilerController.cpp:415] profiler_start
USDT:2026-09-18 09:54:15 1:1 ActivityProfilerController.cpp:455] profiler_stop
USDT:2026-09-18 09:54:15 1:1 ActivityProfilerController.cpp:415] profiler_start
USDT:2026-09-18 09:54:15 1:1 ActivityProfilerController.cpp:455] profiler_stop
USDT:2026-09-18 09:54:15 1:1 ActivityProfilerController.cpp:415] profiler_start
USDT:2026-09-18 09:54:15 1:1 ActivityProfilerController.cpp:455] profiler_stop
USDT:2026-09-18 09:54:15 1:1 ActivityProfilerController.cpp:415] profiler_start
USDT:2026-09-18 09:54:15 1:1 ActivityProfilerController.cpp:455] profiler_stop
USDT:2026-09-18 09:54:15 1:1 ActivityProfilerController.cpp:415] profiler_start
USDT:2026-09-18 09:54:15 1:1 ActivityProfilerController.cpp:455] profiler_stop
USDT:2026-09-18 09:54:15 1:1 ActivityProfilerController.cpp:415] profiler_start
USDT:2026-09-18 09:54:15 1:1 ActivityProfilerController.cpp:455] profiler_stop
  1024     32768 |      67.36    0.64      1.99
  1024     32769 |      66.84    0.76      2.01
  1024     32770 |      67.80    0.67      1.98
USDT:2026-09-18 09:54:15 1:1 ActivityProfilerController.cpp:415] profiler_start
USDT:2026-09-18 09:54:15 1:1 ActivityProfilerController.cpp:455] profiler_stop
USDT:2026-09-18 09:54:15 1:1 ActivityProfilerController.cpp:415] profiler_start
USDT:2026-09-18 09:54:16 1:1 ActivityProfilerController.cpp:455] profiler_stop
USDT:2026-09-18 09:54:16 1:1 ActivityProfilerController.cpp:415] profiler_start
USDT:2026-09-18 09:54:16 1:1 ActivityProfilerController.cpp:455] profiler_stop
USDT:2026-09-18 09:54:16 1:1 ActivityProfilerController.cpp:415] profiler_start
USDT:2026-09-18 09:54:16 1:1 ActivityProfilerController.cpp:455] profiler_stop
USDT:2026-09-18 09:54:16 1:1 ActivityProfilerController.cpp:415] profiler_start
USDT:2026-09-18 09:54:16 1:1 ActivityProfilerController.cpp:455] profiler_stop
USDT:2026-09-18 09:54:16 1:1 ActivityProfilerController.cpp:415] profiler_start
USDT:2026-09-18 09:54:16 1:1 ActivityProfilerController.cpp:455] profiler_stop
USDT:2026-09-18 09:54:16 1:1 ActivityProfilerController.cpp:415] profiler_start
USDT:2026-09-18 09:54:16 1:1 ActivityProfilerController.cpp:455] profiler_stop
USDT:2026-09-18 09:54:16 1:1 ActivityProfilerController.cpp:415] profiler_start
USDT:2026-09-18 09:54:16 1:1 ActivityProfilerController.cpp:455] profiler_stop
USDT:2026-09-18 09:54:16 1:1 ActivityProfilerController.cpp:415] profiler_start
USDT:2026-09-18 09:54:16 1:1 ActivityProfilerController.cpp:455] profiler_stop
USDT:2026-09-18 09:54:16 1:1 ActivityProfilerController.cpp:415] profiler_start
USDT:2026-09-18 09:54:16 1:1 ActivityProfilerController.cpp:455] profiler_stop
USDT:2026-09-18 09:54:16 1:1 ActivityProfilerController.cpp:415] profiler_start
USDT:2026-09-18 09:54:16 1:1 ActivityProfilerController.cpp:455] profiler_stop
USDT:2026-09-18 09:54:17 1:1 ActivityProfilerController.cpp:415] profiler_start
USDT:2026-09-18 09:54:17 1:1 ActivityProfilerController.cpp:455] profiler_stop
  1024     65536 |      94.84    0.69      2.83
  1024     65537 |      94.73    0.48      2.83
  1024     65538 |      94.31    5.74      2.85
USDT:2026-09-18 09:54:17 1:1 ActivityProfilerController.cpp:415] profiler_start
USDT:2026-09-18 09:54:17 1:1 ActivityProfilerController.cpp:455] profiler_stop
USDT:2026-09-18 09:54:17 1:1 ActivityProfilerController.cpp:415] profiler_start
USDT:2026-09-18 09:54:17 1:1 ActivityProfilerController.cpp:455] profiler_stop
USDT:2026-09-18 09:54:17 1:1 ActivityProfilerController.cpp:415] profiler_start
USDT:2026-09-18 09:54:17 1:1 ActivityProfilerController.cpp:455] profiler_stop
USDT:2026-09-18 09:54:17 1:1 ActivityProfilerController.cpp:415] profiler_start
USDT:2026-09-18 09:54:17 1:1 ActivityProfilerController.cpp:455] profiler_stop
USDT:2026-09-18 09:54:17 1:1 ActivityProfilerController.cpp:415] profiler_start
USDT:2026-09-18 09:54:17 1:1 ActivityProfilerController.cpp:455] profiler_stop
USDT:2026-09-18 09:54:17 1:1 ActivityProfilerController.cpp:415] profiler_start
USDT:2026-09-18 09:54:17 1:1 ActivityProfilerController.cpp:455] profiler_stop
USDT:2026-09-18 09:54:17 1:1 ActivityProfilerController.cpp:415] profiler_start
USDT:2026-09-18 09:54:17 1:1 ActivityProfilerController.cpp:455] profiler_stop
USDT:2026-09-18 09:54:17 1:1 ActivityProfilerController.cpp:415] profiler_start
USDT:2026-09-18 09:54:17 1:1 ActivityProfilerController.cpp:455] profiler_stop
USDT:2026-09-18 09:54:18 1:1 ActivityProfilerController.cpp:415] profiler_start
USDT:2026-09-18 09:54:18 1:1 ActivityProfilerController.cpp:455] profiler_stop
USDT:2026-09-18 09:54:18 1:1 ActivityProfilerController.cpp:415] profiler_start
USDT:2026-09-18 09:54:18 1:1 ActivityProfilerController.cpp:455] profiler_stop
USDT:2026-09-18 09:54:18 1:1 ActivityProfilerController.cpp:415] profiler_start
USDT:2026-09-18 09:54:18 1:1 ActivityProfilerController.cpp:455] profiler_stop
USDT:2026-09-18 09:54:18 1:1 ActivityProfilerController.cpp:415] profiler_start
USDT:2026-09-18 09:54:18 1:1 ActivityProfilerController.cpp:455] profiler_stop
  1024    131072 |     158.03    2.56      3.40
  1024    131073 |     157.71    2.41      3.40
  1024    131074 |     158.33    3.24      3.39
USDT:2026-09-18 09:54:18 1:1 ActivityProfilerController.cpp:415] profiler_start
USDT:2026-09-18 09:54:18 1:1 ActivityProfilerController.cpp:455] profiler_stop
USDT:2026-09-18 09:54:18 1:1 ActivityProfilerController.cpp:415] profiler_start
USDT:2026-09-18 09:54:18 1:1 ActivityProfilerController.cpp:455] profiler_stop
USDT:2026-09-18 09:54:18 1:1 ActivityProfilerController.cpp:415] profiler_start
USDT:2026-09-18 09:54:18 1:1 ActivityProfilerController.cpp:455] profiler_stop
USDT:2026-09-18 09:54:18 1:1 ActivityProfilerController.cpp:415] profiler_start
USDT:2026-09-18 09:54:18 1:1 ActivityProfilerController.cpp:455] profiler_stop
USDT:2026-09-18 09:54:18 1:1 ActivityProfilerController.cpp:415] profiler_start
USDT:2026-09-18 09:54:18 1:1 ActivityProfilerController.cpp:455] profiler_stop
USDT:2026-09-18 09:54:18 1:1 ActivityProfilerController.cpp:415] profiler_start
USDT:2026-09-18 09:54:18 1:1 ActivityProfilerController.cpp:455] profiler_stop
USDT:2026-09-18 09:54:18 1:1 ActivityProfilerController.cpp:415] profiler_start
USDT:2026-09-18 09:54:18 1:1 ActivityProfilerController.cpp:455] profiler_stop
USDT:2026-09-18 09:54:19 1:1 ActivityProfilerController.cpp:415] profiler_start
USDT:2026-09-18 09:54:19 1:1 ActivityProfilerController.cpp:455] profiler_stop
USDT:2026-09-18 09:54:19 1:1 ActivityProfilerController.cpp:415] profiler_start
USDT:2026-09-18 09:54:19 1:1 ActivityProfilerController.cpp:455] profiler_stop
USDT:2026-09-18 09:54:19 1:1 ActivityProfilerController.cpp:415] profiler_start
USDT:2026-09-18 09:54:19 1:1 ActivityProfilerController.cpp:455] profiler_stop
USDT:2026-09-18 09:54:19 1:1 ActivityProfilerController.cpp:415] profiler_start
USDT:2026-09-18 09:54:19 1:1 ActivityProfilerController.cpp:455] profiler_stop
USDT:2026-09-18 09:54:19 1:1 ActivityProfilerController.cpp:415] profiler_start
USDT:2026-09-18 09:54:19 1:1 ActivityProfilerController.cpp:455] profiler_stop
  1024    262144 |     267.84    2.08      4.01
  1024    262145 |     277.15    0.78      3.87
  1024    262146 |     271.18    1.98      3.96
USDT:2026-09-18 09:54:19 1:1 ActivityProfilerController.cpp:415] profiler_start
USDT:2026-09-18 09:54:19 1:1 ActivityProfilerController.cpp:455] profiler_stop
USDT:2026-09-18 09:54:19 1:1 ActivityProfilerController.cpp:415] profiler_start
USDT:2026-09-18 09:54:19 1:1 ActivityProfilerController.cpp:455] profiler_stop
USDT:2026-09-18 09:54:19 1:1 ActivityProfilerController.cpp:415] profiler_start
USDT:2026-09-18 09:54:20 1:1 ActivityProfilerController.cpp:455] profiler_stop
USDT:2026-09-18 09:54:20 1:1 ActivityProfilerController.cpp:415] profiler_start
USDT:2026-09-18 09:54:20 1:1 ActivityProfilerController.cpp:455] profiler_stop
USDT:2026-09-18 09:54:20 1:1 ActivityProfilerController.cpp:415] profiler_start
USDT:2026-09-18 09:54:20 1:1 ActivityProfilerController.cpp:455] profiler_stop
USDT:2026-09-18 09:54:20 1:1 ActivityProfilerController.cpp:415] profiler_start
USDT:2026-09-18 09:54:20 1:1 ActivityProfilerController.cpp:455] profiler_stop
USDT:2026-09-18 09:54:20 1:1 ActivityProfilerController.cpp:415] profiler_start
USDT:2026-09-18 09:54:20 1:1 ActivityProfilerController.cpp:455] profiler_stop
USDT:2026-09-18 09:54:20 1:1 ActivityProfilerController.cpp:415] profiler_start
USDT:2026-09-18 09:54:20 1:1 ActivityProfilerController.cpp:455] profiler_stop
USDT:2026-09-18 09:54:20 1:1 ActivityProfilerController.cpp:415] profiler_start
USDT:2026-09-18 09:54:20 1:1 ActivityProfilerController.cpp:455] profiler_stop
USDT:2026-09-18 09:54:20 1:1 ActivityProfilerController.cpp:415] profiler_start
USDT:2026-09-18 09:54:20 1:1 ActivityProfilerController.cpp:455] profiler_stop
USDT:2026-09-18 09:54:20 1:1 ActivityProfilerController.cpp:415] profiler_start
USDT:2026-09-18 09:54:20 1:1 ActivityProfilerController.cpp:455] profiler_stop
USDT:2026-09-18 09:54:20 1:1 ActivityProfilerController.cpp:415] profiler_start
USDT:2026-09-18 09:54:21 1:1 ActivityProfilerController.cpp:455] profiler_stop
  1024    524288 |     439.02    0.51      4.89
  1024    524289 |     446.19    0.99      4.81
  1024    524290 |     451.10    1.16      4.76
USDT:2026-09-18 09:54:21 1:1 ActivityProfilerController.cpp:415] profiler_start
USDT:2026-09-18 09:54:21 1:1 ActivityProfilerController.cpp:455] profiler_stop
USDT:2026-09-18 09:54:21 1:1 ActivityProfilerController.cpp:415] profiler_start
USDT:2026-09-18 09:54:21 1:1 ActivityProfilerController.cpp:455] profiler_stop
USDT:2026-09-18 09:54:21 1:1 ActivityProfilerController.cpp:415] profiler_start
USDT:2026-09-18 09:54:21 1:1 ActivityProfilerController.cpp:455] profiler_stop
USDT:2026-09-18 09:54:21 1:1 ActivityProfilerController.cpp:415] profiler_start
USDT:2026-09-18 09:54:21 1:1 ActivityProfilerController.cpp:455] profiler_stop
USDT:2026-09-18 09:54:21 1:1 ActivityProfilerController.cpp:415] profiler_start
USDT:2026-09-18 09:54:21 1:1 ActivityProfilerController.cpp:455] profiler_stop
USDT:2026-09-18 09:54:21 1:1 ActivityProfilerController.cpp:415] profiler_start
USDT:2026-09-18 09:54:21 1:1 ActivityProfilerController.cpp:455] profiler_stop
USDT:2026-09-18 09:54:21 1:1 ActivityProfilerController.cpp:415] profiler_start
USDT:2026-09-18 09:54:22 1:1 ActivityProfilerController.cpp:455] profiler_stop
USDT:2026-09-18 09:54:22 1:1 ActivityProfilerController.cpp:415] profiler_start
USDT:2026-09-18 09:54:22 1:1 ActivityProfilerController.cpp:455] profiler_stop
USDT:2026-09-18 09:54:22 1:1 ActivityProfilerController.cpp:415] profiler_start
USDT:2026-09-18 09:54:22 1:1 ActivityProfilerController.cpp:455] profiler_stop
USDT:2026-09-18 09:54:22 1:1 ActivityProfilerController.cpp:415] profiler_start
USDT:2026-09-18 09:54:22 1:1 ActivityProfilerController.cpp:455] profiler_stop
USDT:2026-09-18 09:54:22 1:1 ActivityProfilerController.cpp:415] profiler_start
USDT:2026-09-18 09:54:22 1:1 ActivityProfilerController.cpp:455] profiler_stop
USDT:2026-09-18 09:54:23 1:1 ActivityProfilerController.cpp:415] profiler_start
USDT:2026-09-18 09:54:23 1:1 ActivityProfilerController.cpp:455] profiler_stop
  1024   1048576 |     841.82    0.01      5.10
  1024   1048577 |     849.29    0.06      5.06
  1024   1048578 |     833.62    1.97      5.15
USDT:2026-09-18 09:54:23 1:1 ActivityProfilerController.cpp:415] profiler_start
USDT:2026-09-18 09:54:23 1:1 ActivityProfilerController.cpp:455] profiler_stop
USDT:2026-09-18 09:54:23 1:1 ActivityProfilerController.cpp:415] profiler_start
USDT:2026-09-18 09:54:23 1:1 ActivityProfilerController.cpp:455] profiler_stop
USDT:2026-09-18 09:54:23 1:1 ActivityProfilerController.cpp:415] profiler_start
USDT:2026-09-18 09:54:23 1:1 ActivityProfilerController.cpp:455] profiler_stop
USDT:2026-09-18 09:54:23 1:1 ActivityProfilerController.cpp:415] profiler_start
USDT:2026-09-18 09:54:23 1:1 ActivityProfilerController.cpp:455] profiler_stop
USDT:2026-09-18 09:54:23 1:1 ActivityProfilerController.cpp:415] profiler_start
USDT:2026-09-18 09:54:23 1:1 ActivityProfilerController.cpp:455] profiler_stop
USDT:2026-09-18 09:54:23 1:1 ActivityProfilerController.cpp:415] profiler_start
USDT:2026-09-18 09:54:23 1:1 ActivityProfilerController.cpp:455] profiler_stop
USDT:2026-09-18 09:54:23 1:1 ActivityProfilerController.cpp:415] profiler_start
USDT:2026-09-18 09:54:23 1:1 ActivityProfilerController.cpp:455] profiler_stop
USDT:2026-09-18 09:54:23 1:1 ActivityProfilerController.cpp:415] profiler_start
USDT:2026-09-18 09:54:23 1:1 ActivityProfilerController.cpp:455] profiler_stop
USDT:2026-09-18 09:54:23 1:1 ActivityProfilerController.cpp:415] profiler_start
USDT:2026-09-18 09:54:23 1:1 ActivityProfilerController.cpp:455] profiler_stop
USDT:2026-09-18 09:54:23 1:1 ActivityProfilerController.cpp:415] profiler_start
USDT:2026-09-18 09:54:23 1:1 ActivityProfilerController.cpp:455] profiler_stop
USDT:2026-09-18 09:54:23 1:1 ActivityProfilerController.cpp:415] profiler_start
USDT:2026-09-18 09:54:23 1:1 ActivityProfilerController.cpp:455] profiler_stop
USDT:2026-09-18 09:54:23 1:1 ActivityProfilerController.cpp:415] profiler_start
USDT:2026-09-18 09:54:23 1:1 ActivityProfilerController.cpp:455] profiler_stop
  2048      2048 |       6.01    1.30      2.79
  2048      2049 |      24.17    1.23      0.69
  2048      2050 |      24.17    0.60      0.69
USDT:2026-09-18 09:54:23 1:1 ActivityProfilerController.cpp:415] profiler_start
USDT:2026-09-18 09:54:23 1:1 ActivityProfilerController.cpp:455] profiler_stop
USDT:2026-09-18 09:54:23 1:1 ActivityProfilerController.cpp:415] profiler_start
USDT:2026-09-18 09:54:23 1:1 ActivityProfilerController.cpp:455] profiler_stop
USDT:2026-09-18 09:54:23 1:1 ActivityProfilerController.cpp:415] profiler_start
USDT:2026-09-18 09:54:23 1:1 ActivityProfilerController.cpp:455] profiler_stop
USDT:2026-09-18 09:54:23 1:1 ActivityProfilerController.cpp:415] profiler_start
USDT:2026-09-18 09:54:23 1:1 ActivityProfilerController.cpp:455] profiler_stop
USDT:2026-09-18 09:54:23 1:1 ActivityProfilerController.cpp:415] profiler_start
USDT:2026-09-18 09:54:23 1:1 ActivityProfilerController.cpp:455] profiler_stop
USDT:2026-09-18 09:54:23 1:1 ActivityProfilerController.cpp:415] profiler_start
USDT:2026-09-18 09:54:23 1:1 ActivityProfilerController.cpp:455] profiler_stop
USDT:2026-09-18 09:54:23 1:1 ActivityProfilerController.cpp:415] profiler_start
USDT:2026-09-18 09:54:23 1:1 ActivityProfilerController.cpp:455] profiler_stop
USDT:2026-09-18 09:54:23 1:1 ActivityProfilerController.cpp:415] profiler_start
USDT:2026-09-18 09:54:23 1:1 ActivityProfilerController.cpp:455] profiler_stop
USDT:2026-09-18 09:54:24 1:1 ActivityProfilerController.cpp:415] profiler_start
USDT:2026-09-18 09:54:24 1:1 ActivityProfilerController.cpp:455] profiler_stop
USDT:2026-09-18 09:54:24 1:1 ActivityProfilerController.cpp:415] profiler_start
USDT:2026-09-18 09:54:24 1:1 ActivityProfilerController.cpp:455] profiler_stop
USDT:2026-09-18 09:54:24 1:1 ActivityProfilerController.cpp:415] profiler_start
USDT:2026-09-18 09:54:24 1:1 ActivityProfilerController.cpp:455] profiler_stop
USDT:2026-09-18 09:54:24 1:1 ActivityProfilerController.cpp:415] profiler_start
USDT:2026-09-18 09:54:24 1:1 ActivityProfilerController.cpp:455] profiler_stop
  2048      4096 |      37.11    1.12      0.90
  2048      4097 |      38.07    0.52      0.88
  2048      4098 |      38.19    0.63      0.88
USDT:2026-09-18 09:54:24 1:1 ActivityProfilerController.cpp:415] profiler_start
USDT:2026-09-18 09:54:24 1:1 ActivityProfilerController.cpp:455] profiler_stop
USDT:2026-09-18 09:54:24 1:1 ActivityProfilerController.cpp:415] profiler_start
USDT:2026-09-18 09:54:24 1:1 ActivityProfilerController.cpp:455] profiler_stop
USDT:2026-09-18 09:54:24 1:1 ActivityProfilerController.cpp:415] profiler_start
USDT:2026-09-18 09:54:24 1:1 ActivityProfilerController.cpp:455] profiler_stop
USDT:2026-09-18 09:54:24 1:1 ActivityProfilerController.cpp:415] profiler_start
USDT:2026-09-18 09:54:24 1:1 ActivityProfilerController.cpp:455] profiler_stop
USDT:2026-09-18 09:54:24 1:1 ActivityProfilerController.cpp:415] profiler_start
USDT:2026-09-18 09:54:24 1:1 ActivityProfilerController.cpp:455] profiler_stop
USDT:2026-09-18 09:54:24 1:1 ActivityProfilerController.cpp:415] profiler_start
USDT:2026-09-18 09:54:24 1:1 ActivityProfilerController.cpp:455] profiler_stop
USDT:2026-09-18 09:54:24 1:1 ActivityProfilerController.cpp:415] profiler_start
USDT:2026-09-18 09:54:24 1:1 ActivityProfilerController.cpp:455] profiler_stop
USDT:2026-09-18 09:54:24 1:1 ActivityProfilerController.cpp:415] profiler_start
USDT:2026-09-18 09:54:24 1:1 ActivityProfilerController.cpp:455] profiler_stop
USDT:2026-09-18 09:54:24 1:1 ActivityProfilerController.cpp:415] profiler_start
USDT:2026-09-18 09:54:24 1:1 ActivityProfilerController.cpp:455] profiler_stop
USDT:2026-09-18 09:54:25 1:1 ActivityProfilerController.cpp:415] profiler_start
USDT:2026-09-18 09:54:25 1:1 ActivityProfilerController.cpp:455] profiler_stop
USDT:2026-09-18 09:54:25 1:1 ActivityProfilerController.cpp:415] profiler_start
USDT:2026-09-18 09:54:25 1:1 ActivityProfilerController.cpp:455] profiler_stop
USDT:2026-09-18 09:54:25 1:1 ActivityProfilerController.cpp:415] profiler_start
USDT:2026-09-18 09:54:25 1:1 ActivityProfilerController.cpp:455] profiler_stop
  2048      8192 |      56.86    0.79      1.18
  2048      8193 |      87.02    0.60      0.77
  2048      8194 |      87.10    0.81      0.77
USDT:2026-09-18 09:54:25 1:1 ActivityProfilerController.cpp:415] profiler_start
USDT:2026-09-18 09:54:25 1:1 ActivityProfilerController.cpp:455] profiler_stop
USDT:2026-09-18 09:54:25 1:1 ActivityProfilerController.cpp:415] profiler_start
USDT:2026-09-18 09:54:25 1:1 ActivityProfilerController.cpp:455] profiler_stop
USDT:2026-09-18 09:54:25 1:1 ActivityProfilerController.cpp:415] profiler_start
USDT:2026-09-18 09:54:25 1:1 ActivityProfilerController.cpp:455] profiler_stop
USDT:2026-09-18 09:54:25 1:1 ActivityProfilerController.cpp:415] profiler_start
USDT:2026-09-18 09:54:25 1:1 ActivityProfilerController.cpp:455] profiler_stop
USDT:2026-09-18 09:54:25 1:1 ActivityProfilerController.cpp:415] profiler_start
USDT:2026-09-18 09:54:25 1:1 ActivityProfilerController.cpp:455] profiler_stop
USDT:2026-09-18 09:54:25 1:1 ActivityProfilerController.cpp:415] profiler_start
USDT:2026-09-18 09:54:25 1:1 ActivityProfilerController.cpp:455] profiler_stop
USDT:2026-09-18 09:54:25 1:1 ActivityProfilerController.cpp:415] profiler_start
USDT:2026-09-18 09:54:25 1:1 ActivityProfilerController.cpp:455] profiler_stop
USDT:2026-09-18 09:54:25 1:1 ActivityProfilerController.cpp:415] profiler_start
USDT:2026-09-18 09:54:25 1:1 ActivityProfilerController.cpp:455] profiler_stop
USDT:2026-09-18 09:54:25 1:1 ActivityProfilerController.cpp:415] profiler_start
USDT:2026-09-18 09:54:25 1:1 ActivityProfilerController.cpp:455] profiler_stop
USDT:2026-09-18 09:54:25 1:1 ActivityProfilerController.cpp:415] profiler_start
USDT:2026-09-18 09:54:25 1:1 ActivityProfilerController.cpp:455] profiler_stop
USDT:2026-09-18 09:54:25 1:1 ActivityProfilerController.cpp:415] profiler_start
USDT:2026-09-18 09:54:25 1:1 ActivityProfilerController.cpp:455] profiler_stop
USDT:2026-09-18 09:54:25 1:1 ActivityProfilerController.cpp:415] profiler_start
USDT:2026-09-18 09:54:25 1:1 ActivityProfilerController.cpp:455] profiler_stop
  2048     16384 |      95.82    0.21      1.40
  2048     16385 |      99.10    0.28      1.35
  2048     16386 |      98.81    0.24      1.36
USDT:2026-09-18 09:54:26 1:1 ActivityProfilerController.cpp:415] profiler_start
USDT:2026-09-18 09:54:26 1:1 ActivityProfilerController.cpp:455] profiler_stop
USDT:2026-09-18 09:54:26 1:1 ActivityProfilerController.cpp:415] profiler_start
USDT:2026-09-18 09:54:26 1:1 ActivityProfilerController.cpp:455] profiler_stop
USDT:2026-09-18 09:54:26 1:1 ActivityProfilerController.cpp:415] profiler_start
USDT:2026-09-18 09:54:26 1:1 ActivityProfilerController.cpp:455] profiler_stop
USDT:2026-09-18 09:54:26 1:1 ActivityProfilerController.cpp:415] profiler_start
USDT:2026-09-18 09:54:26 1:1 ActivityProfilerController.cpp:455] profiler_stop
USDT:2026-09-18 09:54:26 1:1 ActivityProfilerController.cpp:415] profiler_start
USDT:2026-09-18 09:54:26 1:1 ActivityProfilerController.cpp:455] profiler_stop
USDT:2026-09-18 09:54:26 1:1 ActivityProfilerController.cpp:415] profiler_start
USDT:2026-09-18 09:54:26 1:1 ActivityProfilerController.cpp:455] profiler_stop
USDT:2026-09-18 09:54:26 1:1 ActivityProfilerController.cpp:415] profiler_start
USDT:2026-09-18 09:54:26 1:1 ActivityProfilerController.cpp:455] profiler_stop
USDT:2026-09-18 09:54:26 1:1 ActivityProfilerController.cpp:415] profiler_start
USDT:2026-09-18 09:54:26 1:1 ActivityProfilerController.cpp:455] profiler_stop
USDT:2026-09-18 09:54:26 1:1 ActivityProfilerController.cpp:415] profiler_start
USDT:2026-09-18 09:54:26 1:1 ActivityProfilerController.cpp:455] profiler_stop
USDT:2026-09-18 09:54:27 1:1 ActivityProfilerController.cpp:415] profiler_start
USDT:2026-09-18 09:54:27 1:1 ActivityProfilerController.cpp:455] profiler_stop
USDT:2026-09-18 09:54:27 1:1 ActivityProfilerController.cpp:415] profiler_start
USDT:2026-09-18 09:54:27 1:1 ActivityProfilerController.cpp:455] profiler_stop
USDT:2026-09-18 09:54:27 1:1 ActivityProfilerController.cpp:415] profiler_start
USDT:2026-09-18 09:54:27 1:1 ActivityProfilerController.cpp:455] profiler_stop
  2048     32768 |     125.22    0.54      2.14
  2048     32769 |     125.46    0.83      2.14
  2048     32770 |     127.15    0.76      2.11
USDT:2026-09-18 09:54:27 1:1 ActivityProfilerController.cpp:415] profiler_start
USDT:2026-09-18 09:54:27 1:1 ActivityProfilerController.cpp:455] profiler_stop
USDT:2026-09-18 09:54:27 1:1 ActivityProfilerController.cpp:415] profiler_start
USDT:2026-09-18 09:54:27 1:1 ActivityProfilerController.cpp:455] profiler_stop
USDT:2026-09-18 09:54:27 1:1 ActivityProfilerController.cpp:415] profiler_start
USDT:2026-09-18 09:54:27 1:1 ActivityProfilerController.cpp:455] profiler_stop
USDT:2026-09-18 09:54:27 1:1 ActivityProfilerController.cpp:415] profiler_start
USDT:2026-09-18 09:54:27 1:1 ActivityProfilerController.cpp:455] profiler_stop
USDT:2026-09-18 09:54:27 1:1 ActivityProfilerController.cpp:415] profiler_start
USDT:2026-09-18 09:54:27 1:1 ActivityProfilerController.cpp:455] profiler_stop
USDT:2026-09-18 09:54:27 1:1 ActivityProfilerController.cpp:415] profiler_start
USDT:2026-09-18 09:54:27 1:1 ActivityProfilerController.cpp:455] profiler_stop
USDT:2026-09-18 09:54:28 1:1 ActivityProfilerController.cpp:415] profiler_start
USDT:2026-09-18 09:54:28 1:1 ActivityProfilerController.cpp:455] profiler_stop
USDT:2026-09-18 09:54:28 1:1 ActivityProfilerController.cpp:415] profiler_start
USDT:2026-09-18 09:54:28 1:1 ActivityProfilerController.cpp:455] profiler_stop
USDT:2026-09-18 09:54:28 1:1 ActivityProfilerController.cpp:415] profiler_start
USDT:2026-09-18 09:54:28 1:1 ActivityProfilerController.cpp:455] profiler_stop
USDT:2026-09-18 09:54:28 1:1 ActivityProfilerController.cpp:415] profiler_start
USDT:2026-09-18 09:54:28 1:1 ActivityProfilerController.cpp:455] profiler_stop
USDT:2026-09-18 09:54:28 1:1 ActivityProfilerController.cpp:415] profiler_start
USDT:2026-09-18 09:54:28 1:1 ActivityProfilerController.cpp:455] profiler_stop
USDT:2026-09-18 09:54:28 1:1 ActivityProfilerController.cpp:415] profiler_start
USDT:2026-09-18 09:54:28 1:1 ActivityProfilerController.cpp:455] profiler_stop
  2048     65536 |     183.43    3.31      2.93
  2048     65537 |     186.13    0.61      2.88
  2048     65538 |     185.21    0.16      2.90
USDT:2026-09-18 09:54:28 1:1 ActivityProfilerController.cpp:415] profiler_start
USDT:2026-09-18 09:54:28 1:1 ActivityProfilerController.cpp:455] profiler_stop
USDT:2026-09-18 09:54:28 1:1 ActivityProfilerController.cpp:415] profiler_start
USDT:2026-09-18 09:54:28 1:1 ActivityProfilerController.cpp:455] profiler_stop
USDT:2026-09-18 09:54:28 1:1 ActivityProfilerController.cpp:415] profiler_start
USDT:2026-09-18 09:54:28 1:1 ActivityProfilerController.cpp:455] profiler_stop
USDT:2026-09-18 09:54:28 1:1 ActivityProfilerController.cpp:415] profiler_start
USDT:2026-09-18 09:54:28 1:1 ActivityProfilerController.cpp:455] profiler_stop
USDT:2026-09-18 09:54:28 1:1 ActivityProfilerController.cpp:415] profiler_start
USDT:2026-09-18 09:54:28 1:1 ActivityProfilerController.cpp:455] profiler_stop
USDT:2026-09-18 09:54:29 1:1 ActivityProfilerController.cpp:415] profiler_start
USDT:2026-09-18 09:54:29 1:1 ActivityProfilerController.cpp:455] profiler_stop
USDT:2026-09-18 09:54:29 1:1 ActivityProfilerController.cpp:415] profiler_start
USDT:2026-09-18 09:54:29 1:1 ActivityProfilerController.cpp:455] profiler_stop
USDT:2026-09-18 09:54:29 1:1 ActivityProfilerController.cpp:415] profiler_start
USDT:2026-09-18 09:54:29 1:1 ActivityProfilerController.cpp:455] profiler_stop
USDT:2026-09-18 09:54:29 1:1 ActivityProfilerController.cpp:415] profiler_start
USDT:2026-09-18 09:54:29 1:1 ActivityProfilerController.cpp:455] profiler_stop
USDT:2026-09-18 09:54:29 1:1 ActivityProfilerController.cpp:415] profiler_start
USDT:2026-09-18 09:54:29 1:1 ActivityProfilerController.cpp:455] profiler_stop
USDT:2026-09-18 09:54:29 1:1 ActivityProfilerController.cpp:415] profiler_start
USDT:2026-09-18 09:54:29 1:1 ActivityProfilerController.cpp:455] profiler_stop
USDT:2026-09-18 09:54:29 1:1 ActivityProfilerController.cpp:415] profiler_start
USDT:2026-09-18 09:54:29 1:1 ActivityProfilerController.cpp:455] profiler_stop
  2048    131072 |     309.33    6.23      3.47
  2048    131073 |     299.79    5.47      3.58
  2048    131074 |     316.33    0.34      3.39
USDT:2026-09-18 09:54:29 1:1 ActivityProfilerController.cpp:415] profiler_start
USDT:2026-09-18 09:54:29 1:1 ActivityProfilerController.cpp:455] profiler_stop
USDT:2026-09-18 09:54:30 1:1 ActivityProfilerController.cpp:415] profiler_start
USDT:2026-09-18 09:54:30 1:1 ActivityProfilerController.cpp:455] profiler_stop
USDT:2026-09-18 09:54:30 1:1 ActivityProfilerController.cpp:415] profiler_start
USDT:2026-09-18 09:54:30 1:1 ActivityProfilerController.cpp:455] profiler_stop
USDT:2026-09-18 09:54:30 1:1 ActivityProfilerController.cpp:415] profiler_start
USDT:2026-09-18 09:54:30 1:1 ActivityProfilerController.cpp:455] profiler_stop
USDT:2026-09-18 09:54:30 1:1 ActivityProfilerController.cpp:415] profiler_start
USDT:2026-09-18 09:54:30 1:1 ActivityProfilerController.cpp:455] profiler_stop
USDT:2026-09-18 09:54:30 1:1 ActivityProfilerController.cpp:415] profiler_start
USDT:2026-09-18 09:54:30 1:1 ActivityProfilerController.cpp:455] profiler_stop
USDT:2026-09-18 09:54:30 1:1 ActivityProfilerController.cpp:415] profiler_start
USDT:2026-09-18 09:54:30 1:1 ActivityProfilerController.cpp:455] profiler_stop
USDT:2026-09-18 09:54:30 1:1 ActivityProfilerController.cpp:415] profiler_start
USDT:2026-09-18 09:54:30 1:1 ActivityProfilerController.cpp:455] profiler_stop
USDT:2026-09-18 09:54:30 1:1 ActivityProfilerController.cpp:415] profiler_start
USDT:2026-09-18 09:54:30 1:1 ActivityProfilerController.cpp:455] profiler_stop
USDT:2026-09-18 09:54:31 1:1 ActivityProfilerController.cpp:415] profiler_start
USDT:2026-09-18 09:54:31 1:1 ActivityProfilerController.cpp:455] profiler_stop
USDT:2026-09-18 09:54:31 1:1 ActivityProfilerController.cpp:415] profiler_start
USDT:2026-09-18 09:54:31 1:1 ActivityProfilerController.cpp:455] profiler_stop
USDT:2026-09-18 09:54:31 1:1 ActivityProfilerController.cpp:415] profiler_start
USDT:2026-09-18 09:54:31 1:1 ActivityProfilerController.cpp:455] profiler_stop
  2048    262144 |     499.37    0.63      4.30
  2048    262145 |     500.36    0.82      4.29
  2048    262146 |     496.27    0.08      4.33
USDT:2026-09-18 09:54:31 1:1 ActivityProfilerController.cpp:415] profiler_start
USDT:2026-09-18 09:54:31 1:1 ActivityProfilerController.cpp:455] profiler_stop
USDT:2026-09-18 09:54:31 1:1 ActivityProfilerController.cpp:415] profiler_start
USDT:2026-09-18 09:54:31 1:1 ActivityProfilerController.cpp:455] profiler_stop
USDT:2026-09-18 09:54:31 1:1 ActivityProfilerController.cpp:415] profiler_start
USDT:2026-09-18 09:54:31 1:1 ActivityProfilerController.cpp:455] profiler_stop
USDT:2026-09-18 09:54:31 1:1 ActivityProfilerController.cpp:415] profiler_start
USDT:2026-09-18 09:54:31 1:1 ActivityProfilerController.cpp:455] profiler_stop
USDT:2026-09-18 09:54:31 1:1 ActivityProfilerController.cpp:415] profiler_start
USDT:2026-09-18 09:54:32 1:1 ActivityProfilerController.cpp:455] profiler_stop
USDT:2026-09-18 09:54:32 1:1 ActivityProfilerController.cpp:415] profiler_start
USDT:2026-09-18 09:54:32 1:1 ActivityProfilerController.cpp:455] profiler_stop
USDT:2026-09-18 09:54:32 1:1 ActivityProfilerController.cpp:415] profiler_start
USDT:2026-09-18 09:54:32 1:1 ActivityProfilerController.cpp:455] profiler_stop
USDT:2026-09-18 09:54:32 1:1 ActivityProfilerController.cpp:415] profiler_start
USDT:2026-09-18 09:54:32 1:1 ActivityProfilerController.cpp:455] profiler_stop
USDT:2026-09-18 09:54:32 1:1 ActivityProfilerController.cpp:415] profiler_start
USDT:2026-09-18 09:54:32 1:1 ActivityProfilerController.cpp:455] profiler_stop
USDT:2026-09-18 09:54:32 1:1 ActivityProfilerController.cpp:415] profiler_start
USDT:2026-09-18 09:54:33 1:1 ActivityProfilerController.cpp:455] profiler_stop
USDT:2026-09-18 09:54:33 1:1 ActivityProfilerController.cpp:415] profiler_start
USDT:2026-09-18 09:54:33 1:1 ActivityProfilerController.cpp:455] profiler_stop
USDT:2026-09-18 09:54:33 1:1 ActivityProfilerController.cpp:415] profiler_start
USDT:2026-09-18 09:54:33 1:1 ActivityProfilerController.cpp:455] profiler_stop
  2048    524288 |     843.84    0.44      5.09
  2048    524289 |     854.20    0.37      5.03
  2048    524290 |     857.53    0.10      5.01
USDT:2026-09-18 09:54:33 1:1 ActivityProfilerController.cpp:415] profiler_start
USDT:2026-09-18 09:54:33 1:1 ActivityProfilerController.cpp:455] profiler_stop
USDT:2026-09-18 09:54:33 1:1 ActivityProfilerController.cpp:415] profiler_start
USDT:2026-09-18 09:54:33 1:1 ActivityProfilerController.cpp:455] profiler_stop
USDT:2026-09-18 09:54:33 1:1 ActivityProfilerController.cpp:415] profiler_start
USDT:2026-09-18 09:54:34 1:1 ActivityProfilerController.cpp:455] profiler_stop
USDT:2026-09-18 09:54:34 1:1 ActivityProfilerController.cpp:415] profiler_start
USDT:2026-09-18 09:54:34 1:1 ActivityProfilerController.cpp:455] profiler_stop
USDT:2026-09-18 09:54:34 1:1 ActivityProfilerController.cpp:415] profiler_start
USDT:2026-09-18 09:54:34 1:1 ActivityProfilerController.cpp:455] profiler_stop
USDT:2026-09-18 09:54:34 1:1 ActivityProfilerController.cpp:415] profiler_start
USDT:2026-09-18 09:54:34 1:1 ActivityProfilerController.cpp:455] profiler_stop
USDT:2026-09-18 09:54:34 1:1 ActivityProfilerController.cpp:415] profiler_start
USDT:2026-09-18 09:54:35 1:1 ActivityProfilerController.cpp:455] profiler_stop
USDT:2026-09-18 09:54:35 1:1 ActivityProfilerController.cpp:415] profiler_start
USDT:2026-09-18 09:54:35 1:1 ActivityProfilerController.cpp:455] profiler_stop
USDT:2026-09-18 09:54:35 1:1 ActivityProfilerController.cpp:415] profiler_start
USDT:2026-09-18 09:54:35 1:1 ActivityProfilerController.cpp:455] profiler_stop
USDT:2026-09-18 09:54:35 1:1 ActivityProfilerController.cpp:415] profiler_start
USDT:2026-09-18 09:54:35 1:1 ActivityProfilerController.cpp:455] profiler_stop
USDT:2026-09-18 09:54:35 1:1 ActivityProfilerController.cpp:415] profiler_start
USDT:2026-09-18 09:54:35 1:1 ActivityProfilerController.cpp:455] profiler_stop
USDT:2026-09-18 09:54:36 1:1 ActivityProfilerController.cpp:415] profiler_start
USDT:2026-09-18 09:54:36 1:1 ActivityProfilerController.cpp:455] profiler_stop
  2048   1048576 |    1696.09    0.08      5.06
  2048   1048577 |    1705.36    4.63      5.04
  2048   1048578 |    1634.97    0.81      5.25
USDT:2026-09-18 09:54:36 1:1 ActivityProfilerController.cpp:415] profiler_start
USDT:2026-09-18 09:54:36 1:1 ActivityProfilerController.cpp:455] profiler_stop
USDT:2026-09-18 09:54:36 1:1 ActivityProfilerController.cpp:415] profiler_start
USDT:2026-09-18 09:54:36 1:1 ActivityProfilerController.cpp:455] profiler_stop
USDT:2026-09-18 09:54:36 1:1 ActivityProfilerController.cpp:415] profiler_start
USDT:2026-09-18 09:54:36 1:1 ActivityProfilerController.cpp:455] profiler_stop
USDT:2026-09-18 09:54:36 1:1 ActivityProfilerController.cpp:415] profiler_start
USDT:2026-09-18 09:54:36 1:1 ActivityProfilerController.cpp:455] profiler_stop
USDT:2026-09-18 09:54:36 1:1 ActivityProfilerController.cpp:415] profiler_start
USDT:2026-09-18 09:54:36 1:1 ActivityProfilerController.cpp:455] profiler_stop
USDT:2026-09-18 09:54:36 1:1 ActivityProfilerController.cpp:415] profiler_start
USDT:2026-09-18 09:54:36 1:1 ActivityProfilerController.cpp:455] profiler_stop
USDT:2026-09-18 09:54:36 1:1 ActivityProfilerController.cpp:415] profiler_start
USDT:2026-09-18 09:54:36 1:1 ActivityProfilerController.cpp:455] profiler_stop
USDT:2026-09-18 09:54:36 1:1 ActivityProfilerController.cpp:415] profiler_start
USDT:2026-09-18 09:54:36 1:1 ActivityProfilerController.cpp:455] profiler_stop
USDT:2026-09-18 09:54:36 1:1 ActivityProfilerController.cpp:415] profiler_start
USDT:2026-09-18 09:54:36 1:1 ActivityProfilerController.cpp:455] profiler_stop
USDT:2026-09-18 09:54:36 1:1 ActivityProfilerController.cpp:415] profiler_start
USDT:2026-09-18 09:54:36 1:1 ActivityProfilerController.cpp:455] profiler_stop
USDT:2026-09-18 09:54:36 1:1 ActivityProfilerController.cpp:415] profiler_start
USDT:2026-09-18 09:54:36 1:1 ActivityProfilerController.cpp:455] profiler_stop
USDT:2026-09-18 09:54:36 1:1 ActivityProfilerController.cpp:415] profiler_start
USDT:2026-09-18 09:54:36 1:1 ActivityProfilerController.cpp:455] profiler_stop
  4096      2048 |       8.89    0.39      3.77
  4096      2049 |      40.65    1.09      0.83
  4096      2050 |      40.80    0.71      0.82
USDT:2026-09-18 09:54:37 1:1 ActivityProfilerController.cpp:415] profiler_start
USDT:2026-09-18 09:54:37 1:1 ActivityProfilerController.cpp:455] profiler_stop
USDT:2026-09-18 09:54:37 1:1 ActivityProfilerController.cpp:415] profiler_start
USDT:2026-09-18 09:54:37 1:1 ActivityProfilerController.cpp:455] profiler_stop
USDT:2026-09-18 09:54:37 1:1 ActivityProfilerController.cpp:415] profiler_start
USDT:2026-09-18 09:54:37 1:1 ActivityProfilerController.cpp:455] profiler_stop
USDT:2026-09-18 09:54:37 1:1 ActivityProfilerController.cpp:415] profiler_start
USDT:2026-09-18 09:54:37 1:1 ActivityProfilerController.cpp:455] profiler_stop
USDT:2026-09-18 09:54:37 1:1 ActivityProfilerController.cpp:415] profiler_start
USDT:2026-09-18 09:54:37 1:1 ActivityProfilerController.cpp:455] profiler_stop
USDT:2026-09-18 09:54:37 1:1 ActivityProfilerController.cpp:415] profiler_start
USDT:2026-09-18 09:54:37 1:1 ActivityProfilerController.cpp:455] profiler_stop
USDT:2026-09-18 09:54:37 1:1 ActivityProfilerController.cpp:415] profiler_start
USDT:2026-09-18 09:54:37 1:1 ActivityProfilerController.cpp:455] profiler_stop
USDT:2026-09-18 09:54:37 1:1 ActivityProfilerController.cpp:415] profiler_start
USDT:2026-09-18 09:54:37 1:1 ActivityProfilerController.cpp:455] profiler_stop
USDT:2026-09-18 09:54:37 1:1 ActivityProfilerController.cpp:415] profiler_start
USDT:2026-09-18 09:54:37 1:1 ActivityProfilerController.cpp:455] profiler_stop
USDT:2026-09-18 09:54:37 1:1 ActivityProfilerController.cpp:415] profiler_start
USDT:2026-09-18 09:54:37 1:1 ActivityProfilerController.cpp:455] profiler_stop
USDT:2026-09-18 09:54:37 1:1 ActivityProfilerController.cpp:415] profiler_start
USDT:2026-09-18 09:54:37 1:1 ActivityProfilerController.cpp:455] profiler_stop
USDT:2026-09-18 09:54:37 1:1 ActivityProfilerController.cpp:415] profiler_start
USDT:2026-09-18 09:54:37 1:1 ActivityProfilerController.cpp:455] profiler_stop
  4096      4096 |      65.63    0.38      1.02
  4096      4097 |      68.08    0.45      0.99
  4096      4098 |      68.88    0.10      0.97
USDT:2026-09-18 09:54:37 1:1 ActivityProfilerController.cpp:415] profiler_start
USDT:2026-09-18 09:54:37 1:1 ActivityProfilerController.cpp:455] profiler_stop
USDT:2026-09-18 09:54:37 1:1 ActivityProfilerController.cpp:415] profiler_start
USDT:2026-09-18 09:54:37 1:1 ActivityProfilerController.cpp:455] profiler_stop
USDT:2026-09-18 09:54:37 1:1 ActivityProfilerController.cpp:415] profiler_start
USDT:2026-09-18 09:54:37 1:1 ActivityProfilerController.cpp:455] profiler_stop
USDT:2026-09-18 09:54:37 1:1 ActivityProfilerController.cpp:415] profiler_start
USDT:2026-09-18 09:54:37 1:1 ActivityProfilerController.cpp:455] profiler_stop
USDT:2026-09-18 09:54:37 1:1 ActivityProfilerController.cpp:415] profiler_start
USDT:2026-09-18 09:54:37 1:1 ActivityProfilerController.cpp:455] profiler_stop
USDT:2026-09-18 09:54:37 1:1 ActivityProfilerController.cpp:415] profiler_start
USDT:2026-09-18 09:54:37 1:1 ActivityProfilerController.cpp:455] profiler_stop
USDT:2026-09-18 09:54:38 1:1 ActivityProfilerController.cpp:415] profiler_start
USDT:2026-09-18 09:54:38 1:1 ActivityProfilerController.cpp:455] profiler_stop
USDT:2026-09-18 09:54:38 1:1 ActivityProfilerController.cpp:415] profiler_start
USDT:2026-09-18 09:54:38 1:1 ActivityProfilerController.cpp:455] profiler_stop
USDT:2026-09-18 09:54:38 1:1 ActivityProfilerController.cpp:415] profiler_start
USDT:2026-09-18 09:54:38 1:1 ActivityProfilerController.cpp:455] profiler_stop
USDT:2026-09-18 09:54:38 1:1 ActivityProfilerController.cpp:415] profiler_start
USDT:2026-09-18 09:54:38 1:1 ActivityProfilerController.cpp:455] profiler_stop
USDT:2026-09-18 09:54:38 1:1 ActivityProfilerController.cpp:415] profiler_start
USDT:2026-09-18 09:54:38 1:1 ActivityProfilerController.cpp:455] profiler_stop
USDT:2026-09-18 09:54:38 1:1 ActivityProfilerController.cpp:415] profiler_start
USDT:2026-09-18 09:54:38 1:1 ActivityProfilerController.cpp:455] profiler_stop
  4096      8192 |     102.36    0.13      1.31
  4096      8193 |     159.07    0.43      0.84
  4096      8194 |     160.39    0.50      0.84
USDT:2026-09-18 09:54:38 1:1 ActivityProfilerController.cpp:415] profiler_start
USDT:2026-09-18 09:54:38 1:1 ActivityProfilerController.cpp:455] profiler_stop
USDT:2026-09-18 09:54:38 1:1 ActivityProfilerController.cpp:415] profiler_start
USDT:2026-09-18 09:54:38 1:1 ActivityProfilerController.cpp:455] profiler_stop
USDT:2026-09-18 09:54:38 1:1 ActivityProfilerController.cpp:415] profiler_start
USDT:2026-09-18 09:54:39 1:1 ActivityProfilerController.cpp:455] profiler_stop
USDT:2026-09-18 09:54:39 1:1 ActivityProfilerController.cpp:415] profiler_start
USDT:2026-09-18 09:54:39 1:1 ActivityProfilerController.cpp:455] profiler_stop
USDT:2026-09-18 09:54:39 1:1 ActivityProfilerController.cpp:415] profiler_start
USDT:2026-09-18 09:54:39 1:1 ActivityProfilerController.cpp:455] profiler_stop
USDT:2026-09-18 09:54:39 1:1 ActivityProfilerController.cpp:415] profiler_start
USDT:2026-09-18 09:54:39 1:1 ActivityProfilerController.cpp:455] profiler_stop
USDT:2026-09-18 09:54:39 1:1 ActivityProfilerController.cpp:415] profiler_start
USDT:2026-09-18 09:54:39 1:1 ActivityProfilerController.cpp:455] profiler_stop
USDT:2026-09-18 09:54:39 1:1 ActivityProfilerController.cpp:415] profiler_start
USDT:2026-09-18 09:54:39 1:1 ActivityProfilerController.cpp:455] profiler_stop
USDT:2026-09-18 09:54:39 1:1 ActivityProfilerController.cpp:415] profiler_start
USDT:2026-09-18 09:54:39 1:1 ActivityProfilerController.cpp:455] profiler_stop
USDT:2026-09-18 09:54:39 1:1 ActivityProfilerController.cpp:415] profiler_start
USDT:2026-09-18 09:54:39 1:1 ActivityProfilerController.cpp:455] profiler_stop
USDT:2026-09-18 09:54:39 1:1 ActivityProfilerController.cpp:415] profiler_start
USDT:2026-09-18 09:54:39 1:1 ActivityProfilerController.cpp:455] profiler_stop
USDT:2026-09-18 09:54:39 1:1 ActivityProfilerController.cpp:415] profiler_start
USDT:2026-09-18 09:54:39 1:1 ActivityProfilerController.cpp:455] profiler_stop
  4096     16384 |     181.11    0.11      1.48
  4096     16385 |     185.11    0.29      1.45
  4096     16386 |     185.53    0.19      1.45
USDT:2026-09-18 09:54:39 1:1 ActivityProfilerController.cpp:415] profiler_start
USDT:2026-09-18 09:54:39 1:1 ActivityProfilerController.cpp:455] profiler_stop
USDT:2026-09-18 09:54:39 1:1 ActivityProfilerController.cpp:415] profiler_start
USDT:2026-09-18 09:54:39 1:1 ActivityProfilerController.cpp:455] profiler_stop
USDT:2026-09-18 09:54:40 1:1 ActivityProfilerController.cpp:415] profiler_start
USDT:2026-09-18 09:54:40 1:1 ActivityProfilerController.cpp:455] profiler_stop
USDT:2026-09-18 09:54:40 1:1 ActivityProfilerController.cpp:415] profiler_start
USDT:2026-09-18 09:54:40 1:1 ActivityProfilerController.cpp:455] profiler_stop
USDT:2026-09-18 09:54:40 1:1 ActivityProfilerController.cpp:415] profiler_start
USDT:2026-09-18 09:54:40 1:1 ActivityProfilerController.cpp:455] profiler_stop
USDT:2026-09-18 09:54:40 1:1 ActivityProfilerController.cpp:415] profiler_start
USDT:2026-09-18 09:54:40 1:1 ActivityProfilerController.cpp:455] profiler_stop
USDT:2026-09-18 09:54:40 1:1 ActivityProfilerController.cpp:415] profiler_start
USDT:2026-09-18 09:54:40 1:1 ActivityProfilerController.cpp:455] profiler_stop
USDT:2026-09-18 09:54:40 1:1 ActivityProfilerController.cpp:415] profiler_start
USDT:2026-09-18 09:54:40 1:1 ActivityProfilerController.cpp:455] profiler_stop
USDT:2026-09-18 09:54:40 1:1 ActivityProfilerController.cpp:415] profiler_start
USDT:2026-09-18 09:54:40 1:1 ActivityProfilerController.cpp:455] profiler_stop
USDT:2026-09-18 09:54:40 1:1 ActivityProfilerController.cpp:415] profiler_start
USDT:2026-09-18 09:54:40 1:1 ActivityProfilerController.cpp:455] profiler_stop
USDT:2026-09-18 09:54:40 1:1 ActivityProfilerController.cpp:415] profiler_start
USDT:2026-09-18 09:54:41 1:1 ActivityProfilerController.cpp:455] profiler_stop
USDT:2026-09-18 09:54:41 1:1 ActivityProfilerController.cpp:415] profiler_start
USDT:2026-09-18 09:54:41 1:1 ActivityProfilerController.cpp:455] profiler_stop
  4096     32768 |     252.16    0.35      2.13
  4096     32769 |     255.42    1.28      2.10
  4096     32770 |     257.74    0.55      2.08
USDT:2026-09-18 09:54:41 1:1 ActivityProfilerController.cpp:415] profiler_start
USDT:2026-09-18 09:54:41 1:1 ActivityProfilerController.cpp:455] profiler_stop
USDT:2026-09-18 09:54:41 1:1 ActivityProfilerController.cpp:415] profiler_start
USDT:2026-09-18 09:54:41 1:1 ActivityProfilerController.cpp:455] profiler_stop
USDT:2026-09-18 09:54:41 1:1 ActivityProfilerController.cpp:415] profiler_start
USDT:2026-09-18 09:54:41 1:1 ActivityProfilerController.cpp:455] profiler_stop
USDT:2026-09-18 09:54:41 1:1 ActivityProfilerController.cpp:415] profiler_start
USDT:2026-09-18 09:54:41 1:1 ActivityProfilerController.cpp:455] profiler_stop
USDT:2026-09-18 09:54:41 1:1 ActivityProfilerController.cpp:415] profiler_start
USDT:2026-09-18 09:54:41 1:1 ActivityProfilerController.cpp:455] profiler_stop
USDT:2026-09-18 09:54:41 1:1 ActivityProfilerController.cpp:415] profiler_start
USDT:2026-09-18 09:54:41 1:1 ActivityProfilerController.cpp:455] profiler_stop
USDT:2026-09-18 09:54:41 1:1 ActivityProfilerController.cpp:415] profiler_start
USDT:2026-09-18 09:54:41 1:1 ActivityProfilerController.cpp:455] profiler_stop
USDT:2026-09-18 09:54:41 1:1 ActivityProfilerController.cpp:415] profiler_start
USDT:2026-09-18 09:54:41 1:1 ActivityProfilerController.cpp:455] profiler_stop
USDT:2026-09-18 09:54:41 1:1 ActivityProfilerController.cpp:415] profiler_start
USDT:2026-09-18 09:54:42 1:1 ActivityProfilerController.cpp:455] profiler_stop
USDT:2026-09-18 09:54:42 1:1 ActivityProfilerController.cpp:415] profiler_start
USDT:2026-09-18 09:54:42 1:1 ActivityProfilerController.cpp:455] profiler_stop
USDT:2026-09-18 09:54:42 1:1 ActivityProfilerController.cpp:415] profiler_start
USDT:2026-09-18 09:54:42 1:1 ActivityProfilerController.cpp:455] profiler_stop
USDT:2026-09-18 09:54:42 1:1 ActivityProfilerController.cpp:415] profiler_start
USDT:2026-09-18 09:54:42 1:1 ActivityProfilerController.cpp:455] profiler_stop
  4096     65536 |     353.80    4.38      3.03
  4096     65537 |     358.28    1.07      3.00
  4096     65538 |     357.06    5.49      3.01
USDT:2026-09-18 09:54:42 1:1 ActivityProfilerController.cpp:415] profiler_start
USDT:2026-09-18 09:54:42 1:1 ActivityProfilerController.cpp:455] profiler_stop
USDT:2026-09-18 09:54:42 1:1 ActivityProfilerController.cpp:415] profiler_start
USDT:2026-09-18 09:54:42 1:1 ActivityProfilerController.cpp:455] profiler_stop
USDT:2026-09-18 09:54:42 1:1 ActivityProfilerController.cpp:415] profiler_start
USDT:2026-09-18 09:54:42 1:1 ActivityProfilerController.cpp:455] profiler_stop
USDT:2026-09-18 09:54:43 1:1 ActivityProfilerController.cpp:415] profiler_start
USDT:2026-09-18 09:54:43 1:1 ActivityProfilerController.cpp:455] profiler_stop
USDT:2026-09-18 09:54:43 1:1 ActivityProfilerController.cpp:415] profiler_start
USDT:2026-09-18 09:54:43 1:1 ActivityProfilerController.cpp:455] profiler_stop
USDT:2026-09-18 09:54:43 1:1 ActivityProfilerController.cpp:415] profiler_start
USDT:2026-09-18 09:54:43 1:1 ActivityProfilerController.cpp:455] profiler_stop
USDT:2026-09-18 09:54:43 1:1 ActivityProfilerController.cpp:415] profiler_start
USDT:2026-09-18 09:54:43 1:1 ActivityProfilerController.cpp:455] profiler_stop
USDT:2026-09-18 09:54:43 1:1 ActivityProfilerController.cpp:415] profiler_start
USDT:2026-09-18 09:54:43 1:1 ActivityProfilerController.cpp:455] profiler_stop
USDT:2026-09-18 09:54:43 1:1 ActivityProfilerController.cpp:415] profiler_start
USDT:2026-09-18 09:54:43 1:1 ActivityProfilerController.cpp:455] profiler_stop
USDT:2026-09-18 09:54:43 1:1 ActivityProfilerController.cpp:415] profiler_start
USDT:2026-09-18 09:54:43 1:1 ActivityProfilerController.cpp:455] profiler_stop
USDT:2026-09-18 09:54:43 1:1 ActivityProfilerController.cpp:415] profiler_start
USDT:2026-09-18 09:54:43 1:1 ActivityProfilerController.cpp:455] profiler_stop
USDT:2026-09-18 09:54:44 1:1 ActivityProfilerController.cpp:415] profiler_start
USDT:2026-09-18 09:54:44 1:1 ActivityProfilerController.cpp:455] profiler_stop
  4096    131072 |     594.90    2.71      3.61
  4096    131073 |     594.59    2.68      3.61
  4096    131074 |     600.54    1.13      3.58
USDT:2026-09-18 09:54:44 1:1 ActivityProfilerController.cpp:415] profiler_start
USDT:2026-09-18 09:54:44 1:1 ActivityProfilerController.cpp:455] profiler_stop
USDT:2026-09-18 09:54:44 1:1 ActivityProfilerController.cpp:415] profiler_start
USDT:2026-09-18 09:54:44 1:1 ActivityProfilerController.cpp:455] profiler_stop
USDT:2026-09-18 09:54:44 1:1 ActivityProfilerController.cpp:415] profiler_start
USDT:2026-09-18 09:54:44 1:1 ActivityProfilerController.cpp:455] profiler_stop
USDT:2026-09-18 09:54:44 1:1 ActivityProfilerController.cpp:415] profiler_start
USDT:2026-09-18 09:54:44 1:1 ActivityProfilerController.cpp:455] profiler_stop
USDT:2026-09-18 09:54:44 1:1 ActivityProfilerController.cpp:415] profiler_start
USDT:2026-09-18 09:54:44 1:1 ActivityProfilerController.cpp:455] profiler_stop
USDT:2026-09-18 09:54:45 1:1 ActivityProfilerController.cpp:415] profiler_start
USDT:2026-09-18 09:54:45 1:1 ActivityProfilerController.cpp:455] profiler_stop
USDT:2026-09-18 09:54:45 1:1 ActivityProfilerController.cpp:415] profiler_start
USDT:2026-09-18 09:54:45 1:1 ActivityProfilerController.cpp:455] profiler_stop
USDT:2026-09-18 09:54:45 1:1 ActivityProfilerController.cpp:415] profiler_start
USDT:2026-09-18 09:54:45 1:1 ActivityProfilerController.cpp:455] profiler_stop
USDT:2026-09-18 09:54:45 1:1 ActivityProfilerController.cpp:415] profiler_start
USDT:2026-09-18 09:54:45 1:1 ActivityProfilerController.cpp:455] profiler_stop
USDT:2026-09-18 09:54:45 1:1 ActivityProfilerController.cpp:415] profiler_start
USDT:2026-09-18 09:54:46 1:1 ActivityProfilerController.cpp:455] profiler_stop
USDT:2026-09-18 09:54:46 1:1 ActivityProfilerController.cpp:415] profiler_start
USDT:2026-09-18 09:54:46 1:1 ActivityProfilerController.cpp:455] profiler_stop
USDT:2026-09-18 09:54:46 1:1 ActivityProfilerController.cpp:415] profiler_start
USDT:2026-09-18 09:54:46 1:1 ActivityProfilerController.cpp:455] profiler_stop
  4096    262144 |     930.78    0.55      4.61
  4096    262145 |    1298.56    1.25      3.31
  4096    262146 |     957.12    0.62      4.49
USDT:2026-09-18 09:54:46 1:1 ActivityProfilerController.cpp:415] profiler_start
USDT:2026-09-18 09:54:46 1:1 ActivityProfilerController.cpp:455] profiler_stop
USDT:2026-09-18 09:54:46 1:1 ActivityProfilerController.cpp:415] profiler_start
USDT:2026-09-18 09:54:46 1:1 ActivityProfilerController.cpp:455] profiler_stop
USDT:2026-09-18 09:54:46 1:1 ActivityProfilerController.cpp:415] profiler_start
USDT:2026-09-18 09:54:47 1:1 ActivityProfilerController.cpp:455] profiler_stop
USDT:2026-09-18 09:54:47 1:1 ActivityProfilerController.cpp:415] profiler_start
USDT:2026-09-18 09:54:47 1:1 ActivityProfilerController.cpp:455] profiler_stop
USDT:2026-09-18 09:54:47 1:1 ActivityProfilerController.cpp:415] profiler_start
USDT:2026-09-18 09:54:47 1:1 ActivityProfilerController.cpp:455] profiler_stop
USDT:2026-09-18 09:54:47 1:1 ActivityProfilerController.cpp:415] profiler_start
USDT:2026-09-18 09:54:47 1:1 ActivityProfilerController.cpp:455] profiler_stop
USDT:2026-09-18 09:54:47 1:1 ActivityProfilerController.cpp:415] profiler_start
USDT:2026-09-18 09:54:48 1:1 ActivityProfilerController.cpp:455] profiler_stop
USDT:2026-09-18 09:54:48 1:1 ActivityProfilerController.cpp:415] profiler_start
USDT:2026-09-18 09:54:48 1:1 ActivityProfilerController.cpp:455] profiler_stop
USDT:2026-09-18 09:54:48 1:1 ActivityProfilerController.cpp:415] profiler_start
USDT:2026-09-18 09:54:48 1:1 ActivityProfilerController.cpp:455] profiler_stop
USDT:2026-09-18 09:54:48 1:1 ActivityProfilerController.cpp:415] profiler_start
USDT:2026-09-18 09:54:48 1:1 ActivityProfilerController.cpp:455] profiler_stop
USDT:2026-09-18 09:54:48 1:1 ActivityProfilerController.cpp:415] profiler_start
USDT:2026-09-18 09:54:49 1:1 ActivityProfilerController.cpp:455] profiler_stop
USDT:2026-09-18 09:54:49 1:1 ActivityProfilerController.cpp:415] profiler_start
USDT:2026-09-18 09:54:49 1:1 ActivityProfilerController.cpp:455] profiler_stop
  4096    524288 |    1768.27    0.18      4.86
  4096    524289 |    1885.22    0.58      4.56
  4096    524290 |    1782.95    0.97      4.82
USDT:2026-09-18 09:54:49 1:1 ActivityProfilerController.cpp:415] profiler_start
USDT:2026-09-18 09:54:49 1:1 ActivityProfilerController.cpp:455] profiler_stop
USDT:2026-09-18 09:54:50 1:1 ActivityProfilerController.cpp:415] profiler_start
USDT:2026-09-18 09:54:50 1:1 ActivityProfilerController.cpp:455] profiler_stop
USDT:2026-09-18 09:54:50 1:1 ActivityProfilerController.cpp:415] profiler_start
USDT:2026-09-18 09:54:50 1:1 ActivityProfilerController.cpp:455] profiler_stop
USDT:2026-09-18 09:54:50 1:1 ActivityProfilerController.cpp:415] profiler_start
USDT:2026-09-18 09:54:51 1:1 ActivityProfilerController.cpp:455] profiler_stop
USDT:2026-09-18 09:54:51 1:1 ActivityProfilerController.cpp:415] profiler_start
USDT:2026-09-18 09:54:51 1:1 ActivityProfilerController.cpp:455] profiler_stop
USDT:2026-09-18 09:54:51 1:1 ActivityProfilerController.cpp:415] profiler_start
USDT:2026-09-18 09:54:51 1:1 ActivityProfilerController.cpp:455] profiler_stop
USDT:2026-09-18 09:54:52 1:1 ActivityProfilerController.cpp:415] profiler_start
USDT:2026-09-18 09:54:52 1:1 ActivityProfilerController.cpp:455] profiler_stop
USDT:2026-09-18 09:54:52 1:1 ActivityProfilerController.cpp:415] profiler_start
USDT:2026-09-18 09:54:52 1:1 ActivityProfilerController.cpp:455] profiler_stop
USDT:2026-09-18 09:54:52 1:1 ActivityProfilerController.cpp:415] profiler_start
USDT:2026-09-18 09:54:53 1:1 ActivityProfilerController.cpp:455] profiler_stop
USDT:2026-09-18 09:54:53 1:1 ActivityProfilerController.cpp:415] profiler_start
USDT:2026-09-18 09:54:53 1:1 ActivityProfilerController.cpp:455] profiler_stop
USDT:2026-09-18 09:54:53 1:1 ActivityProfilerController.cpp:415] profiler_start
USDT:2026-09-18 09:54:53 1:1 ActivityProfilerController.cpp:455] profiler_stop
USDT:2026-09-18 09:54:53 1:1 ActivityProfilerController.cpp:415] profiler_start
USDT:2026-09-18 09:54:54 1:1 ActivityProfilerController.cpp:455] profiler_stop
  4096   1048576 |    3220.06    0.18      5.34
  4096   1048577 |    3033.59    1.38      5.66
  4096   1048578 |    3045.51    1.43      5.64
WROTE /home/mh/topk-prefill-avo/reports/ceiling_measured.json  (390 cells)
