#COLS m n k g mlp tb tail exact blocks per4 slots thr hit_rate hits_total hits_mean hits_min hits_max written dropped drop_pct rd1 rd2 rd3 sel1 sel2 sel3 d1 d2 d3
#R 1 4 4 1 4 256 0 0 1 1 4 -inf 1.000000 4 4.000 4 4 4 0 0.0000 5.880 6.000 5.960 6.080 6.200 6.240 0.200 0.200 0.280
#R 4096 131072 2048 1 4 1024 0 1 4096 32768 2048 2.15387 0.015628 8390268 2048.405 1889 2194 8315885 74383 0.8865 333.319 334.879 332.880 325.879 325.439 326.479 -7.440 -9.440 -6.401
#R 1 2048 2048 32 1 256 0 0 32 16 64 -inf 1.000000 2048 2048.000 2048 2048 2048 0 0.0000 5.960 6.040 6.000 6.200 6.280 6.280 0.240 0.240 0.280
#R 1 2048 2048 32 4 256 0 0 32 16 64 -inf 1.000000 2048 2048.000 2048 2048 2048 0 0.0000 6.080 6.000 6.000 6.240 6.320 6.320 0.160 0.320 0.320
#R 1 2048 2048 1 4 256 0 0 1 512 2048 -inf 1.000000 2048 2048.000 2048 2048 2048 0 0.0000 6.040 6.040 6.880 6.240 6.200 6.240 0.200 0.160 -0.640
#R 1 2048 2048 2 4 256 0 0 2 256 1024 -inf 1.000000 2048 2048.000 2048 2048 2048 0 0.0000 6.000 6.080 6.360 6.240 6.280 6.240 0.240 0.200 -0.120
#R 1 2049 2048 32 1 256 1 0 32 17 64 -3.29733 0.999024 2047 2047.000 2047 2047 1929 118 5.7645 6.000 6.080 6.040 6.280 6.280 6.280 0.280 0.200 0.240
#R 1 2049 2048 32 4 256 1 0 32 17 64 -3.29733 0.999024 2047 2047.000 2047 2047 1929 118 5.7645 6.080 6.080 6.080 6.240 6.280 6.280 0.160 0.200 0.200
#R 1 2049 2048 1 4 256 1 0 1 513 2048 -3.29733 0.999024 2047 2047.000 2047 2047 2047 0 0.0000 6.040 6.040 6.120 6.240 6.240 6.240 0.200 0.200 0.120
#R 1 2049 2048 2 4 256 1 0 2 257 1024 -3.29733 0.999024 2047 2047.000 2047 2047 2045 2 0.0977 6.000 6.120 6.080 6.240 6.240 6.200 0.240 0.120 0.120
#R 1 2050 2048 32 1 256 1 0 32 17 64 -3.09756 0.998049 2046 2046.000 2046 2046 1930 116 5.6696 6.000 6.080 6.080 6.280 6.240 6.280 0.280 0.160 0.200
#R 1 2050 2048 32 4 256 1 0 32 17 64 -3.09756 0.998049 2046 2046.000 2046 2046 1930 116 5.6696 6.080 6.040 6.080 6.240 6.240 6.240 0.160 0.200 0.160
#R 1 2050 2048 1 4 256 1 0 1 513 2048 -3.09756 0.998049 2046 2046.000 2046 2046 2046 0 0.0000 6.080 6.080 6.160 6.240 6.240 6.240 0.160 0.160 0.080
#R 1 2050 2048 2 4 256 1 0 2 257 1024 -3.09756 0.998049 2046 2046.000 2046 2046 2045 1 0.0489 6.000 6.000 6.040 6.240 6.280 6.280 0.240 0.280 0.240
#R 1 4096 2048 32 1 256 0 0 32 32 64 -1.39146e-16 0.494385 2025 2025.000 2025 2025 1964 61 3.0123 6.000 6.080 6.040 6.240 6.280 6.280 0.240 0.200 0.240
#R 1 4096 2048 32 4 256 0 0 32 32 64 -1.39146e-16 0.494385 2025 2025.000 2025 2025 1964 61 3.0123 6.080 6.040 6.080 6.240 6.280 6.240 0.160 0.240 0.160
#R 1 4096 2048 1 4 256 0 1 1 1024 2048 -1.39146e-16 0.494385 2025 2025.000 2025 2025 2025 0 0.0000 6.280 6.000 6.080 6.200 6.241 6.200 -0.080 0.241 0.120
#R 1 4096 2048 2 4 256 0 0 2 512 1024 -1.39146e-16 0.494385 2025 2025.000 2025 2025 2025 0 0.0000 6.080 6.040 6.001 6.280 6.240 6.200 0.200 0.200 0.199
#R 1 4097 2048 32 1 1024 1 0 32 33 64 0.00030591 0.494264 2025 2025.000 2025 2025 1938 87 4.2963 6.000 6.120 6.000 6.240 6.240 6.240 0.240 0.120 0.240
#R 1 4097 2048 32 4 1024 1 0 32 33 64 0.00030591 0.494264 2025 2025.000 2025 2025 1938 87 4.2963 6.040 6.040 6.120 6.241 6.240 6.280 0.201 0.200 0.160
#R 1 4097 2048 1 4 1024 1 0 1 1025 2048 0.00030591 0.494264 2025 2025.000 2025 2025 2025 0 0.0000 6.040 6.120 6.080 6.240 6.200 6.240 0.200 0.080 0.160
#R 1 4097 2048 2 4 1024 1 0 2 513 1024 0.00030591 0.494264 2025 2025.000 2025 2025 2025 0 0.0000 6.000 6.040 6.000 6.200 6.240 6.240 0.200 0.200 0.240
#R 1 4098 2048 32 1 1024 1 0 32 33 64 0.000611671 0.493899 2024 2024.000 2024 2024 1937 87 4.2984 6.080 6.080 6.040 6.280 6.280 6.280 0.200 0.200 0.240
#R 1 4098 2048 32 4 1024 1 0 32 33 64 0.000611671 0.493899 2024 2024.000 2024 2024 1937 87 4.2984 6.080 6.040 6.120 6.240 6.240 6.240 0.160 0.200 0.120
#R 1 4098 2048 1 4 1024 1 0 1 1025 2048 0.000611671 0.493899 2024 2024.000 2024 2024 2024 0 0.0000 6.001 6.040 6.080 6.200 6.201 6.240 0.199 0.161 0.160
#R 1 4098 2048 2 4 1024 1 0 2 513 1024 0.000611671 0.493899 2024 2024.000 2024 2024 2024 0 0.0000 5.960 6.080 6.560 6.240 6.240 6.280 0.280 0.160 -0.280
#R 1 8192 2048 32 1 1024 0 0 32 64 64 0.67449 0.251343 2059 2059.000 2059 2059 1965 94 4.5653 6.080 6.080 6.000 6.240 6.240 6.240 0.160 0.160 0.240
#R 1 8192 2048 32 4 1024 0 0 32 64 64 0.67449 0.251343 2059 2059.000 2059 2059 1965 94 4.5653 6.040 6.040 6.120 6.240 6.280 6.240 0.200 0.240 0.120
#R 1 8192 2048 1 4 1024 0 0 1 2048 2048 0.67449 0.251343 2059 2059.000 2059 2059 2048 11 0.5342 6.000 6.040 6.320 6.240 6.200 6.240 0.240 0.160 -0.080
#R 1 8192 2048 2 4 1024 0 0 2 1024 1024 0.67449 0.251343 2059 2059.000 2059 2059 2019 40 1.9427 6.040 6.040 6.080 6.240 6.200 6.200 0.200 0.160 0.120
#R 1 8193 2048 32 1 1024 1 0 32 65 64 0.674586 0.251312 2059 2059.000 2059 2059 1958 101 4.9053 6.040 6.080 6.040 6.240 6.240 6.240 0.200 0.160 0.200
#R 1 8193 2048 32 4 1024 1 0 32 65 64 0.674586 0.251312 2059 2059.000 2059 2059 1958 101 4.9053 6.040 6.080 6.120 6.240 6.240 6.360 0.200 0.160 0.240
#R 1 8193 2048 1 4 1024 1 0 1 2049 2048 0.674586 0.251312 2059 2059.000 2059 2059 2048 11 0.5342 6.000 6.080 6.040 6.240 6.240 6.240 0.240 0.160 0.200
#R 1 8193 2048 2 4 1024 1 0 2 1025 1024 0.674586 0.251312 2059 2059.000 2059 2059 2020 39 1.8941 6.000 6.080 6.040 6.240 6.200 6.240 0.240 0.120 0.200
#R 1 8194 2048 32 1 1024 1 0 32 65 64 0.674682 0.251159 2058 2058.000 2058 2058 1958 100 4.8591 6.080 6.080 6.040 6.240 6.240 6.280 0.160 0.160 0.240
#R 1 8194 2048 32 4 1024 1 0 32 65 64 0.674682 0.251159 2058 2058.000 2058 2058 1958 100 4.8591 6.080 6.000 6.040 6.280 6.240 6.320 0.200 0.240 0.280
#R 1 8194 2048 1 4 1024 1 0 1 2049 2048 0.674682 0.251159 2058 2058.000 2058 2058 2048 10 0.4859 5.960 6.040 6.040 6.240 6.200 6.280 0.280 0.160 0.240
#R 1 8194 2048 2 4 1024 1 0 2 1025 1024 0.674682 0.251159 2058 2058.000 2058 2058 2020 38 1.8465 6.000 6.040 6.040 6.240 6.240 6.240 0.240 0.200 0.200
#R 1 16384 2048 32 1 1024 0 0 32 128 64 1.15035 0.125549 2057 2057.000 2057 2057 1977 80 3.8892 6.000 6.680 6.080 6.280 6.240 6.240 0.280 -0.440 0.160
#R 1 16384 2048 32 4 1024 0 0 32 128 64 1.15035 0.125549 2057 2057.000 2057 2057 1977 80 3.8892 6.040 6.000 6.240 6.240 6.240 6.240 0.200 0.240 0.000
#R 1 16384 2048 1 4 1024 0 1 1 4096 2048 1.15035 0.125549 2057 2057.000 2057 2057 2048 9 0.4375 6.000 6.080 6.080 6.280 6.240 6.280 0.280 0.160 0.200
#R 1 16384 2048 2 4 1024 0 0 2 2048 1024 1.15035 0.125549 2057 2057.000 2057 2057 2011 46 2.2363 6.001 6.120 6.040 6.280 6.240 6.240 0.279 0.120 0.200
#R 1 16385 2048 32 1 1024 1 0 32 129 64 1.15039 0.125542 2057 2057.000 2057 2057 1956 101 4.9101 6.120 6.200 6.040 6.240 6.240 6.280 0.120 0.040 0.240
#R 1 16385 2048 32 4 1024 1 0 32 129 64 1.15039 0.125542 2057 2057.000 2057 2057 1956 101 4.9101 6.000 6.680 6.040 6.240 6.240 6.280 0.240 -0.440 0.240
#R 1 16385 2048 1 4 1024 1 0 1 4097 2048 1.15039 0.125542 2057 2057.000 2057 2057 2048 9 0.4375 6.000 6.080 6.040 6.360 6.320 6.320 0.360 0.240 0.280
#R 1 16385 2048 2 4 1024 1 0 2 2049 1024 1.15039 0.125542 2057 2057.000 2057 2057 2011 46 2.2363 6.000 6.040 6.040 6.240 6.200 6.240 0.240 0.160 0.200
#R 1 16386 2048 32 1 1024 1 0 32 129 64 1.15042 0.125534 2057 2057.000 2057 2057 1956 101 4.9101 6.040 6.040 6.080 6.240 6.240 6.280 0.200 0.200 0.200
#R 1 16386 2048 32 4 1024 1 0 32 129 64 1.15042 0.125534 2057 2057.000 2057 2057 1956 101 4.9101 6.080 6.040 6.120 6.280 6.240 6.240 0.200 0.200 0.120
#R 1 16386 2048 1 4 1024 1 0 1 4097 2048 1.15042 0.125534 2057 2057.000 2057 2057 2048 9 0.4375 6.080 6.080 6.080 6.360 6.360 6.360 0.280 0.280 0.280
#R 1 16386 2048 2 4 1024 1 0 2 2049 1024 1.15042 0.125534 2057 2057.000 2057 2057 2011 46 2.2363 6.000 6.120 6.000 6.240 6.280 6.240 0.240 0.160 0.240
#R 1 32768 2048 32 1 1024 0 0 32 256 64 1.53412 0.063141 2069 2069.000 2069 2069 1962 107 5.1716 6.120 6.520 6.120 6.240 6.280 6.240 0.120 -0.240 0.120
#R 1 32768 2048 32 4 1024 0 0 32 256 64 1.53412 0.063141 2069 2069.000 2069 2069 1962 107 5.1716 6.040 6.080 6.080 6.240 6.280 6.240 0.200 0.200 0.160
#R 1 32768 2048 1 4 1024 0 1 1 8192 2048 1.53412 0.063141 2069 2069.000 2069 2069 2048 21 1.0150 6.000 6.080 6.200 8.240 8.240 8.200 2.240 2.160 2.000
#R 1 32768 2048 2 4 1024 0 1 2 4096 1024 1.53412 0.063141 2069 2069.000 2069 2069 2048 21 1.0150 6.040 6.040 6.040 6.280 6.240 6.280 0.240 0.200 0.240
#R 1 32769 2048 32 1 1024 1 0 32 257 64 1.53414 0.063139 2069 2069.000 2069 2069 1959 110 5.3166 6.080 6.040 6.080 6.280 6.280 6.320 0.200 0.240 0.240
#R 1 32769 2048 32 4 1024 1 0 32 257 64 1.53414 0.063139 2069 2069.000 2069 2069 1959 110 5.3166 6.040 6.000 6.040 6.280 6.280 6.240 0.240 0.280 0.200
#R 1 32769 2048 1 4 1024 1 0 1 8193 2048 1.53414 0.063139 2069 2069.000 2069 2069 2048 21 1.0150 6.000 6.000 6.000 8.360 8.440 8.400 2.360 2.440 2.400
#R 1 32769 2048 2 4 1024 1 0 2 4097 1024 1.53414 0.063139 2069 2069.000 2069 2069 2048 21 1.0150 6.040 6.040 6.000 6.320 6.320 6.360 0.280 0.280 0.360
#R 1 32770 2048 32 1 1024 1 0 32 257 64 1.53415 0.063168 2070 2070.000 2070 2070 1960 110 5.3140 6.040 5.920 6.040 6.240 6.280 6.240 0.200 0.360 0.200
#R 1 32770 2048 32 4 1024 1 0 32 257 64 1.53415 0.063168 2070 2070.000 2070 2070 1960 110 5.3140 6.000 5.960 6.040 6.240 6.240 6.240 0.240 0.280 0.200
#R 1 32770 2048 1 4 1024 1 0 1 8193 2048 1.53415 0.063168 2070 2070.000 2070 2070 2048 22 1.0628 5.960 6.000 5.960 8.360 8.440 8.400 2.400 2.440 2.440
#R 1 32770 2048 2 4 1024 1 0 2 4097 1024 1.53415 0.063168 2070 2070.000 2070 2070 2048 22 1.0628 6.000 6.120 6.000 6.320 6.360 6.320 0.320 0.240 0.320
#R 1 65536 2048 32 1 1024 0 0 32 512 64 1.86273 0.031326 2053 2053.000 2053 2053 1932 121 5.8938 6.040 6.000 6.120 6.240 6.240 6.320 0.200 0.240 0.200
#R 1 65536 2048 32 4 1024 0 0 32 512 64 1.86273 0.031326 2053 2053.000 2053 2053 1932 121 5.8938 6.040 6.041 6.080 6.280 6.240 6.280 0.240 0.199 0.200
#R 1 65536 2048 1 4 1024 0 1 1 16384 2048 1.86273 0.031326 2053 2053.000 2053 2053 2048 5 0.2435 5.960 6.040 6.000 11.720 11.720 11.681 5.760 5.680 5.681
#R 1 65536 2048 2 4 1024 0 1 2 8192 1024 1.86273 0.031326 2053 2053.000 2053 2053 2048 5 0.2435 6.080 6.040 6.000 8.000 7.920 8.000 1.920 1.880 2.000
#R 1 65537 2048 32 1 1024 1 0 32 513 64 1.86274 0.031326 2053 2053.000 2053 2053 1929 124 6.0399 6.080 6.120 6.000 6.240 6.240 6.240 0.160 0.120 0.240
#R 1 65537 2048 32 4 1024 1 0 32 513 64 1.86274 0.031326 2053 2053.000 2053 2053 1929 124 6.0399 5.960 6.040 6.080 6.240 6.200 6.240 0.280 0.160 0.160
#R 1 65537 2048 1 4 1024 1 0 1 16385 2048 1.86274 0.031326 2053 2053.000 2053 2053 2048 5 0.2435 5.961 6.040 6.000 12.040 12.080 12.080 6.079 6.040 6.080
#R 1 65537 2048 2 4 1024 1 0 2 8193 1024 1.86274 0.031326 2053 2053.000 2053 2053 2048 5 0.2435 6.000 6.080 6.040 8.160 8.160 8.200 2.160 2.080 2.160
#R 1 65538 2048 32 1 1024 1 0 32 513 64 1.86275 0.031325 2053 2053.000 2053 2053 1929 124 6.0399 6.081 5.960 6.040 6.280 6.240 6.320 0.199 0.280 0.280
#R 1 65538 2048 32 4 1024 1 0 32 513 64 1.86275 0.031325 2053 2053.000 2053 2053 1929 124 6.0399 6.040 6.360 6.080 6.240 6.200 6.280 0.200 -0.160 0.200
#R 1 65538 2048 1 4 1024 1 0 1 16385 2048 1.86275 0.031325 2053 2053.000 2053 2053 2048 5 0.2435 5.960 6.040 6.000 12.000 12.080 12.120 6.040 6.040 6.120
#R 1 65538 2048 2 4 1024 1 0 2 8193 1024 1.86275 0.031325 2053 2053.000 2053 2053 2048 5 0.2435 6.040 6.040 6.040 8.200 8.200 8.160 2.160 2.160 2.120
#R 1 131072 2048 32 1 1024 0 1 32 1024 64 2.15387 0.015953 2091 2091.000 2091 2091 1989 102 4.8780 6.040 6.160 6.080 6.240 6.240 6.241 0.200 0.080 0.161
#R 1 131072 2048 32 4 1024 0 0 32 1024 64 2.15387 0.015953 2091 2091.000 2091 2091 1989 102 4.8780 6.000 6.520 6.080 6.240 6.240 6.280 0.240 -0.280 0.200
#R 1 131072 2048 1 4 1024 0 1 1 32768 2048 2.15387 0.015953 2091 2091.000 2091 2091 2048 43 2.0564 8.920 8.920 8.880 18.880 18.920 18.920 9.960 10.000 10.040
#R 1 131072 2048 2 4 1024 0 1 2 16384 1024 2.15387 0.015953 2091 2091.000 2091 2091 2048 43 2.0564 6.040 5.960 6.000 10.560 10.560 10.520 4.520 4.600 4.520
#R 1 131073 2048 32 1 1024 1 0 32 1025 64 2.15388 0.015953 2091 2091.000 2091 2091 1988 103 4.9259 6.040 6.040 6.080 6.240 6.280 6.240 0.200 0.240 0.160
#R 1 131073 2048 32 4 1024 1 0 32 1025 64 2.15388 0.015953 2091 2091.000 2091 2091 1988 103 4.9259 6.000 6.560 6.200 6.280 6.200 6.200 0.280 -0.360 0.000
#R 1 131073 2048 1 4 1024 1 0 1 32769 2048 2.15388 0.015953 2091 2091.000 2091 2091 2048 43 2.0564 8.840 8.880 8.800 19.280 19.280 19.400 10.440 10.400 10.600
#R 1 131073 2048 2 4 1024 1 0 2 16385 1024 2.15388 0.015953 2091 2091.000 2091 2091 2048 43 2.0564 6.040 5.960 5.960 11.001 10.960 11.000 4.961 5.000 5.040
#R 1 131074 2048 32 1 1024 1 0 32 1025 64 2.15388 0.015953 2091 2091.000 2091 2091 1988 103 4.9259 5.960 6.000 6.040 6.280 6.240 6.240 0.320 0.240 0.200
#R 1 131074 2048 32 4 1024 1 0 32 1025 64 2.15388 0.015953 2091 2091.000 2091 2091 1988 103 4.9259 5.960 6.000 6.120 6.320 6.240 6.240 0.360 0.240 0.120
#R 1 131074 2048 1 4 1024 1 0 1 32769 2048 2.15388 0.015953 2091 2091.000 2091 2091 2048 43 2.0564 8.640 8.680 8.520 18.880 18.961 18.920 10.240 10.281 10.400
#R 1 131074 2048 2 4 1024 1 0 2 16385 1024 2.15388 0.015953 2091 2091.000 2091 2091 2048 43 2.0564 6.040 6.000 6.000 10.960 11.000 11.000 4.920 5.000 5.000
#R 1 262144 2048 32 1 1024 0 1 32 2048 64 2.41756 0.007984 2093 2093.000 2093 2093 1973 120 5.7334 6.000 6.000 6.080 6.280 6.280 6.240 0.280 0.280 0.160
#R 1 262144 2048 32 4 1024 0 0 32 2048 64 2.41756 0.007984 2093 2093.000 2093 2093 1973 120 5.7334 6.000 6.160 6.800 6.280 6.280 6.240 0.280 0.120 -0.560
#R 1 262144 2048 1 4 1024 0 1 1 65536 2048 2.41756 0.007984 2093 2093.000 2093 2093 2048 45 2.1500 17.640 17.520 17.720 32.880 32.800 32.800 15.240 15.280 15.080
#R 1 262144 2048 2 4 1024 0 1 2 32768 1024 2.41756 0.007984 2093 2093.000 2093 2093 2048 45 2.1500 10.320 10.400 10.160 18.080 18.000 17.960 7.760 7.600 7.800
#R 1 262145 2048 32 1 1024 1 0 32 2049 64 2.41756 0.007984 2093 2093.000 2093 2093 1973 120 5.7334 6.000 5.960 6.000 6.240 6.240 6.320 0.240 0.280 0.320
#R 1 262145 2048 32 4 1024 1 0 32 2049 64 2.41756 0.007984 2093 2093.000 2093 2093 1973 120 5.7334 5.960 6.040 6.040 6.240 6.400 6.240 0.280 0.360 0.200
#R 1 262145 2048 1 4 1024 1 0 1 65537 2048 2.41756 0.007984 2093 2093.000 2093 2093 2048 45 2.1500 17.721 17.560 17.720 33.880 33.800 33.800 16.159 16.240 16.080
#R 1 262145 2048 2 4 1024 1 0 2 32769 1024 2.41756 0.007984 2093 2093.000 2093 2093 2048 45 2.1500 10.760 10.680 10.680 18.240 18.080 18.120 7.480 7.400 7.440
#R 1 262146 2048 32 1 1024 1 0 32 2049 64 2.41756 0.007984 2093 2093.000 2093 2093 1973 120 5.7334 5.960 6.080 6.120 6.280 6.240 6.280 0.320 0.160 0.160
#R 1 262146 2048 32 4 1024 1 0 32 2049 64 2.41756 0.007984 2093 2093.000 2093 2093 1973 120 5.7334 6.000 6.120 6.040 6.280 6.240 6.200 0.280 0.120 0.160
#R 1 262146 2048 1 4 1024 1 0 1 65537 2048 2.41756 0.007984 2093 2093.000 2093 2093 2048 45 2.1500 17.760 17.600 17.640 33.840 33.880 33.840 16.080 16.280 16.200
#R 1 262146 2048 2 4 1024 1 0 2 32769 1024 2.41756 0.007984 2093 2093.000 2093 2093 2048 45 2.1500 10.520 10.640 10.520 17.960 18.040 17.880 7.440 7.400 7.360
#R 1 524288 2048 32 1 1024 0 1 32 4096 64 2.66007 0.004017 2106 2106.000 2106 2106 1980 126 5.9829 6.080 6.040 6.041 6.320 6.240 6.240 0.240 0.200 0.199
#R 1 524288 2048 32 4 1024 0 1 32 4096 64 2.66007 0.004017 2106 2106.000 2106 2106 1980 126 5.9829 5.960 6.000 5.960 6.240 6.240 6.200 0.280 0.240 0.240
#R 1 524288 2048 1 4 1024 0 1 1 131072 2048 2.66007 0.004017 2106 2106.000 2106 2106 2048 58 2.7540 33.401 33.320 33.201 53.040 53.120 52.961 19.639 19.800 19.760
#R 1 524288 2048 2 4 1024 0 1 2 65536 1024 2.66007 0.004017 2106 2106.000 2106 2106 2048 58 2.7540 18.320 18.200 18.400 28.760 28.600 28.720 10.440 10.400 10.320
#R 1 524289 2048 32 1 1024 1 0 32 4097 64 2.66007 0.004017 2106 2106.000 2106 2106 1980 126 5.9829 6.000 6.040 6.080 6.320 6.240 6.240 0.320 0.200 0.160
#R 1 524289 2048 32 4 1024 1 0 32 4097 64 2.66007 0.004017 2106 2106.000 2106 2106 1980 126 5.9829 6.000 6.080 6.000 6.240 6.280 6.280 0.240 0.200 0.280
#R 1 524289 2048 1 4 1024 1 0 1 131073 2048 2.66007 0.004017 2106 2106.000 2106 2106 2048 58 2.7540 33.720 33.600 33.601 55.680 55.721 55.520 21.960 22.121 21.919
#R 1 524289 2048 2 4 1024 1 0 2 65537 1024 2.66007 0.004017 2106 2106.000 2106 2106 2048 58 2.7540 20.400 20.200 20.320 30.240 30.200 30.360 9.840 10.000 10.040
#R 1 524290 2048 32 1 1024 1 0 32 4097 64 2.66007 0.004017 2106 2106.000 2106 2106 1980 126 5.9829 6.000 5.960 6.040 6.280 6.280 6.280 0.280 0.320 0.240
#R 1 524290 2048 32 4 1024 1 0 32 4097 64 2.66007 0.004017 2106 2106.000 2106 2106 1980 126 5.9829 6.000 6.080 6.040 6.240 6.280 6.240 0.240 0.200 0.200
#R 1 524290 2048 1 4 1024 1 0 1 131073 2048 2.66007 0.004017 2106 2106.000 2106 2106 2048 58 2.7540 33.680 34.080 33.681 55.840 55.801 55.840 22.160 21.721 22.159
#R 1 524290 2048 2 4 1024 1 0 2 65537 1024 2.66007 0.004017 2106 2106.000 2106 2106 2048 58 2.7540 19.960 20.200 20.080 30.240 30.200 30.200 10.280 10.000 10.120
#R 1 1048576 2048 32 1 1024 0 1 32 8192 64 2.88563 0.001999 2096 2096.000 2096 2096 1983 113 5.3912 7.320 7.360 7.400 8.960 8.960 8.920 1.640 1.600 1.520
#R 1 1048576 2048 32 4 1024 0 1 32 8192 64 2.88563 0.001999 2096 2096.000 2096 2096 1983 113 5.3912 5.960 6.040 6.000 7.200 7.120 6.920 1.240 1.080 0.920
#R 1 1048576 2048 1 4 1024 0 1 1 262144 2048 2.88563 0.001999 2096 2096.000 2096 2096 2048 48 2.2901 63.720 63.720 63.760 87.120 87.121 87.080 23.400 23.401 23.320
#R 1 1048576 2048 2 4 1024 0 1 2 131072 1024 2.88563 0.001999 2096 2096.000 2096 2096 2048 48 2.2901 34.040 33.880 33.921 46.440 46.280 46.480 12.400 12.400 12.559
#R 1 1048577 2048 32 1 1024 1 0 32 8193 64 2.88564 0.001999 2096 2096.000 2096 2096 1983 113 5.3912 7.240 7.240 7.200 9.040 8.920 8.960 1.800 1.680 1.760
#R 1 1048577 2048 32 4 1024 1 0 32 8193 64 2.88564 0.001999 2096 2096.000 2096 2096 1983 113 5.3912 5.960 6.440 5.960 7.360 7.360 7.240 1.400 0.920 1.280
#R 1 1048577 2048 1 4 1024 1 0 1 262145 2048 2.88564 0.001999 2096 2096.000 2096 2096 2048 48 2.2901 63.880 64.000 63.960 91.360 91.601 91.721 27.480 27.601 27.761
#R 1 1048577 2048 2 4 1024 1 0 2 131073 1024 2.88564 0.001999 2096 2096.000 2096 2096 2048 48 2.2901 36.760 37.000 36.761 49.121 49.360 49.040 12.361 12.360 12.279
#R 1 1048578 2048 32 1 1024 1 0 32 8193 64 2.88564 0.001999 2096 2096.000 2096 2096 1983 113 5.3912 7.160 7.240 7.200 8.880 8.960 8.881 1.720 1.720 1.681
#R 1 1048578 2048 32 4 1024 1 0 32 8193 64 2.88564 0.001999 2096 2096.000 2096 2096 1983 113 5.3912 6.000 6.320 6.000 7.360 7.360 7.240 1.360 1.040 1.240
#R 1 1048578 2048 1 4 1024 1 0 1 262145 2048 2.88564 0.001999 2096 2096.000 2096 2096 2048 48 2.2901 63.761 63.880 64.000 91.721 91.721 91.840 27.960 27.841 27.840
#R 1 1048578 2048 2 4 1024 1 0 2 131073 1024 2.88564 0.001999 2096 2096.000 2096 2096 2048 48 2.2901 36.880 36.720 36.720 49.040 49.080 48.800 12.160 12.360 12.080
#R 2 2048 2048 32 1 256 0 0 64 16 64 -inf 1.000000 4096 2048.000 2048 2048 4096 0 0.0000 5.960 6.040 6.000 6.240 6.280 6.280 0.280 0.240 0.280
#R 2 2048 2048 32 4 256 0 0 64 16 64 -inf 1.000000 4096 2048.000 2048 2048 4096 0 0.0000 6.000 6.040 5.960 6.240 6.240 6.280 0.240 0.200 0.320
#R 2 2048 2048 1 4 256 0 0 2 512 2048 -inf 1.000000 4096 2048.000 2048 2048 4096 0 0.0000 6.000 5.960 6.000 6.200 6.240 6.200 0.200 0.280 0.200
#R 2 2048 2048 2 4 256 0 0 4 256 1024 -inf 1.000000 4096 2048.000 2048 2048 4096 0 0.0000 6.040 6.000 6.000 6.240 6.280 6.200 0.200 0.280 0.200
#R 2 2049 2048 32 1 256 1 0 64 17 64 -3.29733 0.999512 4096 2048.000 2047 2049 3858 238 5.8105 5.960 6.040 5.960 6.280 6.280 6.280 0.320 0.240 0.320
#R 2 2049 2048 32 4 256 1 0 64 17 64 -3.29733 0.999512 4096 2048.000 2047 2049 3858 238 5.8105 5.960 6.040 6.000 6.240 6.241 6.240 0.280 0.201 0.240
#R 2 2049 2048 1 4 256 1 0 2 513 2048 -3.29733 0.999512 4096 2048.000 2047 2049 4095 1 0.0244 6.000 6.000 6.000 6.200 6.200 6.240 0.200 0.200 0.240
#R 2 2049 2048 2 4 256 1 0 4 257 1024 -3.29733 0.999512 4096 2048.000 2047 2049 4090 6 0.1465 6.000 5.960 6.040 6.200 6.200 6.200 0.200 0.240 0.160
#R 2 2050 2048 32 1 256 1 0 64 17 64 -3.09756 0.998780 4095 2047.500 2046 2049 3860 235 5.7387 5.960 6.040 5.960 6.320 6.240 6.280 0.360 0.200 0.320
#R 2 2050 2048 32 4 256 1 0 64 17 64 -3.09756 0.998780 4095 2047.500 2046 2049 3860 235 5.7387 5.960 6.040 5.961 6.280 6.280 6.240 0.320 0.240 0.279
#R 2 2050 2048 1 4 256 1 0 2 513 2048 -3.09756 0.998780 4095 2047.500 2046 2049 4094 1 0.0244 6.000 5.960 6.000 6.200 6.200 6.200 0.200 0.240 0.200
#R 2 2050 2048 2 4 256 1 0 4 257 1024 -3.09756 0.998780 4095 2047.500 2046 2049 4091 4 0.0977 6.000 5.960 6.040 6.200 6.200 6.200 0.200 0.240 0.160
#R 2 4096 2048 32 1 256 0 0 64 32 64 -1.39146e-16 0.498413 4083 2041.500 2025 2058 3951 132 3.2329 5.960 6.040 5.960 6.240 6.280 6.240 0.280 0.240 0.280
#R 2 4096 2048 32 4 256 0 0 64 32 64 -1.39146e-16 0.498413 4083 2041.500 2025 2058 3951 132 3.2329 5.960 6.000 5.960 6.240 6.240 6.240 0.280 0.240 0.280
#R 2 4096 2048 1 4 256 0 1 2 1024 2048 -1.39146e-16 0.498413 4083 2041.500 2025 2058 4073 10 0.2449 6.040 5.960 6.000 6.200 6.200 6.200 0.160 0.240 0.200
#R 2 4096 2048 2 4 256 0 0 4 512 1024 -1.39146e-16 0.498413 4083 2041.500 2025 2058 4073 10 0.2449 6.000 5.961 6.000 6.200 6.200 6.240 0.200 0.239 0.240
#R 2 4097 2048 32 1 1024 1 0 64 33 64 0.00030591 0.498536 4085 2042.500 2025 2060 3886 199 4.8715 5.960 6.000 5.960 6.280 6.280 6.280 0.320 0.280 0.320
#R 2 4097 2048 32 4 1024 1 0 64 33 64 0.00030591 0.498536 4085 2042.500 2025 2060 3886 199 4.8715 5.960 6.000 5.960 6.240 6.240 6.240 0.280 0.240 0.280
#R 2 4097 2048 1 4 1024 1 0 2 1025 2048 0.00030591 0.498536 4085 2042.500 2025 2060 4073 12 0.2938 6.040 5.960 6.000 6.200 6.200 6.200 0.160 0.240 0.200
#R 2 4097 2048 2 4 1024 1 0 4 513 1024 0.00030591 0.498536 4085 2042.500 2025 2060 4073 12 0.2938 6.000 5.960 6.000 6.200 6.200 6.200 0.200 0.240 0.200
#R 2 4098 2048 32 1 1024 1 0 64 33 64 0.000611671 0.498414 4085 2042.500 2024 2061 3886 199 4.8715 5.960 6.000 5.960 6.240 6.280 6.280 0.280 0.280 0.320
#R 2 4098 2048 32 4 1024 1 0 64 33 64 0.000611671 0.498414 4085 2042.500 2024 2061 3886 199 4.8715 6.001 6.000 5.960 6.240 6.240 6.240 0.239 0.240 0.280
#R 2 4098 2048 1 4 1024 1 0 2 1025 2048 0.000611671 0.498414 4085 2042.500 2024 2061 4072 13 0.3182 6.040 5.960 6.000 6.200 6.200 6.200 0.160 0.240 0.200
#R 2 4098 2048 2 4 1024 1 0 4 513 1024 0.000611671 0.498414 4085 2042.500 2024 2061 4072 13 0.3182 6.000 5.960 6.000 6.200 6.200 6.201 0.200 0.240 0.201
#R 2 8192 2048 32 1 1024 0 0 64 64 64 0.67449 0.252197 4132 2066.000 2059 2073 3939 193 4.6709 5.960 6.040 5.960 6.240 6.240 6.280 0.280 0.200 0.320
#R 2 8192 2048 32 4 1024 0 0 64 64 64 0.67449 0.252197 4132 2066.000 2059 2073 3939 193 4.6709 6.000 6.040 5.960 6.240 6.240 6.240 0.240 0.200 0.280
#R 2 8192 2048 1 4 1024 0 0 2 2048 2048 0.67449 0.252197 4132 2066.000 2059 2073 4096 36 0.8712 6.000 5.960 6.040 6.200 6.200 6.200 0.200 0.240 0.160
#R 2 8192 2048 2 4 1024 0 0 4 1024 1024 0.67449 0.252197 4132 2066.000 2059 2073 4064 68 1.6457 5.960 5.960 6.000 6.200 6.200 6.240 0.240 0.240 0.240
#R 2 8193 2048 32 1 1024 1 0 64 65 64 0.674586 0.252289 4134 2067.000 2059 2075 3918 216 5.2250 6.000 6.000 5.960 6.280 6.200 6.200 0.280 0.200 0.240
#R 2 8193 2048 32 4 1024 1 0 64 65 64 0.674586 0.252289 4134 2067.000 2059 2075 3918 216 5.2250 6.040 6.000 5.920 6.241 6.280 6.280 0.201 0.280 0.360
#R 2 8193 2048 1 4 1024 1 0 2 2049 2048 0.674586 0.252289 4134 2067.000 2059 2075 4096 38 0.9192 6.040 5.960 6.000 6.200 6.240 6.160 0.160 0.280 0.160
#R 2 8193 2048 2 4 1024 1 0 4 1025 1024 0.674586 0.252289 4134 2067.000 2059 2075 4067 67 1.6207 5.921 5.960 6.040 6.161 6.200 6.200 0.240 0.240 0.160
#R 2 8194 2048 32 1 1024 1 0 64 65 64 0.674682 0.252197 4133 2066.500 2058 2075 3918 215 5.2020 5.960 6.040 5.920 6.240 6.240 6.240 0.280 0.200 0.320
#R 2 8194 2048 32 4 1024 1 0 64 65 64 0.674682 0.252197 4133 2066.500 2058 2075 3918 215 5.2020 6.000 6.000 5.960 6.240 6.240 6.320 0.240 0.240 0.360
#R 2 8194 2048 1 4 1024 1 0 2 2049 2048 0.674682 0.252197 4133 2066.500 2058 2075 4096 37 0.8952 6.000 6.000 6.000 6.200 6.200 6.200 0.200 0.200 0.200
#R 2 8194 2048 2 4 1024 1 0 4 1025 1024 0.674682 0.252197 4133 2066.500 2058 2075 4067 66 1.5969 5.960 6.000 6.000 6.160 6.200 6.200 0.200 0.200 0.200
#R 2 16384 2048 32 1 1024 0 0 64 128 64 1.15035 0.123535 4048 2024.000 1991 2057 3892 156 3.8538 5.920 6.040 5.960 6.240 6.240 6.240 0.320 0.200 0.280
#R 2 16384 2048 32 4 1024 0 0 64 128 64 1.15035 0.123535 4048 2024.000 1991 2057 3892 156 3.8538 6.000 6.000 5.960 6.240 6.240 6.240 0.240 0.240 0.280
#R 2 16384 2048 1 4 1024 0 1 2 4096 2048 1.15035 0.123535 4048 2024.000 1991 2057 4039 9 0.2223 6.040 6.040 6.040 6.240 6.240 6.240 0.200 0.200 0.200
#R 2 16384 2048 2 4 1024 0 0 4 2048 1024 1.15035 0.123535 4048 2024.000 1991 2057 4002 46 1.1364 5.921 6.000 6.000 6.200 6.200 6.201 0.279 0.200 0.201
#R 2 16385 2048 32 1 1024 1 0 64 129 64 1.15039 0.123528 4048 2024.000 1991 2057 3870 178 4.3972 5.960 6.000 6.000 6.240 6.240 6.280 0.280 0.240 0.280
#R 2 16385 2048 32 4 1024 1 0 64 129 64 1.15039 0.123528 4048 2024.000 1991 2057 3870 178 4.3972 6.040 5.920 6.000 6.240 6.240 6.240 0.200 0.320 0.240
#R 2 16385 2048 1 4 1024 1 0 2 4097 2048 1.15039 0.123528 4048 2024.000 1991 2057 4039 9 0.2223 6.000 6.040 6.000 6.400 6.320 6.320 0.400 0.280 0.320
#R 2 16385 2048 2 4 1024 1 0 4 2049 1024 1.15039 0.123528 4048 2024.000 1991 2057 4002 46 1.1364 5.960 6.000 6.000 6.200 6.200 6.200 0.240 0.200 0.200
#R 2 16386 2048 32 1 1024 1 0 64 129 64 1.15042 0.123520 4048 2024.000 1991 2057 3870 178 4.3972 5.960 6.000 5.960 6.240 6.280 6.240 0.280 0.280 0.280
#R 2 16386 2048 32 4 1024 1 0 64 129 64 1.15042 0.123520 4048 2024.000 1991 2057 3870 178 4.3972 6.000 5.960 6.040 6.240 6.240 6.240 0.240 0.280 0.200
#R 2 16386 2048 1 4 1024 1 0 2 4097 2048 1.15042 0.123520 4048 2024.000 1991 2057 4039 9 0.2223 6.001 5.960 6.000 6.400 6.400 6.360 0.399 0.440 0.360
#R 2 16386 2048 2 4 1024 1 0 4 2049 1024 1.15042 0.123520 4048 2024.000 1991 2057 4002 46 1.1364 5.960 6.000 6.040 6.200 6.160 6.200 0.240 0.160 0.160
#R 2 32768 2048 32 1 1024 0 0 64 256 64 1.53412 0.062500 4096 2048.000 2027 2069 3909 187 4.5654 5.920 5.960 5.960 6.241 6.240 6.240 0.321 0.280 0.280
#R 2 32768 2048 32 4 1024 0 0 64 256 64 1.53412 0.062500 4096 2048.000 2027 2069 3909 187 4.5654 6.000 5.961 6.040 6.280 6.280 6.240 0.280 0.319 0.200
#R 2 32768 2048 1 4 1024 0 1 2 8192 2048 1.53412 0.062500 4096 2048.000 2027 2069 4075 21 0.5127 6.040 6.000 6.040 8.401 8.320 8.400 2.361 2.320 2.360
#R 2 32768 2048 2 4 1024 0 1 4 4096 1024 1.53412 0.062500 4096 2048.000 2027 2069 4048 48 1.1719 5.920 6.040 5.960 6.240 6.360 6.360 0.320 0.320 0.400
#R 2 32769 2048 32 1 1024 1 0 64 257 64 1.53414 0.062483 4095 2047.500 2026 2069 3905 190 4.6398 5.920 6.000 5.961 6.240 6.240 6.280 0.320 0.240 0.319
#R 2 32769 2048 32 4 1024 1 0 64 257 64 1.53414 0.062483 4095 2047.500 2026 2069 3905 190 4.6398 6.040 5.960 6.040 6.240 6.240 6.240 0.200 0.280 0.200
#R 2 32769 2048 1 4 1024 1 0 2 8193 2048 1.53414 0.062483 4095 2047.500 2026 2069 4074 21 0.5128 6.000 5.960 6.000 8.520 8.440 8.521 2.520 2.480 2.521
#R 2 32769 2048 2 4 1024 1 0 4 4097 1024 1.53414 0.062483 4095 2047.500 2026 2069 4048 47 1.1477 5.920 6.000 6.000 6.361 6.480 6.400 0.441 0.480 0.400
#R 2 32770 2048 32 1 1024 1 0 64 257 64 1.53415 0.062496 4096 2048.000 2026 2070 3906 190 4.6387 5.960 6.000 5.960 6.280 6.280 6.240 0.320 0.280 0.280
#R 2 32770 2048 32 4 1024 1 0 64 257 64 1.53415 0.062496 4096 2048.000 2026 2070 3906 190 4.6387 6.000 6.000 6.000 6.240 6.280 6.240 0.240 0.280 0.240
#R 2 32770 2048 1 4 1024 1 0 2 8193 2048 1.53415 0.062496 4096 2048.000 2026 2070 4074 22 0.5371 5.960 5.920 5.960 8.521 8.520 8.560 2.561 2.600 2.600
#R 2 32770 2048 2 4 1024 1 0 4 4097 1024 1.53415 0.062496 4096 2048.000 2026 2070 4048 48 1.1719 6.000 6.000 5.960 6.360 6.440 6.440 0.360 0.440 0.480
#R 2 65536 2048 32 1 1024 0 0 64 512 64 1.86273 0.031349 4109 2054.500 2053 2056 3894 215 5.2324 5.960 6.000 5.960 6.240 6.240 6.280 0.280 0.240 0.320
#R 2 65536 2048 32 4 1024 0 0 64 512 64 1.86273 0.031349 4109 2054.500 2053 2056 3894 215 5.2324 6.000 5.960 6.000 6.240 6.200 6.240 0.240 0.240 0.240
#R 2 65536 2048 1 4 1024 0 1 2 16384 2048 1.86273 0.031349 4109 2054.500 2053 2056 4096 13 0.3164 5.960 5.960 6.000 11.960 11.960 11.960 6.000 6.000 5.960
#R 2 65536 2048 2 4 1024 0 1 4 8192 1024 1.86273 0.031349 4109 2054.500 2053 2056 4088 21 0.5111 6.000 6.080 5.960 8.080 8.080 8.080 2.080 2.000 2.120
#R 2 65537 2048 32 1 1024 1 0 64 513 64 1.86274 0.031349 4109 2054.500 2053 2056 3880 229 5.5731 6.000 6.000 5.960 6.280 6.240 6.240 0.280 0.240 0.280
#R 2 65537 2048 32 4 1024 1 0 64 513 64 1.86274 0.031349 4109 2054.500 2053 2056 3880 229 5.5731 6.000 5.960 6.000 6.240 6.240 6.200 0.240 0.280 0.200
#R 2 65537 2048 1 4 1024 1 0 2 16385 2048 1.86274 0.031349 4109 2054.500 2053 2056 4096 13 0.3164 5.960 6.000 6.000 12.280 12.160 12.240 6.320 6.160 6.240
#R 2 65537 2048 2 4 1024 1 0 4 8193 1024 1.86274 0.031349 4109 2054.500 2053 2056 4088 21 0.5111 5.920 6.000 5.960 8.240 8.280 8.240 2.320 2.280 2.280
#R 2 65538 2048 32 1 1024 1 0 64 513 64 1.86275 0.031348 4109 2054.500 2053 2056 3880 229 5.5731 6.000 6.000 5.960 6.240 6.240 6.280 0.240 0.240 0.320
#R 2 65538 2048 32 4 1024 1 0 64 513 64 1.86275 0.031348 4109 2054.500 2053 2056 3880 229 5.5731 6.040 5.960 6.040 6.240 6.280 6.240 0.200 0.320 0.200
#R 2 65538 2048 1 4 1024 1 0 2 16385 2048 1.86275 0.031348 4109 2054.500 2053 2056 4096 13 0.3164 5.960 5.960 6.040 12.201 12.280 12.160 6.241 6.320 6.120
#R 2 65538 2048 2 4 1024 1 0 4 8193 1024 1.86275 0.031348 4109 2054.500 2053 2056 4088 21 0.5111 6.000 6.040 5.960 8.320 8.240 8.320 2.320 2.200 2.360
#R 2 131072 2048 32 1 1024 0 1 64 1024 64 2.15387 0.015873 4161 2080.500 2070 2091 3954 207 4.9748 6.000 6.400 5.960 6.280 6.281 6.240 0.280 -0.119 0.280
#R 2 131072 2048 32 4 1024 0 0 64 1024 64 2.15387 0.015873 4161 2080.500 2070 2091 3954 207 4.9748 6.000 6.000 6.040 6.240 6.240 6.280 0.240 0.240 0.240
#R 2 131072 2048 1 4 1024 0 1 2 32768 2048 2.15387 0.015873 4161 2080.500 2070 2091 4096 65 1.5621 10.840 10.840 10.680 22.120 21.960 22.040 11.280 11.120 11.360
#R 2 131072 2048 2 4 1024 0 1 4 16384 1024 2.15387 0.015873 4161 2080.500 2070 2091 4083 78 1.8745 5.960 6.080 6.000 10.921 10.880 10.920 4.961 4.800 4.920
#R 2 131073 2048 32 1 1024 1 0 64 1025 64 2.15388 0.015873 4161 2080.500 2070 2091 3954 207 4.9748 6.000 6.040 5.960 6.240 6.240 6.240 0.240 0.200 0.280
#R 2 131073 2048 32 4 1024 1 0 64 1025 64 2.15388 0.015873 4161 2080.500 2070 2091 3954 207 4.9748 6.080 5.960 6.040 6.240 6.240 6.280 0.160 0.280 0.240
#R 2 131073 2048 1 4 1024 1 0 2 32769 2048 2.15388 0.015873 4161 2080.500 2070 2091 4096 65 1.5621 11.360 11.320 11.360 22.360 22.240 22.320 11.000 10.920 10.960
#R 2 131073 2048 2 4 1024 1 0 4 16385 1024 2.15388 0.015873 4161 2080.500 2070 2091 4083 78 1.8745 6.000 6.080 5.960 11.360 11.200 11.320 5.360 5.120 5.360
#R 2 131074 2048 32 1 1024 1 0 64 1025 64 2.15388 0.015873 4161 2080.500 2070 2091 3954 207 4.9748 6.000 6.000 5.960 6.240 6.240 6.240 0.240 0.240 0.280
#R 2 131074 2048 32 4 1024 1 0 64 1025 64 2.15388 0.015873 4161 2080.500 2070 2091 3954 207 4.9748 6.040 6.000 6.000 6.240 6.240 6.240 0.200 0.240 0.240
#R 2 131074 2048 1 4 1024 1 0 2 32769 2048 2.15388 0.015873 4161 2080.500 2070 2091 4096 65 1.5621 11.440 11.440 11.400 22.320 22.280 22.160 10.880 10.840 10.760
#R 2 131074 2048 2 4 1024 1 0 4 16385 1024 2.15388 0.015873 4161 2080.500 2070 2091 4083 78 1.8745 5.960 6.000 5.920 11.280 11.240 11.240 5.320 5.240 5.320
#R 2 262144 2048 32 1 1024 0 1 64 2048 64 2.41756 0.007954 4170 2085.000 2077 2093 3909 261 6.2590 6.000 5.960 6.000 6.240 6.240 6.240 0.240 0.280 0.240
#R 2 262144 2048 32 4 1024 0 0 64 2048 64 2.41756 0.007954 4170 2085.000 2077 2093 3909 261 6.2590 6.040 6.000 6.001 6.240 6.240 6.240 0.200 0.240 0.239
#R 2 262144 2048 1 4 1024 0 1 2 65536 2048 2.41756 0.007954 4170 2085.000 2077 2093 4096 74 1.7746 18.840 19.040 18.880 34.520 34.680 34.681 15.680 15.640 15.801
#R 2 262144 2048 2 4 1024 0 1 4 32768 1024 2.41756 0.007954 4170 2085.000 2077 2093 4088 82 1.9664 10.960 11.000 10.960 19.680 19.640 19.560 8.720 8.640 8.600
#R 2 262145 2048 32 1 1024 1 0 64 2049 64 2.41756 0.007954 4170 2085.000 2077 2093 3913 257 6.1631 6.040 5.920 6.001 6.280 6.240 6.200 0.240 0.320 0.199
#R 2 262145 2048 32 4 1024 1 0 64 2049 64 2.41756 0.007954 4170 2085.000 2077 2093 3913 257 6.1631 6.000 5.960 6.000 6.240 6.240 6.280 0.240 0.280 0.280
#R 2 262145 2048 1 4 1024 1 0 2 65537 2048 2.41756 0.007954 4170 2085.000 2077 2093 4096 74 1.7746 20.200 20.360 20.360 36.200 36.280 36.001 16.000 15.920 15.641
#R 2 262145 2048 2 4 1024 1 0 4 32769 1024 2.41756 0.007954 4170 2085.000 2077 2093 4088 82 1.9664 11.920 11.880 11.720 20.600 20.360 20.281 8.680 8.480 8.561
#R 2 262146 2048 32 1 1024 1 0 64 2049 64 2.41756 0.007954 4170 2085.000 2077 2093 3913 257 6.1631 6.040 5.960 6.040 6.240 6.280 6.280 0.200 0.320 0.240
#R 2 262146 2048 32 4 1024 1 0 64 2049 64 2.41756 0.007954 4170 2085.000 2077 2093 3913 257 6.1631 6.000 5.920 6.000 6.280 6.240 6.240 0.280 0.320 0.240
#R 2 262146 2048 1 4 1024 1 0 2 65537 2048 2.41756 0.007954 4170 2085.000 2077 2093 4096 74 1.7746 20.200 20.440 20.040 36.240 36.520 36.160 16.040 16.080 16.120
#R 2 262146 2048 2 4 1024 1 0 4 32769 1024 2.41756 0.007954 4170 2085.000 2077 2093 4088 82 1.9664 11.800 11.720 11.680 20.400 20.200 20.120 8.600 8.480 8.440
#R 2 524288 2048 32 1 1024 0 1 64 4096 64 2.66007 0.003964 4157 2078.500 2051 2106 3928 229 5.5088 6.040 6.000 6.040 7.080 6.960 7.080 1.040 0.960 1.040
#R 2 524288 2048 32 4 1024 0 1 64 4096 64 2.66007 0.003964 4157 2078.500 2051 2106 3928 229 5.5088 6.000 6.000 6.000 6.320 6.200 6.280 0.320 0.200 0.280
#R 2 524288 2048 1 4 1024 0 1 2 131072 2048 2.66007 0.003964 4157 2078.500 2051 2106 4096 61 1.4674 34.160 34.160 34.161 54.040 53.800 53.880 19.880 19.640 19.719
#R 2 524288 2048 2 4 1024 0 1 4 65536 1024 2.66007 0.003964 4157 2078.500 2051 2106 4081 76 1.8282 19.000 19.120 19.160 29.200 29.200 29.280 10.200 10.080 10.120
#R 2 524289 2048 32 1 1024 1 0 64 4097 64 2.66007 0.003964 4157 2078.500 2051 2106 3928 229 5.5088 5.960 5.960 6.040 6.960 6.960 6.960 1.000 1.000 0.920
#R 2 524289 2048 32 4 1024 1 0 64 4097 64 2.66007 0.003964 4157 2078.500 2051 2106 3928 229 5.5088 5.920 5.960 6.000 6.280 6.280 6.480 0.360 0.320 0.480
#R 2 524289 2048 1 4 1024 1 0 2 131073 2048 2.66007 0.003964 4157 2078.500 2051 2106 4096 61 1.4674 36.480 36.400 36.640 56.440 56.240 56.360 19.960 19.840 19.720
#R 2 524289 2048 2 4 1024 1 0 4 65537 1024 2.66007 0.003964 4157 2078.500 2051 2106 4081 76 1.8282 20.880 20.721 20.760 31.040 31.040 31.000 10.160 10.319 10.240
#R 2 524290 2048 32 1 1024 1 0 64 4097 64 2.66007 0.003964 4157 2078.500 2051 2106 3928 229 5.5088 6.000 6.040 6.000 6.960 6.960 6.880 0.960 0.920 0.880
#R 2 524290 2048 32 4 1024 1 0 64 4097 64 2.66007 0.003964 4157 2078.500 2051 2106 3928 229 5.5088 5.960 5.960 6.040 6.320 6.280 6.280 0.360 0.320 0.240
#R 2 524290 2048 1 4 1024 1 0 2 131073 2048 2.66007 0.003964 4157 2078.500 2051 2106 4096 61 1.4674 36.760 36.400 36.640 56.641 56.160 56.480 19.881 19.760 19.840
#R 2 524290 2048 2 4 1024 1 0 4 65537 1024 2.66007 0.003964 4157 2078.500 2051 2106 4081 76 1.8282 20.920 20.880 20.880 31.001 30.880 30.920 10.081 10.000 10.040
#R 2 1048576 2048 32 1 1024 0 1 64 8192 64 2.88563 0.001979 4150 2075.000 2054 2096 3917 233 5.6145 7.840 7.761 7.760 9.360 9.280 9.440 1.520 1.519 1.680
#R 2 1048576 2048 32 4 1024 0 1 64 8192 64 2.88563 0.001979 4150 2075.000 2054 2096 3917 233 5.6145 6.040 6.040 6.001 7.681 7.680 7.680 1.641 1.640 1.679
#R 2 1048576 2048 1 4 1024 0 1 2 262144 2048 2.88563 0.001979 4150 2075.000 2054 2096 4096 54 1.3012 64.241 64.040 64.000 87.401 86.761 87.400 23.160 22.721 23.400
#R 2 1048576 2048 2 4 1024 0 1 4 131072 1024 2.88563 0.001979 4150 2075.000 2054 2096 4096 54 1.3012 34.481 34.760 34.760 46.720 46.920 46.920 12.239 12.160 12.160
#R 2 1048577 2048 32 1 1024 1 0 64 8193 64 2.88564 0.001979 4150 2075.000 2054 2096 3915 235 5.6627 7.640 7.560 7.600 9.440 9.320 9.320 1.800 1.760 1.720
#R 2 1048577 2048 32 4 1024 1 0 64 8193 64 2.88564 0.001979 4150 2075.000 2054 2096 3915 235 5.6627 6.360 6.600 6.480 8.040 8.080 8.080 1.680 1.480 1.600
#R 2 1048577 2048 1 4 1024 1 0 2 262145 2048 2.88564 0.001979 4150 2075.000 2054 2096 4096 54 1.3012 70.880 70.800 70.561 92.201 92.440 91.881 21.321 21.640 21.320
#R 2 1048577 2048 2 4 1024 1 0 4 131073 1024 2.88564 0.001979 4150 2075.000 2054 2096 4096 54 1.3012 38.881 38.920 39.041 50.241 50.360 50.361 11.360 11.440 11.320
#R 2 1048578 2048 32 1 1024 1 0 64 8193 64 2.88564 0.001979 4150 2075.000 2054 2096 3915 235 5.6627 7.520 7.560 7.600 9.321 9.400 9.440 1.801 1.840 1.840
#R 2 1048578 2048 32 4 1024 1 0 64 8193 64 2.88564 0.001979 4150 2075.000 2054 2096 3915 235 5.6627 6.400 6.440 6.400 8.080 8.080 8.160 1.680 1.640 1.760
#R 2 1048578 2048 1 4 1024 1 0 2 262145 2048 2.88564 0.001979 4150 2075.000 2054 2096 4096 54 1.3012 70.920 70.201 70.560 92.361 92.280 92.040 21.441 22.079 21.480
#R 2 1048578 2048 2 4 1024 1 0 4 131073 1024 2.88564 0.001979 4150 2075.000 2054 2096 4096 54 1.3012 39.000 38.840 38.800 50.200 50.560 50.761 11.200 11.720 11.961
#R 4 2048 2048 32 1 256 0 0 128 16 64 -inf 1.000000 8192 2048.000 2048 2048 8192 0 0.0000 6.040 5.960 6.000 6.241 6.240 6.240 0.201 0.280 0.240
#R 4 2048 2048 32 4 256 0 0 128 16 64 -inf 1.000000 8192 2048.000 2048 2048 8192 0 0.0000 6.000 6.000 6.000 6.240 6.240 6.280 0.240 0.240 0.280
#R 4 2048 2048 1 4 256 0 0 4 512 2048 -inf 1.000000 8192 2048.000 2048 2048 8192 0 0.0000 5.960 6.000 5.960 6.200 6.201 6.240 0.240 0.201 0.280
#R 4 2048 2048 2 4 256 0 0 8 256 1024 -inf 1.000000 8192 2048.000 2048 2048 8192 0 0.0000 6.040 6.000 5.960 6.280 6.160 6.200 0.240 0.160 0.240
#R 4 2049 2048 32 1 256 1 0 128 17 64 -3.29733 0.999512 8192 2048.000 2047 2049 7716 476 5.8105 6.000 5.960 6.000 6.280 6.280 6.280 0.280 0.320 0.280
#R 4 2049 2048 32 4 256 1 0 128 17 64 -3.29733 0.999512 8192 2048.000 2047 2049 7716 476 5.8105 6.000 6.040 5.960 6.280 6.201 6.280 0.280 0.161 0.320
#R 4 2049 2048 1 4 256 1 0 4 513 2048 -3.29733 0.999512 8192 2048.000 2047 2049 8191 1 0.0122 5.960 6.001 5.960 6.200 6.201 6.160 0.240 0.200 0.200
#R 4 2049 2048 2 4 256 1 0 8 257 1024 -3.29733 0.999512 8192 2048.000 2047 2049 8178 14 0.1709 6.040 5.960 6.000 6.200 6.200 6.240 0.160 0.240 0.240
#R 4 2050 2048 32 1 256 1 0 128 17 64 -3.09756 0.998902 8191 2047.750 2046 2049 7720 471 5.7502 6.000 6.000 6.000 6.240 6.240 6.240 0.240 0.240 0.240
#R 4 2050 2048 32 4 256 1 0 128 17 64 -3.09756 0.998902 8191 2047.750 2046 2049 7720 471 5.7502 5.960 6.000 5.960 6.280 6.280 6.280 0.320 0.280 0.320
#R 4 2050 2048 1 4 256 1 0 4 513 2048 -3.09756 0.998902 8191 2047.750 2046 2049 8189 2 0.0244 6.000 6.000 5.961 6.200 6.240 6.200 0.200 0.240 0.239
#R 4 2050 2048 2 4 256 1 0 8 257 1024 -3.09756 0.998902 8191 2047.750 2046 2049 8181 10 0.1221 6.080 5.960 6.000 6.200 6.200 6.240 0.120 0.240 0.240
#R 4 4096 2048 32 1 256 0 0 128 32 64 -1.39146e-16 0.502380 8231 2057.750 2025 2085 7924 307 3.7298 6.000 5.960 6.040 6.240 6.240 6.280 0.240 0.280 0.240
#R 4 4096 2048 32 4 256 0 0 128 32 64 -1.39146e-16 0.502380 8231 2057.750 2025 2085 7924 307 3.7298 5.960 6.000 5.960 6.240 6.280 6.280 0.280 0.280 0.320
#R 4 4096 2048 1 4 256 0 1 4 1024 2048 -1.39146e-16 0.502380 8231 2057.750 2025 2085 8169 62 0.7532 6.000 6.040 5.961 6.240 6.240 6.240 0.240 0.200 0.279
#R 4 4096 2048 2 4 256 0 0 8 512 1024 -1.39146e-16 0.502380 8231 2057.750 2025 2085 8153 78 0.9476 6.040 6.000 6.000 6.200 6.200 6.240 0.160 0.200 0.240
#R 4 4097 2048 32 1 1024 1 0 128 33 64 0.00030591 0.502197 8230 2057.500 2025 2081 7783 447 5.4313 6.000 6.000 6.000 6.280 6.280 6.240 0.280 0.280 0.240
#R 4 4097 2048 32 4 1024 1 0 128 33 64 0.00030591 0.502197 8230 2057.500 2025 2081 7783 447 5.4313 5.960 6.000 5.960 6.240 6.280 6.280 0.280 0.280 0.320
#R 4 4097 2048 1 4 1024 1 0 4 1025 2048 0.00030591 0.502197 8230 2057.500 2025 2081 8169 61 0.7412 5.960 6.000 5.960 6.200 6.200 6.201 0.240 0.200 0.241
#R 4 4097 2048 2 4 1024 1 0 8 513 1024 0.00030591 0.502197 8230 2057.500 2025 2081 8158 72 0.8748 6.000 6.040 6.000 6.240 6.200 6.160 0.240 0.160 0.160
#R 4 4098 2048 32 1 1024 1 0 128 33 64 0.000611671 0.502074 8230 2057.500 2024 2081 7783 447 5.4313 6.000 5.960 6.000 6.280 6.280 6.240 0.280 0.320 0.240
#R 4 4098 2048 32 4 1024 1 0 128 33 64 0.000611671 0.502074 8230 2057.500 2024 2081 7783 447 5.4313 5.961 6.000 5.920 6.280 6.280 6.240 0.319 0.280 0.320
#R 4 4098 2048 1 4 1024 1 0 4 1025 2048 0.000611671 0.502074 8230 2057.500 2024 2081 8168 62 0.7533 6.000 6.000 5.960 6.200 6.200 6.200 0.200 0.200 0.240
#R 4 4098 2048 2 4 1024 1 0 8 513 1024 0.000611671 0.502074 8230 2057.500 2024 2081 8157 73 0.8870 6.000 5.960 6.000 6.160 6.200 6.200 0.160 0.240 0.200
#R 4 8192 2048 32 1 1024 0 0 128 64 64 0.67449 0.248810 8153 2038.250 1978 2073 7831 322 3.9495 6.000 5.960 6.000 6.280 6.240 6.240 0.280 0.280 0.240
#R 4 8192 2048 32 4 1024 0 0 128 64 64 0.67449 0.248810 8153 2038.250 1978 2073 7831 322 3.9495 5.960 6.080 5.960 6.240 6.280 6.240 0.280 0.200 0.280
#R 4 8192 2048 1 4 1024 0 0 4 2048 2048 0.67449 0.248810 8153 2038.250 1978 2073 8117 36 0.4416 6.000 5.960 6.000 6.200 6.200 6.200 0.200 0.240 0.200
#R 4 8192 2048 2 4 1024 0 0 8 1024 1024 0.67449 0.248810 8153 2038.250 1978 2073 8082 71 0.8708 6.000 5.960 6.000 6.200 6.200 6.200 0.200 0.240 0.200
#R 4 8193 2048 32 1 1024 1 0 128 65 64 0.674586 0.248810 8154 2038.500 1979 2075 7783 371 4.5499 6.000 5.960 6.000 6.240 6.240 6.280 0.240 0.280 0.280
#R 4 8193 2048 32 4 1024 1 0 128 65 64 0.674586 0.248810 8154 2038.500 1979 2075 7783 371 4.5499 5.960 6.000 5.960 6.280 6.280 6.280 0.320 0.280 0.320
#R 4 8193 2048 1 4 1024 1 0 4 2049 2048 0.674586 0.248810 8154 2038.500 1979 2075 8116 38 0.4660 6.001 5.960 5.960 6.200 6.200 6.200 0.199 0.240 0.240
#R 4 8193 2048 2 4 1024 1 0 8 1025 1024 0.674586 0.248810 8154 2038.500 1979 2075 8086 68 0.8339 6.000 5.960 6.000 6.240 6.200 6.200 0.240 0.240 0.200
#R 4 8194 2048 32 1 1024 1 0 128 65 64 0.674682 0.248780 8154 2038.500 1980 2075 7784 370 4.5377 5.960 6.000 6.040 6.280 6.240 6.240 0.320 0.240 0.200
#R 4 8194 2048 32 4 1024 1 0 128 65 64 0.674682 0.248780 8154 2038.500 1980 2075 7784 370 4.5377 5.960 6.000 5.960 6.280 6.240 6.280 0.320 0.240 0.320
#R 4 8194 2048 1 4 1024 1 0 4 2049 2048 0.674682 0.248780 8154 2038.500 1980 2075 8117 37 0.4538 6.040 6.000 5.960 6.200 6.200 6.200 0.160 0.200 0.240
#R 4 8194 2048 2 4 1024 1 0 8 1025 1024 0.674682 0.248780 8154 2038.500 1980 2075 8087 67 0.8217 6.000 6.000 6.000 6.200 6.200 6.200 0.200 0.200 0.200
#R 4 16384 2048 32 1 1024 0 0 128 128 64 1.15035 0.123154 8071 2017.750 1934 2089 7743 328 4.0639 6.000 6.000 6.040 6.280 6.280 6.320 0.280 0.280 0.280
#R 4 16384 2048 32 4 1024 0 0 128 128 64 1.15035 0.123154 8071 2017.750 1934 2089 7743 328 4.0639 5.960 6.040 5.960 6.280 6.240 6.240 0.320 0.200 0.280
#R 4 16384 2048 1 4 1024 0 1 4 4096 2048 1.15035 0.123154 8071 2017.750 1934 2089 8021 50 0.6195 6.120 5.960 5.960 6.400 6.321 6.320 0.280 0.361 0.360
#R 4 16384 2048 2 4 1024 0 0 8 2048 1024 1.15035 0.123154 8071 2017.750 1934 2089 7981 90 1.1151 6.000 5.920 6.001 6.240 6.200 6.240 0.240 0.280 0.239
#R 4 16385 2048 32 1 1024 1 0 128 129 64 1.15039 0.123131 8070 2017.500 1933 2089 7718 352 4.3618 6.000 6.000 6.000 6.241 6.280 6.240 0.241 0.280 0.240
#R 4 16385 2048 32 4 1024 1 0 128 129 64 1.15039 0.123131 8070 2017.500 1933 2089 7718 352 4.3618 6.000 6.000 6.040 6.240 6.240 6.280 0.240 0.240 0.240
#R 4 16385 2048 1 4 1024 1 0 4 4097 2048 1.15039 0.123131 8070 2017.500 1933 2089 8020 50 0.6196 6.000 5.960 6.040 6.440 6.480 6.440 0.440 0.520 0.400
#R 4 16385 2048 2 4 1024 1 0 8 2049 1024 1.15039 0.123131 8070 2017.500 1933 2089 7980 90 1.1152 6.000 6.000 6.040 6.240 6.200 6.200 0.240 0.200 0.160
#R 4 16386 2048 32 1 1024 1 0 128 129 64 1.15042 0.123123 8070 2017.500 1933 2089 7718 352 4.3618 5.960 6.000 6.040 6.280 6.280 6.280 0.320 0.280 0.240
#R 4 16386 2048 32 4 1024 1 0 128 129 64 1.15042 0.123123 8070 2017.500 1933 2089 7718 352 4.3618 5.960 6.000 5.960 6.280 6.280 6.240 0.320 0.280 0.280
#R 4 16386 2048 1 4 1024 1 0 4 4097 2048 1.15042 0.123123 8070 2017.500 1933 2089 8020 50 0.6196 6.000 5.960 5.960 6.440 6.440 6.480 0.440 0.480 0.520
#R 4 16386 2048 2 4 1024 1 0 8 2049 1024 1.15042 0.123123 8070 2017.500 1933 2089 7980 90 1.1152 6.000 5.960 6.000 6.200 6.240 6.200 0.200 0.280 0.200
#R 4 32768 2048 32 1 1024 0 0 128 256 64 1.53412 0.062805 8232 2058.000 2023 2113 7872 360 4.3732 5.920 6.000 5.960 6.240 6.280 6.240 0.320 0.280 0.280
#R 4 32768 2048 32 4 1024 0 0 128 256 64 1.53412 0.062805 8232 2058.000 2023 2113 7872 360 4.3732 5.960 6.000 5.960 6.280 6.280 6.200 0.320 0.280 0.240
#R 4 32768 2048 1 4 1024 0 1 4 8192 2048 1.53412 0.062805 8232 2058.000 2023 2113 8146 86 1.0447 6.000 5.960 5.960 8.560 8.480 8.480 2.560 2.520 2.520
#R 4 32768 2048 2 4 1024 0 1 8 4096 1024 1.53412 0.062805 8232 2058.000 2023 2113 8112 120 1.4577 6.040 5.960 6.000 6.480 6.520 6.560 0.440 0.560 0.560
#R 4 32769 2048 32 1 1024 1 0 128 257 64 1.53414 0.062796 8231 2057.750 2023 2113 7853 378 4.5924 5.960 6.000 5.960 6.240 6.240 6.240 0.280 0.240 0.280
#R 4 32769 2048 32 4 1024 1 0 128 257 64 1.53414 0.062796 8231 2057.750 2023 2113 7853 378 4.5924 5.920 6.000 5.960 6.280 6.280 6.280 0.360 0.280 0.320
#R 4 32769 2048 1 4 1024 1 0 4 8193 2048 1.53414 0.062796 8231 2057.750 2023 2113 8145 86 1.0448 6.040 5.960 6.040 8.680 8.640 8.640 2.640 2.680 2.600
#R 4 32769 2048 2 4 1024 1 0 8 4097 1024 1.53414 0.062796 8231 2057.750 2023 2113 8112 119 1.4458 5.960 5.960 6.000 6.720 6.800 6.840 0.760 0.840 0.840
#R 4 32770 2048 32 1 1024 1 0 128 257 64 1.53415 0.062809 8233 2058.250 2023 2114 7855 378 4.5913 5.960 6.040 5.960 6.240 6.240 6.240 0.280 0.200 0.280
#R 4 32770 2048 32 4 1024 1 0 128 257 64 1.53415 0.062809 8233 2058.250 2023 2114 7855 378 4.5913 6.000 6.000 5.960 6.241 6.240 6.240 0.241 0.240 0.280
#R 4 32770 2048 1 4 1024 1 0 4 8193 2048 1.53415 0.062809 8233 2058.250 2023 2114 8145 88 1.0689 6.000 5.960 6.000 8.720 8.600 8.680 2.720 2.640 2.680
#R 4 32770 2048 2 4 1024 1 0 8 4097 1024 1.53415 0.062809 8233 2058.250 2023 2114 8112 121 1.4697 6.000 6.000 6.000 6.680 6.640 6.600 0.680 0.640 0.600
#R 4 65536 2048 32 1 1024 0 0 128 512 64 1.86273 0.031307 8207 2051.750 2009 2089 7787 420 5.1176 6.000 6.000 6.000 6.240 6.280 6.280 0.240 0.280 0.280
#R 4 65536 2048 32 4 1024 0 0 128 512 64 1.86273 0.031307 8207 2051.750 2009 2089 7787 420 5.1176 6.000 6.000 6.000 6.240 6.280 6.280 0.240 0.280 0.280
#R 4 65536 2048 1 4 1024 0 1 4 16384 2048 1.86273 0.031307 8207 2051.750 2009 2089 8153 54 0.6580 6.000 5.960 6.040 12.081 12.080 12.040 6.081 6.120 6.000
#R 4 65536 2048 2 4 1024 0 1 8 8192 1024 1.86273 0.031307 8207 2051.750 2009 2089 8145 62 0.7555 5.960 6.000 6.000 8.440 8.480 8.480 2.480 2.480 2.480
#R 4 65537 2048 32 1 1024 1 0 128 513 64 1.86274 0.031307 8207 2051.750 2008 2090 7763 444 5.4100 5.960 6.040 5.960 6.280 6.280 6.240 0.320 0.240 0.280
#R 4 65537 2048 32 4 1024 1 0 128 513 64 1.86274 0.031307 8207 2051.750 2008 2090 7763 444 5.4100 6.040 6.000 6.000 6.280 6.240 6.280 0.240 0.240 0.280
#R 4 65537 2048 1 4 1024 1 0 4 16385 2048 1.86274 0.031307 8207 2051.750 2008 2090 8152 55 0.6702 6.040 5.960 6.000 12.640 12.520 12.400 6.600 6.560 6.400
#R 4 65537 2048 2 4 1024 1 0 8 8193 1024 1.86274 0.031307 8207 2051.750 2008 2090 8144 63 0.7676 5.960 5.960 5.960 8.600 8.720 8.640 2.640 2.760 2.680
#R 4 65538 2048 32 1 1024 1 0 128 513 64 1.86275 0.031306 8207 2051.750 2008 2090 7763 444 5.4100 5.960 6.000 5.960 6.240 6.280 6.240 0.280 0.280 0.280
#R 4 65538 2048 32 4 1024 1 0 128 513 64 1.86275 0.031306 8207 2051.750 2008 2090 7763 444 5.4100 5.960 6.000 5.960 6.240 6.280 6.280 0.280 0.280 0.320
#R 4 65538 2048 1 4 1024 1 0 4 16385 2048 1.86275 0.031306 8207 2051.750 2008 2090 8152 55 0.6702 6.000 6.000 6.040 12.440 12.440 12.280 6.440 6.440 6.240
#R 4 65538 2048 2 4 1024 1 0 8 8193 1024 1.86275 0.031306 8207 2051.750 2008 2090 8144 63 0.7676 5.960 5.960 6.000 8.760 8.680 8.680 2.800 2.720 2.680
#R 4 131072 2048 32 1 1024 0 1 128 1024 64 2.15387 0.015625 8192 2048.000 1975 2091 7814 378 4.6143 5.960 6.040 6.000 6.240 6.280 6.240 0.280 0.240 0.240
#R 4 131072 2048 32 4 1024 0 0 128 1024 64 2.15387 0.015625 8192 2048.000 1975 2091 7814 378 4.6143 6.040 6.000 5.960 6.280 6.241 6.280 0.240 0.241 0.320
#R 4 131072 2048 1 4 1024 0 1 4 32768 2048 2.15387 0.015625 8192 2048.000 1975 2091 8119 73 0.8911 11.000 11.080 11.000 22.521 22.640 22.600 11.521 11.560 11.600
#R 4 131072 2048 2 4 1024 0 1 8 16384 1024 2.15387 0.015625 8192 2048.000 1975 2091 8101 91 1.1108 6.040 6.080 6.040 11.360 11.280 11.200 5.320 5.200 5.160
#R 4 131073 2048 32 1 1024 1 0 128 1025 64 2.15388 0.015625 8192 2048.000 1975 2091 7804 388 4.7363 6.000 6.040 5.960 6.280 6.280 6.280 0.280 0.240 0.320
#R 4 131073 2048 32 4 1024 1 0 128 1025 64 2.15388 0.015625 8192 2048.000 1975 2091 7804 388 4.7363 5.960 6.000 5.960 6.280 6.240 6.280 0.320 0.240 0.320
#R 4 131073 2048 1 4 1024 1 0 4 32769 2048 2.15388 0.015625 8192 2048.000 1975 2091 8119 73 0.8911 12.040 12.040 11.920 23.080 23.240 23.000 11.040 11.200 11.080
#R 4 131073 2048 2 4 1024 1 0 8 16385 1024 2.15388 0.015625 8192 2048.000 1975 2091 8101 91 1.1108 6.120 6.120 6.120 11.800 11.840 11.800 5.680 5.720 5.680
#R 4 131074 2048 32 1 1024 1 0 128 1025 64 2.15388 0.015625 8192 2048.000 1975 2091 7804 388 4.7363 5.960 6.000 5.960 6.240 6.240 6.200 0.280 0.240 0.240
#R 4 131074 2048 32 4 1024 1 0 128 1025 64 2.15388 0.015625 8192 2048.000 1975 2091 7804 388 4.7363 5.960 5.960 5.960 6.240 6.240 6.280 0.280 0.280 0.320
#R 4 131074 2048 1 4 1024 1 0 4 32769 2048 2.15388 0.015625 8192 2048.000 1975 2091 8119 73 0.8911 12.000 12.000 12.000 23.240 23.080 23.080 11.240 11.080 11.080
#R 4 131074 2048 2 4 1024 1 0 8 16385 1024 2.15388 0.015625 8192 2048.000 1975 2091 8101 91 1.1108 6.160 6.160 6.080 11.760 11.800 11.721 5.600 5.640 5.641
#R 4 262144 2048 32 1 1024 0 1 128 2048 64 2.41756 0.007880 8263 2065.750 2025 2093 7801 462 5.5912 6.000 6.000 6.000 6.280 6.280 6.240 0.280 0.280 0.240
#R 4 262144 2048 32 4 1024 0 0 128 2048 64 2.41756 0.007880 8263 2065.750 2025 2093 7801 462 5.5912 6.040 5.960 6.000 6.240 6.241 6.241 0.200 0.281 0.241
#R 4 262144 2048 1 4 1024 0 1 4 65536 2048 2.41756 0.007880 8263 2065.750 2025 2093 8169 94 1.1376 18.921 19.040 19.040 34.840 34.680 34.800 15.919 15.640 15.760
#R 4 262144 2048 2 4 1024 0 1 8 32768 1024 2.41756 0.007880 8263 2065.750 2025 2093 8160 103 1.2465 11.520 11.560 11.440 20.000 19.840 19.920 8.480 8.280 8.480
#R 4 262145 2048 32 1 1024 1 0 128 2049 64 2.41756 0.007880 8263 2065.750 2025 2093 7810 453 5.4823 5.960 6.000 5.960 6.280 6.280 6.320 0.320 0.280 0.360
#R 4 262145 2048 32 4 1024 1 0 128 2049 64 2.41756 0.007880 8263 2065.750 2025 2093 7810 453 5.4823 6.040 5.960 6.000 6.280 6.240 6.240 0.240 0.280 0.240
#R 4 262145 2048 1 4 1024 1 0 4 65537 2048 2.41756 0.007880 8263 2065.750 2025 2093 8169 94 1.1376 20.880 21.080 20.760 36.440 36.560 36.200 15.560 15.480 15.440
#R 4 262145 2048 2 4 1024 1 0 8 32769 1024 2.41756 0.007880 8263 2065.750 2025 2093 8159 104 1.2586 12.600 12.680 12.480 21.000 20.840 20.761 8.400 8.160 8.281
#R 4 262146 2048 32 1 1024 1 0 128 2049 64 2.41756 0.007880 8263 2065.750 2025 2093 7810 453 5.4823 6.000 6.000 5.960 6.280 6.280 6.240 0.280 0.280 0.280
#R 4 262146 2048 32 4 1024 1 0 128 2049 64 2.41756 0.007880 8263 2065.750 2025 2093 7810 453 5.4823 6.000 5.960 6.040 6.280 6.240 6.280 0.280 0.280 0.240
#R 4 262146 2048 1 4 1024 1 0 4 65537 2048 2.41756 0.007880 8263 2065.750 2025 2093 8169 94 1.1376 20.800 20.961 21.080 36.120 36.480 36.480 15.320 15.519 15.400
#R 4 262146 2048 2 4 1024 1 0 8 32769 1024 2.41756 0.007880 8263 2065.750 2025 2093 8159 104 1.2586 12.600 12.520 12.560 21.040 20.840 20.880 8.440 8.320 8.320
#R 4 524288 2048 32 1 1024 0 1 128 4096 64 2.66007 0.003956 8297 2074.250 2051 2106 7817 480 5.7852 6.161 6.080 6.120 7.280 7.320 7.400 1.119 1.240 1.280
#R 4 524288 2048 32 4 1024 0 1 128 4096 64 2.66007 0.003956 8297 2074.250 2051 2106 7817 480 5.7852 6.000 6.000 6.000 6.560 6.520 6.480 0.560 0.520 0.480
#R 4 524288 2048 1 4 1024 0 1 4 131072 2048 2.66007 0.003956 8297 2074.250 2051 2106 8192 105 1.2655 35.240 34.321 34.440 54.521 53.960 54.001 19.281 19.639 19.561
#R 4 524288 2048 2 4 1024 0 1 8 65536 1024 2.66007 0.003956 8297 2074.250 2051 2106 8161 136 1.6391 19.440 19.320 19.480 29.680 29.681 29.640 10.240 10.361 10.160
#R 4 524289 2048 32 1 1024 1 0 128 4097 64 2.66007 0.003956 8297 2074.250 2051 2106 7817 480 5.7852 6.160 6.000 6.040 7.560 7.400 7.400 1.400 1.400 1.360
#R 4 524289 2048 32 4 1024 1 0 128 4097 64 2.66007 0.003956 8297 2074.250 2051 2106 7817 480 5.7852 6.200 6.120 6.080 7.600 7.680 7.640 1.400 1.560 1.560
#R 4 524289 2048 1 4 1024 1 0 4 131073 2048 2.66007 0.003956 8297 2074.250 2051 2106 8192 105 1.2655 39.441 39.001 39.200 57.760 57.120 57.480 18.319 18.119 18.280
#R 4 524289 2048 2 4 1024 1 0 8 65537 1024 2.66007 0.003956 8297 2074.250 2051 2106 8161 136 1.6391 21.560 21.600 21.560 31.520 31.320 31.400 9.960 9.720 9.840
#R 4 524290 2048 32 1 1024 1 0 128 4097 64 2.66007 0.003956 8297 2074.250 2051 2106 7817 480 5.7852 6.000 6.040 6.000 7.520 7.320 7.400 1.520 1.280 1.400
#R 4 524290 2048 32 4 1024 1 0 128 4097 64 2.66007 0.003956 8297 2074.250 2051 2106 7817 480 5.7852 6.120 6.120 6.120 7.680 7.600 7.600 1.560 1.480 1.480
#R 4 524290 2048 1 4 1024 1 0 4 131073 2048 2.66007 0.003956 8297 2074.250 2051 2106 8192 105 1.2655 39.320 39.080 39.080 57.401 57.361 57.160 18.081 18.281 18.080
#R 4 524290 2048 2 4 1024 1 0 8 65537 1024 2.66007 0.003956 8297 2074.250 2051 2106 8161 136 1.6391 21.520 21.560 21.480 31.320 31.480 31.400 9.800 9.920 9.920
#R 4 1048576 2048 32 1 1024 0 1 128 8192 64 2.88563 0.001958 8212 2053.000 2027 2096 7782 430 5.2362 8.360 8.520 8.480 10.000 10.041 10.120 1.640 1.521 1.640
#R 4 1048576 2048 32 4 1024 0 1 128 8192 64 2.88563 0.001958 8212 2053.000 2027 2096 7782 430 5.2362 6.680 6.560 6.680 8.360 8.400 8.400 1.680 1.840 1.720
#R 4 1048576 2048 1 4 1024 0 1 4 262144 2048 2.88563 0.001958 8212 2053.000 2027 2096 8158 54 0.6576 66.801 65.121 65.160 90.040 88.280 88.000 23.239 23.159 22.840
#R 4 1048576 2048 2 4 1024 0 1 8 131072 1024 2.88563 0.001958 8212 2053.000 2027 2096 8156 56 0.6819 35.080 34.960 35.000 47.961 47.881 48.040 12.881 12.921 13.040
#R 4 1048577 2048 32 1 1024 1 0 128 8193 64 2.88564 0.001958 8212 2053.000 2027 2096 7779 433 5.2728 8.440 8.440 8.360 10.200 10.200 10.160 1.760 1.760 1.800
#R 4 1048577 2048 32 4 1024 1 0 128 8193 64 2.88564 0.001958 8212 2053.000 2027 2096 7779 433 5.2728 7.480 7.640 7.520 9.240 9.240 9.280 1.760 1.600 1.760
#R 4 1048577 2048 1 4 1024 1 0 4 262145 2048 2.88564 0.001958 8212 2053.000 2027 2096 8158 54 0.6576 75.281 74.041 74.601 96.520 95.320 95.200 21.239 21.279 20.599
#R 4 1048577 2048 2 4 1024 1 0 8 131073 1024 2.88564 0.001958 8212 2053.000 2027 2096 8156 56 0.6819 39.440 40.081 39.960 51.760 51.760 52.081 12.320 11.679 12.121
#R 4 1048578 2048 32 1 1024 1 0 128 8193 64 2.88564 0.001958 8212 2053.000 2027 2096 7779 433 5.2728 8.240 8.360 8.400 10.160 10.200 10.200 1.920 1.840 1.800
#R 4 1048578 2048 32 4 1024 1 0 128 8193 64 2.88564 0.001958 8212 2053.000 2027 2096 7779 433 5.2728 7.600 7.480 7.600 9.200 9.240 9.280 1.600 1.760 1.680
#R 4 1048578 2048 1 4 1024 1 0 4 262145 2048 2.88564 0.001958 8212 2053.000 2027 2096 8158 54 0.6576 75.600 74.081 74.120 96.681 95.360 95.520 21.081 21.279 21.400
#R 4 1048578 2048 2 4 1024 1 0 8 131073 1024 2.88564 0.001958 8212 2053.000 2027 2096 8156 56 0.6819 39.600 39.760 39.800 51.481 51.601 51.760 11.881 11.841 11.960
#R 8 2048 2048 32 1 256 0 0 256 16 64 -inf 1.000000 16384 2048.000 2048 2048 16384 0 0.0000 6.000 5.960 5.960 6.280 6.240 6.240 0.280 0.280 0.280
#R 8 2048 2048 32 4 256 0 0 256 16 64 -inf 1.000000 16384 2048.000 2048 2048 16384 0 0.0000 5.960 5.960 6.000 6.240 6.240 6.240 0.280 0.280 0.240
#R 8 2048 2048 1 4 256 0 0 8 512 2048 -inf 1.000000 16384 2048.000 2048 2048 16384 0 0.0000 5.960 5.960 6.040 6.200 6.200 6.200 0.240 0.240 0.160
#R 8 2048 2048 2 4 256 0 0 16 256 1024 -inf 1.000000 16384 2048.000 2048 2048 16384 0 0.0000 5.920 6.040 5.960 6.200 6.200 6.160 0.280 0.160 0.200
#R 8 2049 2048 32 1 256 1 0 256 17 64 -3.29733 0.999512 16384 2048.000 2047 2049 15432 952 5.8105 6.040 5.960 6.000 6.240 6.240 6.240 0.200 0.280 0.240
#R 8 2049 2048 32 4 256 1 0 256 17 64 -3.29733 0.999512 16384 2048.000 2047 2049 15432 952 5.8105 6.000 5.960 6.000 6.241 6.280 6.240 0.241 0.320 0.240
#R 8 2049 2048 1 4 256 1 0 8 513 2048 -3.29733 0.999512 16384 2048.000 2047 2049 16383 1 0.0061 5.960 6.000 5.960 6.200 6.200 6.200 0.240 0.200 0.240
#R 8 2049 2048 2 4 256 1 0 16 257 1024 -3.29733 0.999512 16384 2048.000 2047 2049 16357 27 0.1648 5.920 6.000 5.960 6.200 6.200 6.200 0.280 0.200 0.240
#R 8 2050 2048 32 1 256 1 0 256 17 64 -3.09756 0.999085 16385 2048.125 2046 2049 15440 945 5.7675 6.040 5.920 6.000 6.280 6.280 6.240 0.240 0.360 0.240
#R 8 2050 2048 32 4 256 1 0 256 17 64 -3.09756 0.999085 16385 2048.125 2046 2049 15440 945 5.7675 5.960 5.960 6.000 6.280 6.280 6.240 0.320 0.320 0.240
#R 8 2050 2048 1 4 256 1 0 8 513 2048 -3.09756 0.999085 16385 2048.125 2046 2049 16381 4 0.0244 5.960 6.041 5.960 6.200 6.200 6.161 0.240 0.159 0.201
#R 8 2050 2048 2 4 256 1 0 16 257 1024 -3.09756 0.999085 16385 2048.125 2046 2049 16363 22 0.1343 5.960 6.040 6.000 6.240 6.160 6.200 0.280 0.120 0.200
#R 8 4096 2048 32 1 256 0 0 256 32 64 -1.39146e-16 0.502869 16478 2059.750 2021 2099 15832 646 3.9204 6.000 5.960 6.000 6.280 6.280 6.240 0.280 0.320 0.240
#R 8 4096 2048 32 4 256 0 0 256 32 64 -1.39146e-16 0.502869 16478 2059.750 2021 2099 15832 646 3.9204 5.960 5.960 5.961 6.280 6.200 6.240 0.320 0.240 0.279
#R 8 4096 2048 1 4 256 0 1 8 1024 2048 -1.39146e-16 0.502869 16478 2059.750 2021 2099 16334 144 0.8739 5.960 6.040 5.960 6.200 6.240 6.240 0.240 0.200 0.280
#R 8 4096 2048 2 4 256 0 0 16 512 1024 -1.39146e-16 0.502869 16478 2059.750 2021 2099 16305 173 1.0499 5.961 6.000 5.960 6.160 6.200 6.200 0.199 0.200 0.240
#R 8 4097 2048 32 1 1024 1 0 256 33 64 0.00030591 0.502746 16478 2059.750 2025 2095 15525 953 5.7835 5.960 6.000 6.040 6.240 6.240 6.240 0.280 0.240 0.200
#R 8 4097 2048 32 4 1024 1 0 256 33 64 0.00030591 0.502746 16478 2059.750 2025 2095 15525 953 5.7835 6.000 5.960 6.000 6.280 6.280 6.280 0.280 0.320 0.280
#R 8 4097 2048 1 4 1024 1 0 8 1025 2048 0.00030591 0.502746 16478 2059.750 2025 2095 16338 140 0.8496 5.960 6.000 5.960 6.240 6.240 6.240 0.280 0.240 0.280
#R 8 4097 2048 2 4 1024 1 0 16 513 1024 0.00030591 0.502746 16478 2059.750 2025 2095 16310 168 1.0195 5.960 6.000 5.960 6.160 6.160 6.200 0.200 0.160 0.240
#R 8 4098 2048 32 1 1024 1 0 256 33 64 0.000611671 0.502684 16480 2060.000 2024 2094 15527 953 5.7828 6.000 5.960 6.000 6.240 6.240 6.240 0.240 0.280 0.240
#R 8 4098 2048 32 4 1024 1 0 256 33 64 0.000611671 0.502684 16480 2060.000 2024 2094 15527 953 5.7828 6.040 5.960 6.000 6.240 6.280 6.240 0.200 0.320 0.240
#R 8 4098 2048 1 4 1024 1 0 8 1025 2048 0.000611671 0.502684 16480 2060.000 2024 2094 16338 142 0.8617 5.961 6.000 5.920 6.200 6.200 6.200 0.239 0.200 0.280
#R 8 4098 2048 2 4 1024 1 0 16 513 1024 0.000611671 0.502684 16480 2060.000 2024 2094 16311 169 1.0255 5.960 6.000 5.920 6.200 6.240 6.200 0.240 0.240 0.280
#R 8 8192 2048 32 1 1024 0 0 256 64 64 0.67449 0.248260 16270 2033.750 1978 2075 15647 623 3.8291 6.040 5.960 6.000 6.280 6.240 6.360 0.240 0.280 0.360
#R 8 8192 2048 32 4 1024 0 0 256 64 64 0.67449 0.248260 16270 2033.750 1978 2075 15647 623 3.8291 5.920 5.960 6.000 6.240 6.240 6.240 0.320 0.280 0.240
#R 8 8192 2048 1 4 1024 0 0 8 2048 2048 0.67449 0.248260 16270 2033.750 1978 2075 16207 63 0.3872 6.000 6.040 5.960 6.160 6.160 6.200 0.160 0.120 0.240
#R 8 8192 2048 2 4 1024 0 0 16 1024 1024 0.67449 0.248260 16270 2033.750 1978 2075 16154 116 0.7130 6.040 5.960 5.920 6.160 6.200 6.240 0.120 0.240 0.320
#R 8 8193 2048 32 1 1024 1 0 256 65 64 0.674586 0.248245 16271 2033.875 1979 2075 15560 711 4.3697 6.000 5.920 6.080 6.240 6.240 6.280 0.240 0.320 0.200
#R 8 8193 2048 32 4 1024 1 0 256 65 64 0.674586 0.248245 16271 2033.875 1979 2075 15560 711 4.3697 6.040 5.960 5.960 6.280 6.280 6.240 0.240 0.320 0.280
#R 8 8193 2048 1 4 1024 1 0 8 2049 2048 0.674586 0.248245 16271 2033.875 1979 2075 16209 62 0.3810 5.920 6.120 5.920 6.200 6.240 6.200 0.280 0.120 0.280
#R 8 8193 2048 2 4 1024 1 0 16 1025 1024 0.674586 0.248245 16271 2033.875 1979 2075 16161 110 0.6760 6.040 6.000 5.960 6.160 6.200 6.200 0.120 0.200 0.240
#R 8 8194 2048 32 1 1024 1 0 256 65 64 0.674682 0.248215 16271 2033.875 1980 2075 15561 710 4.3636 6.000 5.920 6.040 6.240 6.240 6.240 0.240 0.320 0.200
#R 8 8194 2048 32 4 1024 1 0 256 65 64 0.674682 0.248215 16271 2033.875 1980 2075 15561 710 4.3636 5.960 5.960 6.080 6.240 6.280 6.240 0.280 0.320 0.160
#R 8 8194 2048 1 4 1024 1 0 8 2049 2048 0.674682 0.248215 16271 2033.875 1980 2075 16210 61 0.3749 5.960 6.000 5.960 6.200 6.200 6.200 0.240 0.200 0.240
#R 8 8194 2048 2 4 1024 1 0 16 1025 1024 0.674682 0.248215 16271 2033.875 1980 2075 16162 109 0.6699 6.000 5.960 5.960 6.200 6.160 6.200 0.200 0.200 0.240
#R 8 16384 2048 32 1 1024 0 0 256 128 64 1.15035 0.124771 16354 2044.250 1934 2101 15577 777 4.7511 6.040 5.960 6.000 6.280 6.241 6.240 0.240 0.281 0.240
#R 8 16384 2048 32 4 1024 0 0 256 128 64 1.15035 0.124771 16354 2044.250 1934 2101 15577 777 4.7511 5.960 6.000 6.000 6.241 6.240 6.240 0.281 0.240 0.240
#R 8 16384 2048 1 4 1024 0 1 8 4096 2048 1.15035 0.124771 16354 2044.250 1934 2101 16179 175 1.0701 5.960 6.040 5.960 6.720 6.640 6.600 0.760 0.600 0.640
#R 8 16384 2048 2 4 1024 0 0 16 2048 1024 1.15035 0.124771 16354 2044.250 1934 2101 16139 215 1.3147 6.040 6.000 5.960 6.240 6.160 6.201 0.200 0.160 0.241
#R 8 16385 2048 32 1 1024 1 0 256 129 64 1.15039 0.124764 16354 2044.250 1933 2103 15513 841 5.1425 6.040 5.960 6.000 6.240 6.240 6.240 0.200 0.280 0.240
#R 8 16385 2048 32 4 1024 1 0 256 129 64 1.15039 0.124764 16354 2044.250 1933 2103 15513 841 5.1425 6.000 6.000 6.000 6.280 6.240 6.240 0.280 0.240 0.240
#R 8 16385 2048 1 4 1024 1 0 8 4097 2048 1.15039 0.124764 16354 2044.250 1933 2103 16176 178 1.0884 5.920 5.960 5.960 6.760 6.720 6.720 0.840 0.760 0.760
#R 8 16385 2048 2 4 1024 1 0 16 2049 1024 1.15039 0.124764 16354 2044.250 1933 2103 16136 218 1.3330 6.040 5.960 5.960 6.200 6.200 6.200 0.160 0.240 0.240
#R 8 16386 2048 32 1 1024 1 0 256 129 64 1.15042 0.124756 16354 2044.250 1933 2103 15513 841 5.1425 5.960 6.000 6.000 6.280 6.240 6.240 0.320 0.240 0.240
#R 8 16386 2048 32 4 1024 1 0 256 129 64 1.15042 0.124756 16354 2044.250 1933 2103 15513 841 5.1425 5.960 6.000 5.960 6.240 6.280 6.240 0.280 0.280 0.280
#R 8 16386 2048 1 4 1024 1 0 8 4097 2048 1.15042 0.124756 16354 2044.250 1933 2103 16176 178 1.0884 5.960 6.000 5.920 6.720 6.760 6.680 0.760 0.760 0.760
#R 8 16386 2048 2 4 1024 1 0 16 2049 1024 1.15042 0.124756 16354 2044.250 1933 2103 16136 218 1.3330 6.040 5.960 5.960 6.200 6.200 6.200 0.160 0.240 0.240
#R 8 32768 2048 32 1 1024 0 0 256 256 64 1.53412 0.062847 16475 2059.375 2007 2113 15706 769 4.6677 6.000 5.960 6.000 6.240 6.280 6.280 0.240 0.320 0.280
#R 8 32768 2048 32 4 1024 0 0 256 256 64 1.53412 0.062847 16475 2059.375 2007 2113 15706 769 4.6677 5.960 6.080 6.000 6.280 6.240 6.240 0.320 0.160 0.240
#R 8 32768 2048 1 4 1024 0 1 8 8192 2048 1.53412 0.062847 16475 2059.375 2007 2113 16289 186 1.1290 5.920 6.000 5.960 8.920 8.800 8.800 3.000 2.800 2.840
#R 8 32768 2048 2 4 1024 0 1 16 4096 1024 1.53412 0.062847 16475 2059.375 2007 2113 16242 233 1.4143 6.000 5.960 6.000 6.720 6.680 6.720 0.720 0.720 0.720
#R 8 32769 2048 32 1 1024 1 0 256 257 64 1.53414 0.062849 16476 2059.500 2006 2113 15638 838 5.0862 5.960 5.960 6.040 6.240 6.280 6.240 0.280 0.320 0.200
#R 8 32769 2048 32 4 1024 1 0 256 257 64 1.53414 0.062849 16476 2059.500 2006 2113 15638 838 5.0862 5.921 6.000 5.960 6.240 6.280 6.240 0.319 0.280 0.280
#R 8 32769 2048 1 4 1024 1 0 8 8193 2048 1.53414 0.062849 16476 2059.500 2006 2113 16289 187 1.1350 6.000 6.080 5.960 9.200 9.120 9.040 3.200 3.040 3.080
#R 8 32769 2048 2 4 1024 1 0 16 4097 1024 1.53414 0.062849 16476 2059.500 2006 2113 16242 234 1.4202 6.040 5.960 6.040 6.760 6.760 6.840 0.720 0.800 0.800
#R 8 32770 2048 32 1 1024 1 0 256 257 64 1.53415 0.062855 16478 2059.750 2006 2114 15640 838 5.0856 6.000 5.960 6.040 6.280 6.240 6.280 0.280 0.280 0.240
#R 8 32770 2048 32 4 1024 1 0 256 257 64 1.53415 0.062855 16478 2059.750 2006 2114 15640 838 5.0856 5.960 6.000 5.960 6.240 6.280 6.280 0.280 0.280 0.320
#R 8 32770 2048 1 4 1024 1 0 8 8193 2048 1.53415 0.062855 16478 2059.750 2006 2114 16289 189 1.1470 6.000 6.000 5.960 9.000 9.040 9.000 3.000 3.040 3.040
#R 8 32770 2048 2 4 1024 1 0 16 4097 1024 1.53415 0.062855 16478 2059.750 2006 2114 16242 236 1.4322 6.000 5.960 6.040 6.840 6.800 6.800 0.840 0.840 0.760
#R 8 65536 2048 32 1 1024 0 0 256 512 64 1.86273 0.031483 16506 2063.250 2009 2106 15626 880 5.3314 5.960 5.960 6.000 6.280 6.240 6.280 0.320 0.280 0.280
#R 8 65536 2048 32 4 1024 0 0 256 512 64 1.86273 0.031483 16506 2063.250 2009 2106 15626 880 5.3314 5.960 6.040 5.960 6.240 6.240 6.240 0.280 0.200 0.280
#R 8 65536 2048 1 4 1024 0 1 8 16384 2048 1.86273 0.031483 16506 2063.250 2009 2106 16342 164 0.9936 6.000 6.040 6.000 12.480 12.360 12.441 6.480 6.320 6.441
#R 8 65536 2048 2 4 1024 0 1 16 8192 1024 1.86273 0.031483 16506 2063.250 2009 2106 16305 201 1.2177 6.000 5.960 6.040 8.680 8.600 8.760 2.680 2.640 2.720
#R 8 65537 2048 32 1 1024 1 0 256 513 64 1.86274 0.031482 16506 2063.250 2008 2105 15605 901 5.4586 6.000 5.960 6.000 6.280 6.280 6.240 0.280 0.320 0.240
#R 8 65537 2048 32 4 1024 1 0 256 513 64 1.86274 0.031482 16506 2063.250 2008 2105 15605 901 5.4586 5.960 6.000 5.920 6.240 6.280 6.240 0.280 0.280 0.320
#R 8 65537 2048 1 4 1024 1 0 8 16385 2048 1.86274 0.031482 16506 2063.250 2008 2105 16341 165 0.9996 6.200 6.160 6.240 13.000 13.040 13.040 6.800 6.880 6.800
#R 8 65537 2048 2 4 1024 1 0 16 8193 1024 1.86274 0.031482 16506 2063.250 2008 2105 16305 201 1.2177 6.000 6.000 6.000 8.920 8.880 8.920 2.920 2.880 2.920
#R 8 65538 2048 32 1 1024 1 0 256 513 64 1.86275 0.031484 16507 2063.375 2008 2105 15606 901 5.4583 5.960 6.000 6.040 6.280 6.240 6.280 0.320 0.240 0.240
#R 8 65538 2048 32 4 1024 1 0 256 513 64 1.86275 0.031484 16507 2063.375 2008 2105 15606 901 5.4583 5.960 6.000 5.960 6.280 6.240 6.240 0.320 0.240 0.280
#R 8 65538 2048 1 4 1024 1 0 8 16385 2048 1.86275 0.031484 16507 2063.375 2008 2105 16342 165 0.9996 6.280 6.240 6.320 13.000 12.961 13.040 6.720 6.721 6.720
#R 8 65538 2048 2 4 1024 1 0 16 8193 1024 1.86275 0.031484 16507 2063.375 2008 2105 16306 201 1.2177 6.040 5.960 6.000 8.881 8.880 8.840 2.841 2.920 2.840
#R 8 131072 2048 32 1 1024 0 1 256 1024 64 2.15387 0.015589 16346 2043.250 1975 2091 15587 759 4.6433 6.000 6.000 6.000 6.240 6.240 6.240 0.240 0.240 0.240
#R 8 131072 2048 32 4 1024 0 0 256 1024 64 2.15387 0.015589 16346 2043.250 1975 2091 15587 759 4.6433 6.040 6.000 5.960 6.240 6.240 6.240 0.200 0.240 0.280
#R 8 131072 2048 1 4 1024 0 1 8 32768 2048 2.15387 0.015589 16346 2043.250 1975 2091 16229 117 0.7158 11.440 11.560 11.400 22.880 23.040 22.760 11.440 11.480 11.360
#R 8 131072 2048 2 4 1024 0 1 16 16384 1024 2.15387 0.015589 16346 2043.250 1975 2091 16158 188 1.1501 6.160 6.080 6.080 11.520 11.440 11.280 5.360 5.360 5.200
#R 8 131073 2048 32 1 1024 1 0 256 1025 64 2.15388 0.015592 16349 2043.625 1975 2091 15578 771 4.7159 6.000 6.000 6.000 6.280 6.280 6.280 0.280 0.280 0.280
#R 8 131073 2048 32 4 1024 1 0 256 1025 64 2.15388 0.015592 16349 2043.625 1975 2091 15578 771 4.7159 6.000 6.040 5.960 6.280 6.280 6.240 0.280 0.240 0.280
#R 8 131073 2048 1 4 1024 1 0 8 32769 2048 2.15388 0.015592 16349 2043.625 1975 2091 16232 117 0.7156 12.440 12.400 12.480 23.641 23.520 23.520 11.201 11.120 11.040
#R 8 131073 2048 2 4 1024 1 0 16 16385 1024 2.15388 0.015592 16349 2043.625 1975 2091 16162 187 1.1438 6.880 6.600 6.440 12.480 12.000 11.920 5.600 5.400 5.480
#R 8 131074 2048 32 1 1024 1 0 256 1025 64 2.15388 0.015591 16349 2043.625 1975 2091 15578 771 4.7159 5.960 6.000 6.000 6.280 6.240 6.280 0.320 0.240 0.280
#R 8 131074 2048 32 4 1024 1 0 256 1025 64 2.15388 0.015591 16349 2043.625 1975 2091 15578 771 4.7159 6.000 6.000 6.000 6.280 6.240 6.280 0.280 0.240 0.280
#R 8 131074 2048 1 4 1024 1 0 8 32769 2048 2.15388 0.015591 16349 2043.625 1975 2091 16232 117 0.7156 12.400 12.440 12.400 23.641 23.481 23.400 11.241 11.041 11.000
#R 8 131074 2048 2 4 1024 1 0 16 16385 1024 2.15388 0.015591 16349 2043.625 1975 2091 16162 187 1.1438 6.960 6.560 6.520 12.520 12.160 12.000 5.560 5.600 5.480
#R 8 262144 2048 32 1 1024 0 1 256 2048 64 2.41756 0.007892 16550 2068.750 2008 2122 15617 933 5.6375 6.000 6.040 6.000 6.280 6.240 6.280 0.280 0.200 0.280
#R 8 262144 2048 32 4 1024 0 0 256 2048 64 2.41756 0.007892 16550 2068.750 2008 2122 15617 933 5.6375 6.000 6.000 5.960 6.280 6.240 6.280 0.280 0.240 0.320
#R 8 262144 2048 1 4 1024 0 1 8 65536 2048 2.41756 0.007892 16550 2068.750 2008 2122 16321 229 1.3837 19.240 19.280 19.360 34.800 34.800 34.800 15.560 15.520 15.440
#R 8 262144 2048 2 4 1024 0 1 16 32768 1024 2.41756 0.007892 16550 2068.750 2008 2122 16270 280 1.6918 11.800 11.880 11.920 20.200 20.320 20.320 8.400 8.440 8.400
#R 8 262145 2048 32 1 1024 1 0 256 2049 64 2.41756 0.007892 16551 2068.875 2008 2122 15627 924 5.5827 6.000 6.040 5.960 6.240 6.240 6.240 0.240 0.200 0.280
#R 8 262145 2048 32 4 1024 1 0 256 2049 64 2.41756 0.007892 16551 2068.875 2008 2122 15627 924 5.5827 6.000 6.000 5.960 6.200 6.240 6.240 0.200 0.240 0.280
#R 8 262145 2048 1 4 1024 1 0 8 65537 2048 2.41756 0.007892 16551 2068.875 2008 2122 16321 230 1.3896 21.400 21.360 21.400 36.441 36.560 36.560 15.041 15.200 15.160
#R 8 262145 2048 2 4 1024 1 0 16 32769 1024 2.41756 0.007892 16551 2068.875 2008 2122 16270 281 1.6978 12.960 13.080 13.160 21.320 21.400 21.400 8.360 8.320 8.240
#R 8 262146 2048 32 1 1024 1 0 256 2049 64 2.41756 0.007892 16551 2068.875 2008 2122 15627 924 5.5827 5.960 6.040 5.960 6.280 6.240 6.240 0.320 0.200 0.280
#R 8 262146 2048 32 4 1024 1 0 256 2049 64 2.41756 0.007892 16551 2068.875 2008 2122 15627 924 5.5827 5.960 6.040 5.960 6.240 6.281 6.280 0.280 0.241 0.320
#R 8 262146 2048 1 4 1024 1 0 8 65537 2048 2.41756 0.007892 16551 2068.875 2008 2122 16321 230 1.3896 21.320 21.560 21.641 36.521 36.520 36.640 15.201 14.960 14.999
#R 8 262146 2048 2 4 1024 1 0 16 32769 1024 2.41756 0.007892 16551 2068.875 2008 2122 16270 281 1.6978 13.040 13.200 13.160 21.280 21.480 21.320 8.240 8.280 8.160
#R 8 524288 2048 32 1 1024 0 1 256 4096 64 2.66007 0.003930 16485 2060.625 2026 2106 15587 898 5.4474 6.720 6.600 6.480 7.760 7.760 7.721 1.040 1.160 1.241
#R 8 524288 2048 32 4 1024 0 1 256 4096 64 2.66007 0.003930 16485 2060.625 2026 2106 15587 898 5.4474 6.080 6.040 6.040 7.160 7.001 7.160 1.080 0.961 1.120
#R 8 524288 2048 1 4 1024 0 1 8 131072 2048 2.66007 0.003930 16485 2060.625 2026 2106 16340 145 0.8796 36.160 34.840 34.961 55.760 55.081 54.960 19.600 20.241 19.999
#R 8 524288 2048 2 4 1024 0 1 16 65536 1024 2.66007 0.003930 16485 2060.625 2026 2106 16266 219 1.3285 19.880 20.080 19.720 30.360 30.400 30.200 10.480 10.320 10.480
#R 8 524289 2048 32 1 1024 1 0 256 4097 64 2.66007 0.003930 16485 2060.625 2026 2106 15587 898 5.4474 6.360 6.360 6.320 7.640 7.680 7.760 1.280 1.320 1.440
#R 8 524289 2048 32 4 1024 1 0 256 4097 64 2.66007 0.003930 16485 2060.625 2026 2106 15587 898 5.4474 6.561 6.760 6.640 8.280 8.240 8.240 1.719 1.480 1.600
#R 8 524289 2048 1 4 1024 1 0 8 131073 2048 2.66007 0.003930 16485 2060.625 2026 2106 16340 145 0.8796 40.840 39.560 39.480 59.400 58.440 58.440 18.560 18.880 18.960
#R 8 524289 2048 2 4 1024 1 0 16 65537 1024 2.66007 0.003930 16485 2060.625 2026 2106 16267 218 1.3224 22.200 22.200 22.560 32.120 32.200 32.520 9.920 10.000 9.960
#R 8 524290 2048 32 1 1024 1 0 256 4097 64 2.66007 0.003930 16485 2060.625 2026 2106 15587 898 5.4474 6.400 6.360 6.280 7.720 7.720 7.720 1.320 1.360 1.440
#R 8 524290 2048 32 4 1024 1 0 256 4097 64 2.66007 0.003930 16485 2060.625 2026 2106 15587 898 5.4474 6.640 6.720 6.680 8.320 8.240 8.240 1.680 1.520 1.560
#R 8 524290 2048 1 4 1024 1 0 8 131073 2048 2.66007 0.003930 16485 2060.625 2026 2106 16340 145 0.8796 40.640 39.680 39.561 59.480 58.240 58.360 18.840 18.560 18.799
#R 8 524290 2048 2 4 1024 1 0 16 65537 1024 2.66007 0.003930 16485 2060.625 2026 2106 16267 218 1.3224 22.360 22.600 22.520 32.320 32.440 32.440 9.960 9.840 9.920
#R 8 1048576 2048 32 1 1024 0 1 256 8192 64 2.88563 0.001961 16446 2055.750 2027 2096 15564 882 5.3630 9.360 9.440 9.320 10.880 10.920 10.960 1.520 1.480 1.640
#R 8 1048576 2048 32 4 1024 0 1 256 8192 64 2.88563 0.001961 16446 2055.750 2027 2096 15564 882 5.3630 8.040 7.880 7.880 9.520 9.400 9.360 1.480 1.520 1.480
#R 8 1048576 2048 1 4 1024 0 1 8 262144 2048 2.88563 0.001961 16446 2055.750 2027 2096 16330 116 0.7053 68.600 66.640 66.720 91.841 90.400 90.360 23.241 23.760 23.640
#R 8 1048576 2048 2 4 1024 0 1 16 131072 1024 2.88563 0.001961 16446 2055.750 2027 2096 16286 160 0.9729 36.160 36.280 36.120 48.880 48.960 48.720 12.720 12.680 12.600
#R 8 1048577 2048 32 1 1024 1 0 256 8193 64 2.88564 0.001961 16446 2055.750 2027 2096 15559 887 5.3934 9.201 9.320 9.120 10.920 10.840 10.880 1.719 1.520 1.760
#R 8 1048577 2048 32 4 1024 1 0 256 8193 64 2.88564 0.001961 16446 2055.750 2027 2096 15559 887 5.3934 8.560 8.640 8.480 10.520 10.360 10.440 1.960 1.720 1.960
#R 8 1048577 2048 1 4 1024 1 0 8 262145 2048 2.88564 0.001961 16446 2055.750 2027 2096 16330 116 0.7053 77.960 76.360 76.120 99.801 98.480 98.561 21.841 22.120 22.441
#R 8 1048577 2048 2 4 1024 1 0 16 131073 1024 2.88564 0.001961 16446 2055.750 2027 2096 16286 160 0.9729 41.480 41.401 41.481 52.960 52.921 53.240 11.480 11.520 11.759
#R 8 1048578 2048 32 1 1024 1 0 256 8193 64 2.88564 0.001961 16446 2055.750 2027 2096 15559 887 5.3934 9.240 9.160 9.120 10.920 10.920 10.800 1.680 1.760 1.680
#R 8 1048578 2048 32 4 1024 1 0 256 8193 64 2.88564 0.001961 16446 2055.750 2027 2096 15559 887 5.3934 8.560 8.600 8.600 10.440 10.400 10.360 1.880 1.800 1.760
#R 8 1048578 2048 1 4 1024 1 0 8 262145 2048 2.88564 0.001961 16446 2055.750 2027 2096 16330 116 0.7053 77.440 76.800 77.040 99.121 99.000 99.001 21.681 22.200 21.961
#R 8 1048578 2048 2 4 1024 1 0 16 131073 1024 2.88564 0.001961 16446 2055.750 2027 2096 16286 160 0.9729 41.360 41.320 41.161 52.840 52.721 53.001 11.480 11.401 11.840
#R 16 2048 2048 32 1 256 0 0 512 16 64 -inf 1.000000 32768 2048.000 2048 2048 32768 0 0.0000 6.000 6.040 6.000 6.240 6.240 6.280 0.240 0.200 0.280
#R 16 2048 2048 32 4 256 0 0 512 16 64 -inf 1.000000 32768 2048.000 2048 2048 32768 0 0.0000 6.000 5.960 6.000 6.240 6.240 6.240 0.240 0.280 0.240
#R 16 2048 2048 1 4 256 0 0 16 512 2048 -inf 1.000000 32768 2048.000 2048 2048 32768 0 0.0000 6.040 6.000 6.000 6.200 6.240 6.200 0.160 0.240 0.200
#R 16 2048 2048 2 4 256 0 0 32 256 1024 -inf 1.000000 32768 2048.000 2048 2048 32768 0 0.0000 5.961 5.960 5.961 6.201 6.240 6.240 0.240 0.280 0.279
#R 16 2049 2048 32 1 256 1 0 512 17 64 -3.29733 0.999634 32772 2048.250 2046 2049 30864 1908 5.8220 6.000 6.000 5.960 6.240 6.240 6.240 0.240 0.240 0.280
#R 16 2049 2048 32 4 256 1 0 512 17 64 -3.29733 0.999634 32772 2048.250 2046 2049 30864 1908 5.8220 6.000 5.960 6.000 6.240 6.240 6.240 0.240 0.280 0.240
#R 16 2049 2048 1 4 256 1 0 16 513 2048 -3.29733 0.999634 32772 2048.250 2046 2049 32765 7 0.0214 6.000 5.960 6.120 6.200 6.160 6.240 0.200 0.200 0.120
#R 16 2049 2048 2 4 256 1 0 32 257 1024 -3.29733 0.999634 32772 2048.250 2046 2049 32716 56 0.1709 6.040 6.000 5.960 6.280 6.240 6.280 0.240 0.240 0.320
#R 16 2050 2048 32 1 256 1 0 512 17 64 -3.09756 0.999055 32769 2048.062 2046 2050 30880 1889 5.7646 5.960 6.000 5.920 6.240 6.240 6.240 0.280 0.240 0.320
#R 16 2050 2048 32 4 256 1 0 512 17 64 -3.09756 0.999055 32769 2048.062 2046 2050 30880 1889 5.7646 6.000 5.960 6.000 6.240 6.280 6.241 0.240 0.320 0.241
#R 16 2050 2048 1 4 256 1 0 16 513 2048 -3.09756 0.999055 32769 2048.062 2046 2050 32760 9 0.0275 6.000 5.960 6.000 6.240 6.200 6.160 0.240 0.240 0.160
#R 16 2050 2048 2 4 256 1 0 32 257 1024 -3.09756 0.999055 32769 2048.062 2046 2050 32723 46 0.1404 5.960 6.000 5.960 6.240 6.240 6.200 0.280 0.240 0.240
#R 16 4096 2048 32 1 256 0 0 512 32 64 -1.39146e-16 0.501160 32844 2052.750 1994 2099 31656 1188 3.6171 6.000 6.040 5.960 6.240 6.280 6.240 0.240 0.240 0.280
#R 16 4096 2048 32 4 256 0 0 512 32 64 -1.39146e-16 0.501160 32844 2052.750 1994 2099 31656 1188 3.6171 6.000 5.960 6.000 6.280 6.240 6.240 0.280 0.280 0.240
#R 16 4096 2048 1 4 256 0 1 16 1024 2048 -1.39146e-16 0.501160 32844 2052.750 1994 2099 32610 234 0.7125 6.000 5.960 6.000 6.240 6.240 6.240 0.240 0.280 0.240
#R 16 4096 2048 2 4 256 0 0 32 512 1024 -1.39146e-16 0.501160 32844 2052.750 1994 2099 32540 304 0.9256 6.040 6.000 5.960 6.240 6.240 6.240 0.200 0.240 0.280
#R 16 4097 2048 32 1 1024 1 0 512 33 64 0.00030591 0.500915 32836 2052.250 1993 2095 31101 1735 5.2838 5.960 6.040 5.960 6.280 6.240 6.240 0.320 0.200 0.280
#R 16 4097 2048 32 4 1024 1 0 512 33 64 0.00030591 0.500915 32836 2052.250 1993 2095 31101 1735 5.2838 6.000 5.960 6.000 6.280 6.200 6.280 0.280 0.240 0.280
#R 16 4097 2048 1 4 1024 1 0 16 1025 2048 0.00030591 0.500915 32836 2052.250 1993 2095 32610 226 0.6883 6.040 5.960 6.000 6.200 6.200 6.200 0.160 0.240 0.200
#R 16 4097 2048 2 4 1024 1 0 32 513 1024 0.00030591 0.500915 32836 2052.250 1993 2095 32558 278 0.8466 5.960 6.000 5.960 6.240 6.240 6.240 0.280 0.240 0.280
#R 16 4098 2048 32 1 1024 1 0 512 33 64 0.000611671 0.500869 32841 2052.562 1993 2094 31107 1734 5.2800 6.000 6.000 6.000 6.240 6.240 6.240 0.240 0.240 0.240
#R 16 4098 2048 32 4 1024 1 0 512 33 64 0.000611671 0.500869 32841 2052.562 1993 2094 31107 1734 5.2800 6.000 5.960 6.000 6.280 6.240 6.240 0.280 0.280 0.240
#R 16 4098 2048 1 4 1024 1 0 16 1025 2048 0.000611671 0.500869 32841 2052.562 1993 2094 32612 229 0.6973 6.000 5.960 6.000 6.200 6.200 6.200 0.200 0.240 0.200
#R 16 4098 2048 2 4 1024 1 0 32 513 1024 0.000611671 0.500869 32841 2052.562 1993 2094 32559 282 0.8587 6.000 6.000 5.960 6.240 6.200 6.200 0.240 0.200 0.240
#R 16 8192 2048 32 1 1024 0 0 512 64 64 0.67449 0.249763 32737 2046.062 1978 2104 31341 1396 4.2643 5.960 6.000 5.960 6.280 6.240 6.240 0.320 0.240 0.280
#R 16 8192 2048 32 4 1024 0 0 512 64 64 0.67449 0.249763 32737 2046.062 1978 2104 31341 1396 4.2643 6.001 5.960 6.040 6.280 6.240 6.240 0.279 0.280 0.200
#R 16 8192 2048 1 4 1024 0 0 16 2048 2048 0.67449 0.249763 32737 2046.062 1978 2104 32506 231 0.7056 5.960 5.921 6.000 6.200 6.240 6.200 0.240 0.319 0.200
#R 16 8192 2048 2 4 1024 0 0 32 1024 1024 0.67449 0.249763 32737 2046.062 1978 2104 32438 299 0.9133 5.960 6.000 5.961 6.200 6.200 6.200 0.240 0.200 0.239
#R 16 8193 2048 32 1 1024 1 0 512 65 64 0.674586 0.249741 32738 2046.125 1979 2101 31191 1547 4.7254 6.080 6.000 5.960 6.240 6.240 6.240 0.160 0.240 0.280
#R 16 8193 2048 32 4 1024 1 0 512 65 64 0.674586 0.249741 32738 2046.125 1979 2101 31191 1547 4.7254 6.000 5.960 6.000 6.280 6.280 6.240 0.280 0.320 0.240
#R 16 8193 2048 1 4 1024 1 0 16 2049 2048 0.674586 0.249741 32738 2046.125 1979 2101 32511 227 0.6934 5.960 6.000 5.960 6.200 6.200 6.200 0.240 0.200 0.240
#R 16 8193 2048 2 4 1024 1 0 32 1025 1024 0.674586 0.249741 32738 2046.125 1979 2101 32441 297 0.9072 5.960 6.120 5.960 6.240 6.200 6.240 0.280 0.080 0.280
#R 16 8194 2048 32 1 1024 1 0 512 65 64 0.674682 0.249733 32741 2046.312 1980 2100 31195 1546 4.7219 6.040 5.960 5.960 6.280 6.240 6.240 0.240 0.280 0.280
#R 16 8194 2048 32 4 1024 1 0 512 65 64 0.674682 0.249733 32741 2046.312 1980 2100 31195 1546 4.7219 6.000 5.960 6.000 6.280 6.240 6.240 0.280 0.280 0.240
#R 16 8194 2048 1 4 1024 1 0 16 2049 2048 0.674682 0.249733 32741 2046.312 1980 2100 32513 228 0.6964 6.000 6.000 6.000 6.200 6.200 6.200 0.200 0.200 0.200
#R 16 8194 2048 2 4 1024 1 0 32 1025 1024 0.674682 0.249733 32741 2046.312 1980 2100 32444 297 0.9071 6.000 6.000 5.920 6.240 6.200 6.200 0.240 0.200 0.280
#R 16 16384 2048 32 1 1024 0 0 512 128 64 1.15035 0.125088 32791 2049.438 1934 2139 31220 1571 4.7909 6.080 5.960 5.960 6.240 6.280 6.240 0.160 0.320 0.280
#R 16 16384 2048 32 4 1024 0 0 512 128 64 1.15035 0.125088 32791 2049.438 1934 2139 31220 1571 4.7909 5.960 5.960 6.000 6.240 6.240 6.240 0.280 0.280 0.240
#R 16 16384 2048 1 4 1024 0 1 16 4096 2048 1.15035 0.125088 32791 2049.438 1934 2139 32387 404 1.2320 5.960 6.001 6.000 6.760 6.680 6.760 0.800 0.679 0.760
#R 16 16384 2048 2 4 1024 0 0 32 2048 1024 1.15035 0.125088 32791 2049.438 1934 2139 32294 497 1.5157 5.960 6.041 5.960 6.240 6.200 6.200 0.280 0.159 0.240
#R 16 16385 2048 32 1 1024 1 0 512 129 64 1.15039 0.125080 32791 2049.438 1933 2138 31085 1706 5.2026 6.000 5.960 6.000 6.240 6.240 6.240 0.240 0.280 0.240
#R 16 16385 2048 32 4 1024 1 0 512 129 64 1.15039 0.125080 32791 2049.438 1933 2138 31085 1706 5.2026 6.000 6.000 6.000 6.240 6.240 6.240 0.240 0.240 0.240
#R 16 16385 2048 1 4 1024 1 0 16 4097 2048 1.15039 0.125080 32791 2049.438 1933 2138 32383 408 1.2442 5.960 6.000 5.960 6.800 6.840 6.760 0.840 0.840 0.800
#R 16 16385 2048 2 4 1024 1 0 32 2049 1024 1.15039 0.125080 32791 2049.438 1933 2138 32293 498 1.5187 5.960 6.000 5.960 6.200 6.201 6.240 0.240 0.201 0.280
#R 16 16386 2048 32 1 1024 1 0 512 129 64 1.15042 0.125072 32791 2049.438 1933 2138 31086 1705 5.1996 5.960 5.960 5.960 6.240 6.240 6.240 0.280 0.280 0.280
#R 16 16386 2048 32 4 1024 1 0 512 129 64 1.15042 0.125072 32791 2049.438 1933 2138 31086 1705 5.1996 6.000 5.960 6.000 6.241 6.280 6.281 0.241 0.320 0.281
#R 16 16386 2048 1 4 1024 1 0 16 4097 2048 1.15042 0.125072 32791 2049.438 1933 2138 32383 408 1.2442 5.920 6.080 6.000 6.760 6.840 6.720 0.840 0.760 0.720
#R 16 16386 2048 2 4 1024 1 0 32 2049 1024 1.15042 0.125072 32791 2049.438 1933 2138 32293 498 1.5187 5.960 5.960 5.920 6.240 6.200 6.240 0.280 0.240 0.320
#R 16 32768 2048 32 1 1024 0 0 512 256 64 1.53412 0.062881 32968 2060.500 1966 2127 31326 1642 4.9806 6.000 5.920 6.000 6.240 6.240 6.280 0.240 0.320 0.280
#R 16 32768 2048 32 4 1024 0 0 512 256 64 1.53412 0.062881 32968 2060.500 1966 2127 31326 1642 4.9806 6.040 5.960 6.000 6.280 6.280 6.240 0.240 0.320 0.240
#R 16 32768 2048 1 4 1024 0 1 16 8192 2048 1.53412 0.062881 32968 2060.500 1966 2127 32559 409 1.2406 6.000 6.000 5.960 8.880 9.001 8.800 2.880 3.001 2.840
#R 16 32768 2048 2 4 1024 0 1 32 4096 1024 1.53412 0.062881 32968 2060.500 1966 2127 32449 519 1.5743 6.000 6.000 5.960 6.680 6.640 6.760 0.680 0.640 0.800
#R 16 32769 2048 32 1 1024 1 0 512 257 64 1.53414 0.062883 32970 2060.625 1966 2122 31235 1735 5.2624 6.000 6.000 6.000 6.280 6.240 6.240 0.280 0.240 0.240
#R 16 32769 2048 32 4 1024 1 0 512 257 64 1.53414 0.062883 32970 2060.625 1966 2122 31235 1735 5.2624 6.000 5.960 6.000 6.280 6.240 6.280 0.280 0.280 0.280
#R 16 32769 2048 1 4 1024 1 0 16 8193 2048 1.53414 0.062883 32970 2060.625 1966 2122 32561 409 1.2405 5.960 5.960 5.960 9.200 9.240 9.240 3.240 3.280 3.280
#R 16 32769 2048 2 4 1024 1 0 32 4097 1024 1.53414 0.062883 32970 2060.625 1966 2122 32448 522 1.5833 5.961 6.000 5.960 6.760 6.720 6.881 0.799 0.720 0.921
#R 16 32770 2048 32 1 1024 1 0 512 257 64 1.53415 0.062883 32971 2060.688 1966 2121 31237 1734 5.2592 6.000 5.960 6.000 6.240 6.240 6.280 0.240 0.280 0.280
#R 16 32770 2048 32 4 1024 1 0 512 257 64 1.53415 0.062883 32971 2060.688 1966 2121 31237 1734 5.2592 6.040 5.960 6.000 6.280 6.280 6.280 0.240 0.320 0.280
#R 16 32770 2048 1 4 1024 1 0 16 8193 2048 1.53415 0.062883 32971 2060.688 1966 2121 32561 410 1.2435 6.000 6.040 5.960 9.200 9.160 9.160 3.200 3.120 3.200
#R 16 32770 2048 2 4 1024 1 0 32 4097 1024 1.53415 0.062883 32971 2060.688 1966 2121 32447 524 1.5893 5.960 6.000 5.960 6.800 6.760 6.800 0.840 0.760 0.840
#R 16 65536 2048 32 1 1024 0 0 512 512 64 1.86273 0.031370 32894 2055.875 1986 2106 31188 1706 5.1864 6.000 5.960 6.000 6.280 6.240 6.280 0.280 0.280 0.280
#R 16 65536 2048 32 4 1024 0 0 512 512 64 1.86273 0.031370 32894 2055.875 1986 2106 31188 1706 5.1864 6.000 5.960 6.000 6.280 6.240 6.280 0.280 0.280 0.280
#R 16 65536 2048 1 4 1024 0 1 16 16384 2048 1.86273 0.031370 32894 2055.875 1986 2106 32565 329 1.0002 6.200 6.200 6.080 12.720 12.760 12.520 6.520 6.560 6.440
#R 16 65536 2048 2 4 1024 0 1 32 8192 1024 1.86273 0.031370 32894 2055.875 1986 2106 32493 401 1.2191 6.000 6.000 5.960 9.480 9.440 9.440 3.480 3.440 3.480
#R 16 65537 2048 32 1 1024 1 0 512 513 64 1.86274 0.031376 32901 2056.312 1987 2105 31159 1742 5.2947 6.040 5.960 6.040 6.240 6.240 6.240 0.200 0.280 0.200
#R 16 65537 2048 32 4 1024 1 0 512 513 64 1.86274 0.031376 32901 2056.312 1987 2105 31159 1742 5.2947 6.000 6.000 6.000 6.280 6.240 6.240 0.280 0.240 0.240
#R 16 65537 2048 1 4 1024 1 0 16 16385 2048 1.86274 0.031376 32901 2056.312 1987 2105 32570 331 1.0060 7.120 6.880 6.920 13.720 13.600 13.600 6.600 6.720 6.680
#R 16 65537 2048 2 4 1024 1 0 32 8193 1024 1.86274 0.031376 32901 2056.312 1987 2105 32499 402 1.2218 6.120 6.080 6.040 9.800 9.720 9.760 3.680 3.640 3.720
#R 16 65538 2048 32 1 1024 1 0 512 513 64 1.86275 0.031377 32902 2056.375 1987 2105 31160 1742 5.2945 6.040 5.960 6.000 6.240 6.240 6.240 0.200 0.280 0.240
#R 16 65538 2048 32 4 1024 1 0 512 513 64 1.86275 0.031377 32902 2056.375 1987 2105 31160 1742 5.2945 6.000 6.000 6.040 6.240 6.240 6.280 0.240 0.240 0.240
#R 16 65538 2048 1 4 1024 1 0 16 16385 2048 1.86275 0.031377 32902 2056.375 1987 2105 32571 331 1.0060 7.360 6.800 6.640 13.960 13.440 13.160 6.600 6.640 6.520
#R 16 65538 2048 2 4 1024 1 0 32 8193 1024 1.86275 0.031377 32902 2056.375 1987 2105 32500 402 1.2218 6.040 6.080 6.080 9.800 9.760 9.680 3.760 3.680 3.600
#R 16 131072 2048 32 1 1024 0 1 512 1024 64 2.15387 0.015634 32787 2049.188 1957 2132 31111 1676 5.1118 6.000 5.960 6.040 6.280 6.240 6.240 0.280 0.280 0.200
#R 16 131072 2048 32 4 1024 0 0 512 1024 64 2.15387 0.015634 32787 2049.188 1957 2132 31111 1676 5.1118 6.040 6.000 6.000 6.280 6.281 6.240 0.240 0.281 0.240
#R 16 131072 2048 1 4 1024 0 1 16 32768 2048 2.15387 0.015634 32787 2049.188 1957 2132 32466 321 0.9790 11.921 12.000 11.880 23.240 23.440 23.440 11.319 11.440 11.560
#R 16 131072 2048 2 4 1024 0 1 32 16384 1024 2.15387 0.015634 32787 2049.188 1957 2132 32383 404 1.2322 7.760 7.440 7.320 13.400 13.161 13.040 5.640 5.721 5.720
#R 16 131073 2048 32 1 1024 1 0 512 1025 64 2.15388 0.015634 32787 2049.188 1956 2130 31131 1656 5.0508 6.041 5.960 6.040 6.200 6.240 6.280 0.159 0.280 0.240
#R 16 131073 2048 32 4 1024 1 0 512 1025 64 2.15388 0.015634 32787 2049.188 1956 2130 31131 1656 5.0508 5.960 6.040 6.040 6.280 6.280 6.240 0.320 0.240 0.200
#R 16 131073 2048 1 4 1024 1 0 16 32769 2048 2.15388 0.015634 32787 2049.188 1956 2130 32467 320 0.9760 13.041 13.280 13.200 24.240 24.360 24.160 11.199 11.080 10.960
#R 16 131073 2048 2 4 1024 1 0 32 16385 1024 2.15388 0.015634 32787 2049.188 1956 2130 32385 402 1.2261 8.360 8.280 8.000 14.320 14.160 13.961 5.960 5.880 5.961
#R 16 131074 2048 32 1 1024 1 0 512 1025 64 2.15388 0.015634 32787 2049.188 1956 2130 31131 1656 5.0508 6.040 5.960 6.040 6.240 6.240 6.280 0.200 0.280 0.240
#R 16 131074 2048 32 4 1024 1 0 512 1025 64 2.15388 0.015634 32787 2049.188 1956 2130 31131 1656 5.0508 5.960 6.000 6.000 6.240 6.240 6.280 0.280 0.240 0.280
#R 16 131074 2048 1 4 1024 1 0 16 32769 2048 2.15388 0.015634 32787 2049.188 1956 2130 32467 320 0.9760 13.120 13.280 13.280 24.320 24.360 24.480 11.200 11.080 11.200
#R 16 131074 2048 2 4 1024 1 0 32 16385 1024 2.15388 0.015634 32787 2049.188 1956 2130 32385 402 1.2261 8.360 8.160 8.080 14.320 13.961 13.920 5.960 5.801 5.840
#R 16 262144 2048 32 1 1024 0 1 512 2048 64 2.41756 0.007847 32911 2056.938 2002 2122 31160 1751 5.3204 6.040 6.040 6.000 6.760 6.760 6.760 0.720 0.720 0.760
#R 16 262144 2048 32 4 1024 0 0 512 2048 64 2.41756 0.007847 32911 2056.938 2002 2122 31160 1751 5.3204 6.000 6.040 6.000 6.720 6.760 6.600 0.720 0.720 0.600
#R 16 262144 2048 1 4 1024 0 1 16 65536 2048 2.41756 0.007847 32911 2056.938 2002 2122 32566 345 1.0483 20.800 20.280 20.361 36.120 35.880 35.680 15.320 15.600 15.319
#R 16 262144 2048 2 4 1024 0 1 32 32768 1024 2.41756 0.007847 32911 2056.938 2002 2122 32423 488 1.4828 12.680 12.640 12.760 20.920 21.040 21.000 8.240 8.400 8.240
#R 16 262145 2048 32 1 1024 1 0 512 2049 64 2.41756 0.007846 32909 2056.812 2001 2122 31152 1757 5.3390 6.040 5.960 6.000 7.040 6.880 6.920 1.000 0.920 0.920
#R 16 262145 2048 32 4 1024 1 0 512 2049 64 2.41756 0.007846 32909 2056.812 2001 2122 31152 1757 5.3390 6.000 6.000 5.960 7.000 7.000 7.080 1.000 1.000 1.120
#R 16 262145 2048 1 4 1024 1 0 16 65537 2048 2.41756 0.007846 32909 2056.812 2001 2122 32564 345 1.0483 23.040 22.800 22.760 38.240 37.800 37.840 15.200 15.000 15.080
#R 16 262145 2048 2 4 1024 1 0 32 32769 1024 2.41756 0.007846 32909 2056.812 2001 2122 32420 489 1.4859 13.880 13.840 14.000 22.160 22.201 22.120 8.280 8.361 8.120
#R 16 262146 2048 32 1 1024 1 0 512 2049 64 2.41756 0.007846 32910 2056.875 2002 2122 31153 1757 5.3388 6.040 5.960 6.000 6.960 6.880 6.880 0.920 0.920 0.880
#R 16 262146 2048 32 4 1024 1 0 512 2049 64 2.41756 0.007846 32910 2056.875 2002 2122 31153 1757 5.3388 6.000 6.040 5.960 7.040 6.920 6.920 1.040 0.880 0.960
#R 16 262146 2048 1 4 1024 1 0 16 65537 2048 2.41756 0.007846 32910 2056.875 2002 2122 32565 345 1.0483 22.880 22.560 22.640 38.000 37.680 37.760 15.120 15.120 15.120
#R 16 262146 2048 2 4 1024 1 0 32 32769 1024 2.41756 0.007846 32910 2056.875 2002 2122 32421 489 1.4859 13.960 13.960 13.840 22.200 22.200 22.120 8.240 8.240 8.280
#R 16 524288 2048 32 1 1024 0 1 512 4096 64 2.66007 0.003915 32840 2052.500 1989 2106 31147 1693 5.1553 7.960 7.920 7.800 8.880 8.840 8.760 0.920 0.920 0.960
#R 16 524288 2048 32 4 1024 0 1 512 4096 64 2.66007 0.003915 32840 2052.500 1989 2106 31147 1693 5.1553 7.240 7.200 7.120 8.600 8.600 8.480 1.360 1.400 1.360
#R 16 524288 2048 1 4 1024 0 1 16 131072 2048 2.66007 0.003915 32840 2052.500 1989 2106 32574 266 0.8100 37.520 36.120 35.960 56.921 56.080 55.760 19.401 19.960 19.800
#R 16 524288 2048 2 4 1024 0 1 32 65536 1024 2.66007 0.003915 32840 2052.500 1989 2106 32459 381 1.1602 20.800 20.880 21.080 31.280 31.240 31.361 10.480 10.360 10.281
#R 16 524289 2048 32 1 1024 1 0 512 4097 64 2.66007 0.003915 32840 2052.500 1989 2106 31147 1693 5.1553 7.120 7.080 7.160 8.560 8.520 8.480 1.440 1.440 1.320
#R 16 524289 2048 32 4 1024 1 0 512 4097 64 2.66007 0.003915 32840 2052.500 1989 2106 31147 1693 5.1553 8.080 8.121 8.160 10.360 10.320 10.360 2.280 2.199 2.200
#R 16 524289 2048 1 4 1024 1 0 16 131073 2048 2.66007 0.003915 32840 2052.500 1989 2106 32574 266 0.8100 42.160 41.321 41.320 60.681 59.920 60.080 18.521 18.599 18.760
#R 16 524289 2048 2 4 1024 1 0 32 65537 1024 2.66007 0.003915 32840 2052.500 1989 2106 32460 380 1.1571 23.680 23.440 23.480 33.840 33.680 33.520 10.160 10.240 10.040
#R 16 524290 2048 32 1 1024 1 0 512 4097 64 2.66007 0.003915 32840 2052.500 1989 2106 31147 1693 5.1553 7.120 7.080 7.160 8.521 8.560 8.480 1.401 1.480 1.320
#R 16 524290 2048 32 4 1024 1 0 512 4097 64 2.66007 0.003915 32840 2052.500 1989 2106 31147 1693 5.1553 7.960 8.040 7.920 10.280 10.320 10.400 2.320 2.280 2.480
#R 16 524290 2048 1 4 1024 1 0 16 131073 2048 2.66007 0.003915 32840 2052.500 1989 2106 32574 266 0.8100 42.400 41.320 41.321 60.600 60.160 60.001 18.200 18.840 18.680
#R 16 524290 2048 2 4 1024 1 0 32 65537 1024 2.66007 0.003915 32840 2052.500 1989 2106 32460 380 1.1571 23.480 23.441 23.720 33.680 33.440 33.920 10.200 9.999 10.200
#R 16 1048576 2048 32 1 1024 0 1 512 8192 64 2.88563 0.001962 32924 2057.750 1959 2148 31141 1783 5.4155 13.200 13.280 13.201 14.080 14.080 14.160 0.880 0.800 0.959
#R 16 1048576 2048 32 4 1024 0 1 512 8192 64 2.88563 0.001962 32924 2057.750 1959 2148 31141 1783 5.4155 12.320 12.400 12.280 13.680 13.521 13.600 1.360 1.121 1.320
#R 16 1048576 2048 1 4 1024 0 1 16 262144 2048 2.88563 0.001962 32924 2057.750 1959 2148 32522 402 1.2210 69.600 68.481 68.640 92.520 91.800 92.161 22.920 23.319 23.521
#R 16 1048576 2048 2 4 1024 0 1 32 131072 1024 2.88563 0.001962 32924 2057.750 1959 2148 32449 475 1.4427 37.640 37.440 37.761 49.880 49.721 49.920 12.240 12.281 12.159
#R 16 1048577 2048 32 1 1024 1 0 512 8193 64 2.88564 0.001962 32924 2057.750 1959 2148 31134 1790 5.4368 13.080 13.040 13.040 13.960 14.040 14.081 0.880 1.000 1.041
#R 16 1048577 2048 32 4 1024 1 0 512 8193 64 2.88564 0.001962 32924 2057.750 1959 2148 31134 1790 5.4368 12.760 12.720 12.560 14.320 14.480 14.320 1.560 1.760 1.760
#R 16 1048577 2048 1 4 1024 1 0 16 262145 2048 2.88564 0.001962 32924 2057.750 1959 2148 32522 402 1.2210 80.720 79.800 79.920 101.880 101.321 101.361 21.160 21.521 21.441
#R 16 1048577 2048 2 4 1024 1 0 32 131073 1024 2.88564 0.001962 32924 2057.750 1959 2148 32449 475 1.4427 43.280 43.201 43.080 54.640 54.760 54.440 11.360 11.559 11.360
#R 16 1048578 2048 32 1 1024 1 0 512 8193 64 2.88564 0.001962 32923 2057.688 1959 2148 31134 1789 5.4339 13.080 13.080 13.040 14.200 14.200 14.120 1.120 1.120 1.080
#R 16 1048578 2048 32 4 1024 1 0 512 8193 64 2.88564 0.001962 32923 2057.688 1959 2148 31134 1789 5.4339 12.720 12.760 12.640 14.400 14.240 14.320 1.680 1.480 1.680
#R 16 1048578 2048 1 4 1024 1 0 16 262145 2048 2.88564 0.001962 32923 2057.688 1959 2148 32521 402 1.2210 80.640 79.360 80.401 101.681 100.841 101.721 21.041 21.481 21.320
#R 16 1048578 2048 2 4 1024 1 0 32 131073 1024 2.88564 0.001962 32923 2057.688 1959 2148 32448 475 1.4428 43.080 42.920 43.161 54.480 54.600 54.720 11.400 11.680 11.559
#R 32 2048 2048 16 1 256 0 0 512 32 128 -inf 1.000000 65536 2048.000 2048 2048 65536 0 0.0000 6.000 6.000 6.000 6.240 6.280 6.240 0.240 0.280 0.240
#R 32 2048 2048 16 4 256 0 0 512 32 128 -inf 1.000000 65536 2048.000 2048 2048 65536 0 0.0000 6.000 5.960 5.960 6.240 6.240 6.280 0.240 0.280 0.320
#R 32 2048 2048 1 4 256 0 0 32 512 2048 -inf 1.000000 65536 2048.000 2048 2048 65536 0 0.0000 6.000 5.960 5.960 6.240 6.240 6.200 0.240 0.280 0.240
#R 32 2048 2048 2 4 256 0 0 64 256 1024 -inf 1.000000 65536 2048.000 2048 2048 65536 0 0.0000 6.040 6.000 6.000 6.160 6.240 6.201 0.120 0.240 0.201
#R 32 2048 2048 32 4 256 0 0 1024 16 64 -inf 1.000000 65536 2048.000 2048 2048 65536 0 0.0000 5.960 5.960 5.960 6.240 6.280 6.240 0.280 0.320 0.280
#R 32 2049 2048 16 1 256 1 0 512 33 128 -3.29733 0.999497 65535 2047.969 2046 2049 63647 1888 2.8809 5.960 6.000 5.920 6.280 6.280 6.240 0.320 0.280 0.320
#R 32 2049 2048 16 4 256 1 0 512 33 128 -3.29733 0.999497 65535 2047.969 2046 2049 63647 1888 2.8809 6.040 6.000 6.000 6.280 6.240 6.240 0.240 0.240 0.240
#R 32 2049 2048 1 4 256 1 0 32 513 2048 -3.29733 0.999497 65535 2047.969 2046 2049 65525 10 0.0153 6.000 5.960 6.000 6.240 6.240 6.200 0.240 0.280 0.200
#R 32 2049 2048 2 4 256 1 0 64 257 1024 -3.29733 0.999497 65535 2047.969 2046 2049 65422 113 0.1724 5.960 6.000 5.960 6.200 6.200 6.200 0.240 0.200 0.240
#R 32 2049 2048 32 4 256 1 0 1024 17 64 -3.29733 0.999497 65535 2047.969 2046 2049 61728 3807 5.8091 5.961 6.000 5.920 6.240 6.240 6.240 0.279 0.240 0.320
#R 32 2050 2048 16 1 256 1 0 512 33 128 -3.09756 0.998933 65530 2047.812 2044 2050 63679 1851 2.8247 6.040 5.960 6.040 6.280 6.240 6.240 0.240 0.280 0.200
#R 32 2050 2048 16 4 256 1 0 512 33 128 -3.09756 0.998933 65530 2047.812 2044 2050 63679 1851 2.8247 6.080 5.960 6.000 6.240 6.240 6.240 0.160 0.280 0.240
#R 32 2050 2048 1 4 256 1 0 32 513 2048 -3.09756 0.998933 65530 2047.812 2044 2050 65515 15 0.0229 6.000 6.080 5.960 6.200 6.200 6.200 0.200 0.120 0.240
#R 32 2050 2048 2 4 256 1 0 64 257 1024 -3.09756 0.998933 65530 2047.812 2044 2050 65435 95 0.1450 5.960 6.000 6.000 6.200 6.200 6.240 0.240 0.200 0.240
#R 32 2050 2048 32 4 256 1 0 1024 17 64 -3.09756 0.998933 65530 2047.812 2044 2050 61760 3770 5.7531 6.000 6.000 6.000 6.240 6.240 6.240 0.240 0.240 0.240
#R 32 4096 2048 16 1 256 0 0 512 64 128 -1.39146e-16 0.501045 65673 2052.281 1994 2099 63922 1751 2.6662 6.000 5.921 6.040 6.280 6.280 6.240 0.280 0.359 0.200
#R 32 4096 2048 16 4 256 0 0 512 64 128 -1.39146e-16 0.501045 65673 2052.281 1994 2099 63922 1751 2.6662 5.961 6.080 5.960 6.240 6.241 6.280 0.279 0.161 0.320
#R 32 4096 2048 1 4 256 0 1 32 1024 2048 -1.39146e-16 0.501045 65673 2052.281 1994 2099 65242 431 0.6563 5.960 6.000 5.960 6.200 6.240 6.240 0.240 0.240 0.280
#R 32 4096 2048 2 4 256 0 0 64 512 1024 -1.39146e-16 0.501045 65673 2052.281 1994 2099 65097 576 0.8771 6.040 6.000 6.080 6.200 6.200 6.200 0.160 0.200 0.120
#R 32 4096 2048 32 4 256 0 0 1024 32 64 -1.39146e-16 0.501045 65673 2052.281 1994 2099 63207 2466 3.7550 5.960 5.960 5.960 6.280 6.240 6.240 0.320 0.280 0.280
#R 32 4097 2048 16 1 1024 1 0 512 65 128 0.00030591 0.500923 65673 2052.281 1993 2096 63524 2149 3.2723 6.000 6.040 6.000 6.240 6.240 6.240 0.240 0.200 0.240
#R 32 4097 2048 16 4 1024 1 0 512 65 128 0.00030591 0.500923 65673 2052.281 1993 2096 63524 2149 3.2723 6.000 6.000 5.960 6.280 6.280 6.240 0.280 0.280 0.280
#R 32 4097 2048 1 4 1024 1 0 32 1025 2048 0.00030591 0.500923 65673 2052.281 1993 2096 65227 446 0.6791 5.960 6.000 6.040 6.240 6.200 6.200 0.280 0.200 0.160
#R 32 4097 2048 2 4 1024 1 0 64 513 1024 0.00030591 0.500923 65673 2052.281 1993 2096 65078 595 0.9060 5.960 5.960 6.040 6.200 6.200 6.200 0.240 0.240 0.160
#R 32 4097 2048 32 4 1024 1 0 1024 33 64 0.00030591 0.500923 65673 2052.281 1993 2096 62171 3502 5.3325 5.920 6.000 5.960 6.400 6.320 6.360 0.480 0.320 0.400
#R 32 4098 2048 16 1 1024 1 0 512 65 128 0.000611671 0.500763 65668 2052.125 1993 2096 63530 2138 3.2558 6.040 6.080 5.960 6.240 6.280 6.240 0.200 0.200 0.280
#R 32 4098 2048 16 4 1024 1 0 512 65 128 0.000611671 0.500763 65668 2052.125 1993 2096 63530 2138 3.2558 5.960 6.000 6.000 6.280 6.240 6.280 0.320 0.240 0.280
#R 32 4098 2048 1 4 1024 1 0 32 1025 2048 0.000611671 0.500763 65668 2052.125 1993 2096 65225 443 0.6746 5.961 5.960 6.080 6.200 6.200 6.200 0.239 0.240 0.120
#R 32 4098 2048 2 4 1024 1 0 64 513 1024 0.000611671 0.500763 65668 2052.125 1993 2096 65073 595 0.9061 6.000 6.000 5.960 6.240 6.200 6.200 0.240 0.200 0.240
#R 32 4098 2048 32 4 1024 1 0 1024 33 64 0.000611671 0.500763 65668 2052.125 1993 2096 62175 3493 5.3192 6.000 6.000 5.960 6.320 6.280 6.280 0.320 0.280 0.320
#R 32 8192 2048 16 1 1024 0 0 512 128 128 0.67449 0.249496 65404 2043.875 1954 2104 63442 1962 2.9998 6.040 5.920 6.000 6.280 6.240 6.240 0.240 0.320 0.240
#R 32 8192 2048 16 4 1024 0 0 512 128 128 0.67449 0.249496 65404 2043.875 1954 2104 63442 1962 2.9998 6.000 6.000 6.040 6.240 6.240 6.280 0.240 0.240 0.240
#R 32 8192 2048 1 4 1024 0 0 32 2048 2048 0.67449 0.249496 65404 2043.875 1954 2104 65006 398 0.6085 5.960 6.040 6.000 6.200 6.240 6.200 0.240 0.200 0.200
#R 32 8192 2048 2 4 1024 0 0 64 1024 1024 0.67449 0.249496 65404 2043.875 1954 2104 64809 595 0.9097 6.000 5.960 5.960 6.200 6.200 6.200 0.200 0.240 0.240
#R 32 8192 2048 32 4 1024 0 0 1024 64 64 0.67449 0.249496 65404 2043.875 1954 2104 62609 2795 4.2734 6.080 5.960 6.000 6.320 6.240 6.280 0.240 0.280 0.280
#R 32 8193 2048 16 1 1024 1 0 512 129 128 0.674586 0.249439 65397 2043.656 1952 2101 63311 2086 3.1897 5.960 6.040 6.040 6.280 6.280 6.240 0.320 0.240 0.200
#R 32 8193 2048 16 4 1024 1 0 512 129 128 0.674586 0.249439 65397 2043.656 1952 2101 63311 2086 3.1897 6.000 6.040 5.960 6.240 6.240 6.240 0.240 0.200 0.280
#R 32 8193 2048 1 4 1024 1 0 32 2049 2048 0.674586 0.249439 65397 2043.656 1952 2101 65009 388 0.5933 6.000 5.960 5.920 6.200 6.200 6.200 0.200 0.240 0.280
#R 32 8193 2048 2 4 1024 1 0 64 1025 1024 0.674586 0.249439 65397 2043.656 1952 2101 64829 568 0.8685 6.000 6.000 6.000 6.240 6.200 6.240 0.240 0.200 0.240
#R 32 8193 2048 32 4 1024 1 0 1024 65 64 0.674586 0.249439 65397 2043.656 1952 2101 62204 3193 4.8825 5.960 5.960 6.000 6.561 6.480 6.520 0.601 0.520 0.520
#R 32 8194 2048 16 1 1024 1 0 512 129 128 0.674682 0.249416 65399 2043.719 1952 2100 63315 2084 3.1866 6.000 5.960 5.960 6.280 6.280 6.280 0.280 0.320 0.320
#R 32 8194 2048 16 4 1024 1 0 512 129 128 0.674682 0.249416 65399 2043.719 1952 2100 63315 2084 3.1866 6.040 5.960 5.960 6.280 6.240 6.280 0.240 0.280 0.320
#R 32 8194 2048 1 4 1024 1 0 32 2049 2048 0.674682 0.249416 65399 2043.719 1952 2100 65009 390 0.5963 6.040 5.960 5.960 6.200 6.240 6.200 0.160 0.280 0.240
#R 32 8194 2048 2 4 1024 1 0 64 1025 1024 0.674682 0.249416 65399 2043.719 1952 2100 64829 570 0.8716 6.000 6.040 5.961 6.200 6.200 6.200 0.200 0.160 0.239
#R 32 8194 2048 32 4 1024 1 0 1024 65 64 0.674682 0.249416 65399 2043.719 1952 2100 62209 3190 4.8778 6.000 6.040 6.000 6.480 6.440 6.400 0.480 0.400 0.400
#R 32 16384 2048 16 1 1024 0 0 512 256 128 1.15035 0.125576 65838 2057.438 1934 2171 63435 2403 3.6499 6.000 5.960 5.960 6.240 6.240 6.280 0.240 0.280 0.320
#R 32 16384 2048 16 4 1024 0 0 512 256 128 1.15035 0.125576 65838 2057.438 1934 2171 63435 2403 3.6499 6.040 5.960 6.000 6.240 6.240 6.280 0.200 0.280 0.280
#R 32 16384 2048 1 4 1024 0 1 32 4096 2048 1.15035 0.125576 65838 2057.438 1934 2171 64960 878 1.3336 5.960 6.000 5.960 6.920 6.800 6.640 0.960 0.800 0.680
#R 32 16384 2048 2 4 1024 0 0 64 2048 1024 1.15035 0.125576 65838 2057.438 1934 2171 64724 1114 1.6920 6.000 6.040 5.960 6.201 6.200 6.240 0.201 0.160 0.280
#R 32 16384 2048 32 4 1024 0 0 1024 128 64 1.15035 0.125576 65838 2057.438 1934 2171 62502 3336 5.0670 6.040 5.960 6.040 6.280 6.240 6.280 0.240 0.280 0.240
#R 32 16385 2048 16 1 1024 1 0 512 257 128 1.15039 0.125565 65836 2057.375 1933 2173 63345 2491 3.7836 6.000 5.960 6.040 6.280 6.240 6.280 0.280 0.280 0.240
#R 32 16385 2048 16 4 1024 1 0 512 257 128 1.15039 0.125565 65836 2057.375 1933 2173 63345 2491 3.7836 6.000 6.040 5.960 6.240 6.240 6.240 0.240 0.200 0.280
#R 32 16385 2048 1 4 1024 1 0 32 4097 2048 1.15039 0.125565 65836 2057.375 1933 2173 64962 874 1.3275 6.000 6.040 5.960 6.880 6.880 6.960 0.880 0.840 1.000
#R 32 16385 2048 2 4 1024 1 0 64 2049 1024 1.15039 0.125565 65836 2057.375 1933 2173 64712 1124 1.7073 5.960 6.000 6.000 6.240 6.240 6.200 0.280 0.240 0.200
#R 32 16385 2048 32 4 1024 1 0 1024 129 64 1.15039 0.125565 65836 2057.375 1933 2173 62344 3492 5.3041 6.040 6.000 6.040 6.560 6.480 6.520 0.520 0.480 0.480
#R 32 16386 2048 16 1 1024 1 0 512 257 128 1.15042 0.125555 65835 2057.344 1933 2173 63347 2488 3.7791 5.960 6.040 5.920 6.240 6.280 6.280 0.280 0.240 0.360
#R 32 16386 2048 16 4 1024 1 0 512 257 128 1.15042 0.125555 65835 2057.344 1933 2173 63347 2488 3.7791 5.960 6.000 6.000 6.280 6.280 6.240 0.320 0.280 0.240
#R 32 16386 2048 1 4 1024 1 0 32 4097 2048 1.15042 0.125555 65835 2057.344 1933 2173 64962 873 1.3260 6.040 5.960 6.040 6.880 6.880 6.920 0.840 0.920 0.880
#R 32 16386 2048 2 4 1024 1 0 64 2049 1024 1.15042 0.125555 65835 2057.344 1933 2173 64712 1123 1.7058 5.960 5.920 6.000 6.240 6.200 6.200 0.280 0.280 0.200
#R 32 16386 2048 32 4 1024 1 0 1024 129 64 1.15042 0.125555 65835 2057.344 1933 2173 62344 3491 5.3027 5.960 6.040 5.960 6.520 6.560 6.440 0.560 0.520 0.480
#R 32 32768 2048 16 1 1024 0 0 512 512 128 1.53412 0.062604 65645 2051.406 1966 2127 63264 2381 3.6271 6.040 6.000 5.960 6.280 6.240 6.240 0.240 0.240 0.280
#R 32 32768 2048 16 4 1024 0 0 512 512 128 1.53412 0.062604 65645 2051.406 1966 2127 63264 2381 3.6271 6.000 6.000 6.000 6.240 6.240 6.240 0.240 0.240 0.240
#R 32 32768 2048 1 4 1024 0 1 32 8192 2048 1.53412 0.062604 65645 2051.406 1966 2127 65021 624 0.9506 5.960 5.960 6.040 9.720 9.640 9.680 3.760 3.680 3.640
#R 32 32768 2048 2 4 1024 0 1 64 4096 1024 1.53412 0.062604 65645 2051.406 1966 2127 64792 853 1.2994 6.000 6.000 6.000 7.200 7.160 7.080 1.200 1.160 1.080
#R 32 32768 2048 32 4 1024 0 0 1024 256 64 1.53412 0.062604 65645 2051.406 1966 2127 62440 3205 4.8823 6.000 6.080 5.960 6.280 6.320 6.320 0.280 0.240 0.360
#R 32 32769 2048 16 1 1024 1 0 512 513 128 1.53414 0.062607 65650 2051.562 1966 2122 63258 2392 3.6436 6.040 5.960 6.000 6.280 6.240 6.240 0.240 0.280 0.240
#R 32 32769 2048 16 4 1024 1 0 512 513 128 1.53414 0.062607 65650 2051.562 1966 2122 63258 2392 3.6436 6.000 5.960 6.000 6.280 6.241 6.241 0.280 0.281 0.241
#R 32 32769 2048 1 4 1024 1 0 32 8193 2048 1.53414 0.062607 65650 2051.562 1966 2122 65015 635 0.9673 6.360 6.120 6.080 10.041 10.080 9.920 3.681 3.960 3.840
#R 32 32769 2048 2 4 1024 1 0 64 4097 1024 1.53414 0.062607 65650 2051.562 1966 2122 64779 871 1.3267 6.041 5.960 6.000 7.400 7.320 7.400 1.359 1.360 1.400
#R 32 32769 2048 32 4 1024 1 0 1024 257 64 1.53414 0.062607 65650 2051.562 1966 2122 62369 3281 4.9977 6.040 5.960 6.000 6.840 6.760 6.760 0.800 0.800 0.760
#R 32 32770 2048 16 1 1024 1 0 512 513 128 1.53415 0.062609 65654 2051.688 1966 2123 63261 2393 3.6449 6.040 5.960 6.000 6.280 6.240 6.280 0.240 0.280 0.280
#R 32 32770 2048 16 4 1024 1 0 512 513 128 1.53415 0.062609 65654 2051.688 1966 2123 63261 2393 3.6449 6.000 6.040 5.960 6.280 6.280 6.280 0.280 0.240 0.320
#R 32 32770 2048 1 4 1024 1 0 32 8193 2048 1.53415 0.062609 65654 2051.688 1966 2123 65015 639 0.9733 6.120 6.080 6.120 10.041 9.960 9.921 3.921 3.880 3.801
#R 32 32770 2048 2 4 1024 1 0 64 4097 1024 1.53415 0.062609 65654 2051.688 1966 2123 64778 876 1.3343 5.960 5.960 6.000 7.360 7.320 7.320 1.400 1.360 1.320
#R 32 32770 2048 32 4 1024 1 0 1024 257 64 1.53415 0.062609 65654 2051.688 1966 2123 62374 3280 4.9959 6.000 5.960 6.000 6.680 6.720 6.640 0.680 0.760 0.640
#R 32 65536 2048 16 1 1024 0 1 512 1024 128 1.86273 0.031241 65518 2047.438 1967 2115 63073 2445 3.7318 5.960 6.040 5.960 6.280 6.241 6.280 0.320 0.201 0.320
#R 32 65536 2048 16 4 1024 0 0 512 1024 128 1.86273 0.031241 65518 2047.438 1967 2115 63073 2445 3.7318 6.000 6.040 5.960 6.240 6.240 6.240 0.240 0.200 0.280
#R 32 65536 2048 1 4 1024 0 1 32 16384 2048 1.86273 0.031241 65518 2047.438 1967 2115 64990 528 0.8059 7.680 7.241 7.320 14.520 14.280 14.280 6.840 7.039 6.960
#R 32 65536 2048 2 4 1024 0 1 64 8192 1024 1.86273 0.031241 65518 2047.438 1967 2115 64757 761 1.1615 6.080 6.080 6.120 9.840 9.840 9.760 3.760 3.760 3.640
#R 32 65536 2048 32 4 1024 0 0 1024 512 64 1.86273 0.031241 65518 2047.438 1967 2115 62233 3285 5.0139 6.000 6.040 5.960 6.960 6.960 6.920 0.960 0.920 0.960
#R 32 65537 2048 16 1 1024 1 0 512 1025 128 1.86274 0.031242 65521 2047.531 1966 2112 63102 2419 3.6919 6.040 6.040 6.000 6.200 6.280 6.240 0.160 0.240 0.240
#R 32 65537 2048 16 4 1024 1 0 512 1025 128 1.86274 0.031242 65521 2047.531 1966 2112 63102 2419 3.6919 6.040 6.000 6.040 6.240 6.240 6.240 0.200 0.240 0.200
#R 32 65537 2048 1 4 1024 1 0 32 16385 2048 1.86274 0.031242 65521 2047.531 1966 2112 64990 531 0.8104 8.440 8.240 8.360 15.400 15.160 15.000 6.960 6.920 6.640
#R 32 65537 2048 2 4 1024 1 0 64 8193 1024 1.86274 0.031242 65521 2047.531 1966 2112 64766 755 1.1523 6.480 6.400 6.600 10.120 10.120 10.080 3.640 3.720 3.480
#R 32 65537 2048 32 4 1024 1 0 1024 513 64 1.86274 0.031242 65521 2047.531 1966 2112 62166 3355 5.1205 6.000 5.960 6.001 7.160 7.120 7.120 1.160 1.160 1.119
#R 32 65538 2048 16 1 1024 1 0 512 1025 128 1.86275 0.031242 65522 2047.562 1966 2112 63103 2419 3.6919 6.040 5.960 6.000 6.200 6.240 6.280 0.160 0.280 0.280
#R 32 65538 2048 16 4 1024 1 0 512 1025 128 1.86275 0.031242 65522 2047.562 1966 2112 63103 2419 3.6919 5.960 6.000 5.960 6.280 6.240 6.240 0.320 0.240 0.280
#R 32 65538 2048 1 4 1024 1 0 32 16385 2048 1.86275 0.031242 65522 2047.562 1966 2112 64991 531 0.8104 8.440 8.400 8.320 15.360 15.240 15.240 6.920 6.840 6.920
#R 32 65538 2048 2 4 1024 1 0 64 8193 1024 1.86275 0.031242 65522 2047.562 1966 2112 64767 755 1.1523 6.640 6.480 6.520 10.160 10.160 10.080 3.520 3.680 3.560
#R 32 65538 2048 32 4 1024 1 0 1024 513 64 1.86275 0.031242 65522 2047.562 1966 2112 62167 3355 5.1204 6.040 5.960 6.040 7.200 7.160 7.120 1.160 1.200 1.080
#R 32 131072 2048 16 1 1024 0 1 512 2048 128 2.15387 0.015661 65685 2052.656 1954 2132 63293 2392 3.6416 5.960 6.040 6.000 6.840 6.800 6.800 0.880 0.760 0.800
#R 32 131072 2048 16 4 1024 0 0 512 2048 128 2.15387 0.015661 65685 2052.656 1954 2132 63293 2392 3.6416 5.960 6.000 5.960 6.800 6.800 6.800 0.840 0.800 0.840
#R 32 131072 2048 1 4 1024 0 1 32 32768 2048 2.15387 0.015661 65685 2052.656 1954 2132 64983 702 1.0687 12.640 12.600 12.560 23.920 24.000 23.840 11.280 11.400 11.280
#R 32 131072 2048 2 4 1024 0 1 64 16384 1024 2.15387 0.015661 65685 2052.656 1954 2132 64805 880 1.3397 8.400 8.280 8.320 14.280 14.361 14.400 5.880 6.081 6.080
#R 32 131072 2048 32 4 1024 0 0 1024 1024 64 2.15387 0.015661 65685 2052.656 1954 2132 62362 3323 5.0590 6.160 6.200 6.240 7.680 7.640 7.680 1.520 1.440 1.440
#R 32 131073 2048 16 1 1024 1 0 512 2049 128 2.15388 0.015660 65684 2052.625 1953 2130 63278 2406 3.6630 6.000 6.040 6.080 7.080 7.040 7.120 1.080 1.000 1.040
#R 32 131073 2048 16 4 1024 1 0 512 2049 128 2.15388 0.015660 65684 2052.625 1953 2130 63278 2406 3.6630 6.040 6.000 6.000 7.080 6.960 6.960 1.040 0.960 0.960
#R 32 131073 2048 1 4 1024 1 0 32 32769 2048 2.15388 0.015660 65684 2052.625 1953 2130 64985 699 1.0642 14.440 14.480 14.320 25.240 25.080 25.040 10.800 10.600 10.720
#R 32 131073 2048 2 4 1024 1 0 64 16385 1024 2.15388 0.015660 65684 2052.625 1953 2130 64804 880 1.3397 9.280 9.280 9.240 15.240 15.080 15.200 5.960 5.800 5.960
#R 32 131073 2048 32 4 1024 1 0 1024 1025 64 2.15388 0.015660 65684 2052.625 1953 2130 62361 3323 5.0591 6.200 6.160 6.200 8.000 8.080 8.000 1.800 1.920 1.800
#R 32 131074 2048 16 1 1024 1 0 512 2049 128 2.15388 0.015660 65683 2052.594 1953 2130 63277 2406 3.6630 6.000 5.960 6.000 7.040 7.000 7.040 1.040 1.040 1.040
#R 32 131074 2048 16 4 1024 1 0 512 2049 128 2.15388 0.015660 65683 2052.594 1953 2130 63277 2406 3.6630 6.040 6.000 6.040 7.040 7.000 6.920 1.000 1.000 0.880
#R 32 131074 2048 1 4 1024 1 0 32 32769 2048 2.15388 0.015660 65683 2052.594 1953 2130 64984 699 1.0642 14.440 14.400 14.520 25.360 25.000 25.200 10.920 10.600 10.680
#R 32 131074 2048 2 4 1024 1 0 64 16385 1024 2.15388 0.015660 65683 2052.594 1953 2130 64803 880 1.3398 9.360 9.360 9.281 15.160 15.040 15.160 5.800 5.680 5.879
#R 32 131074 2048 32 4 1024 1 0 1024 1025 64 2.15388 0.015660 65683 2052.594 1953 2130 62361 3322 5.0576 6.200 6.160 6.160 8.000 8.040 8.040 1.800 1.880 1.880
#R 32 262144 2048 16 1 1024 0 1 512 4096 128 2.41756 0.007798 65414 2044.188 1970 2122 63038 2376 3.6322 7.840 7.720 7.680 9.200 8.920 9.000 1.360 1.200 1.320
#R 32 262144 2048 16 4 1024 0 1 512 4096 128 2.41756 0.007798 65414 2044.188 1970 2122 63038 2376 3.6322 7.240 7.080 7.080 8.880 8.840 8.760 1.640 1.760 1.680
#R 32 262144 2048 1 4 1024 0 1 32 65536 2048 2.41756 0.007798 65414 2044.188 1970 2122 64886 528 0.8072 21.080 20.800 20.880 36.521 36.240 36.600 15.441 15.440 15.720
#R 32 262144 2048 2 4 1024 0 1 64 32768 1024 2.41756 0.007798 65414 2044.188 1970 2122 64657 757 1.1572 13.280 13.240 13.280 21.400 21.360 21.440 8.120 8.120 8.160
#R 32 262144 2048 32 4 1024 0 0 1024 2048 64 2.41756 0.007798 65414 2044.188 1970 2122 62204 3210 4.9072 7.680 7.640 7.600 9.681 9.680 9.640 2.001 2.040 2.040
#R 32 262145 2048 16 1 1024 1 0 512 4097 128 2.41756 0.007798 65412 2044.125 1970 2122 63039 2373 3.6278 7.760 7.440 7.440 9.040 9.000 8.881 1.280 1.560 1.441
#R 32 262145 2048 16 4 1024 1 0 512 4097 128 2.41756 0.007798 65412 2044.125 1970 2122 63039 2373 3.6278 8.040 8.080 7.960 10.440 10.320 10.280 2.400 2.240 2.320
#R 32 262145 2048 1 4 1024 1 0 32 65537 2048 2.41756 0.007798 65412 2044.125 1970 2122 64884 528 0.8072 24.600 24.481 24.680 39.281 39.041 39.280 14.681 14.560 14.600
#R 32 262145 2048 2 4 1024 1 0 64 32769 1024 2.41756 0.007798 65412 2044.125 1970 2122 64656 756 1.1558 15.080 15.120 15.200 22.960 22.880 22.880 7.880 7.760 7.680
#R 32 262145 2048 32 4 1024 1 0 1024 2049 64 2.41756 0.007798 65412 2044.125 1970 2122 62207 3205 4.8997 7.960 7.921 7.920 10.200 10.080 10.120 2.240 2.159 2.200
#R 32 262146 2048 16 1 1024 1 0 512 4097 128 2.41756 0.007798 65414 2044.188 1970 2122 63041 2373 3.6277 7.520 7.440 7.480 8.960 8.920 8.921 1.440 1.480 1.441
#R 32 262146 2048 16 4 1024 1 0 512 4097 128 2.41756 0.007798 65414 2044.188 1970 2122 63041 2373 3.6277 8.120 8.000 8.000 10.400 10.400 10.320 2.280 2.400 2.320
#R 32 262146 2048 1 4 1024 1 0 32 65537 2048 2.41756 0.007798 65414 2044.188 1970 2122 64886 528 0.8072 25.080 24.840 24.760 39.840 39.441 39.440 14.760 14.601 14.680
#R 32 262146 2048 2 4 1024 1 0 64 32769 1024 2.41756 0.007798 65414 2044.188 1970 2122 64658 756 1.1557 15.080 15.160 15.080 22.880 23.000 22.920 7.800 7.840 7.840
#R 32 262146 2048 32 4 1024 1 0 1024 2049 64 2.41756 0.007798 65414 2044.188 1970 2122 62209 3205 4.8996 7.880 7.960 7.960 10.080 10.080 10.120 2.200 2.120 2.160
#R 32 524288 2048 16 1 1024 0 1 512 8192 128 2.66007 0.003924 65838 2057.438 1989 2143 63382 2456 3.7304 13.160 13.240 13.081 14.080 14.240 14.160 0.920 1.000 1.079
#R 32 524288 2048 16 4 1024 0 1 512 8192 128 2.66007 0.003924 65838 2057.438 1989 2143 63382 2456 3.7304 12.600 12.560 12.480 14.080 14.000 14.000 1.480 1.440 1.520
#R 32 524288 2048 1 4 1024 0 1 32 131072 2048 2.66007 0.003924 65838 2057.438 1989 2143 65148 690 1.0480 38.560 37.641 37.440 57.880 56.961 56.960 19.320 19.320 19.520
#R 32 524288 2048 2 4 1024 0 1 64 65536 1024 2.66007 0.003924 65838 2057.438 1989 2143 64915 923 1.4019 21.880 22.240 22.160 32.360 32.720 32.561 10.480 10.480 10.401
#R 32 524288 2048 32 4 1024 0 1 1024 4096 64 2.66007 0.003924 65838 2057.438 1989 2143 62426 3412 5.1824 12.720 12.440 12.560 14.520 14.360 14.120 1.800 1.920 1.560
#R 32 524289 2048 16 1 1024 1 0 512 8193 128 2.66007 0.003924 65838 2057.438 1989 2144 63377 2461 3.7380 13.160 13.000 13.120 14.360 14.320 14.280 1.200 1.320 1.160
#R 32 524289 2048 16 4 1024 1 0 512 8193 128 2.66007 0.003924 65838 2057.438 1989 2144 63377 2461 3.7380 13.240 13.040 13.161 15.280 15.200 15.240 2.040 2.160 2.079
#R 32 524289 2048 1 4 1024 1 0 32 131073 2048 2.66007 0.003924 65838 2057.438 1989 2144 65146 692 1.0511 46.920 46.120 46.321 63.200 62.521 62.760 16.280 16.401 16.439
#R 32 524289 2048 2 4 1024 1 0 64 65537 1024 2.66007 0.003924 65838 2057.438 1989 2144 64914 924 1.4034 26.320 26.200 26.520 35.240 35.360 35.241 8.920 9.160 8.721
#R 32 524289 2048 32 4 1024 1 0 1024 4097 64 2.66007 0.003924 65838 2057.438 1989 2144 62430 3408 5.1763 12.880 12.921 12.481 16.480 16.440 16.320 3.600 3.519 3.839
#R 32 524290 2048 16 1 1024 1 0 512 8193 128 2.66007 0.003924 65838 2057.438 1989 2144 63377 2461 3.7380 13.240 13.120 13.080 14.240 14.280 14.200 1.000 1.160 1.120
#R 32 524290 2048 16 4 1024 1 0 512 8193 128 2.66007 0.003924 65838 2057.438 1989 2144 63377 2461 3.7380 13.200 13.040 13.160 15.360 15.360 15.360 2.160 2.320 2.200
#R 32 524290 2048 1 4 1024 1 0 32 131073 2048 2.66007 0.003924 65838 2057.438 1989 2144 65146 692 1.0511 46.760 46.321 46.040 63.240 62.480 62.600 16.480 16.159 16.560
#R 32 524290 2048 2 4 1024 1 0 64 65537 1024 2.66007 0.003924 65838 2057.438 1989 2144 64914 924 1.4034 26.320 26.240 26.520 35.360 35.160 35.320 9.040 8.920 8.800
#R 32 524290 2048 32 4 1024 1 0 1024 4097 64 2.66007 0.003924 65838 2057.438 1989 2144 62430 3408 5.1763 12.840 12.640 12.840 16.480 16.321 16.480 3.640 3.681 3.640
#R 32 1048576 2048 16 1 1024 0 1 512 16384 128 2.88563 0.001955 65598 2049.938 1959 2148 63115 2483 3.7852 22.640 22.600 22.640 23.360 23.320 23.280 0.720 0.720 0.640
#R 32 1048576 2048 16 4 1024 0 1 512 16384 128 2.88563 0.001955 65598 2049.938 1959 2148 63115 2483 3.7852 24.200 23.720 23.720 25.080 24.840 24.560 0.880 1.120 0.840
#R 32 1048576 2048 1 4 1024 0 1 32 262144 2048 2.88563 0.001955 65598 2049.938 1959 2148 65119 479 0.7302 73.000 71.920 72.161 95.080 93.681 94.280 22.080 21.761 22.119
#R 32 1048576 2048 2 4 1024 0 1 64 131072 1024 2.88563 0.001955 65598 2049.938 1959 2148 64804 794 1.2104 40.640 40.600 40.560 52.160 51.920 51.800 11.520 11.320 11.240
#R 32 1048576 2048 32 4 1024 0 1 1024 8192 64 2.88563 0.001955 65598 2049.938 1959 2148 62242 3356 5.1160 22.000 21.921 21.760 23.400 23.240 23.160 1.400 1.319 1.400
#R 32 1048577 2048 16 1 1024 1 0 512 16385 128 2.88564 0.001955 65597 2049.906 1959 2148 63107 2490 3.7959 22.640 22.760 22.721 23.400 23.280 23.240 0.760 0.520 0.519
#R 32 1048577 2048 16 4 1024 1 0 512 16385 128 2.88564 0.001955 65597 2049.906 1959 2148 63107 2490 3.7959 23.760 23.641 23.640 26.080 26.200 25.960 2.320 2.559 2.320
#R 32 1048577 2048 1 4 1024 1 0 32 262145 2048 2.88564 0.001955 65597 2049.906 1959 2148 65116 481 0.7333 89.680 89.281 89.201 106.640 106.801 106.720 16.960 17.520 17.519
#R 32 1048577 2048 2 4 1024 1 0 64 131073 1024 2.88564 0.001955 65597 2049.906 1959 2148 64804 793 1.2089 49.600 49.361 49.480 58.120 58.041 58.160 8.520 8.680 8.680
#R 32 1048577 2048 32 4 1024 1 0 1024 8193 64 2.88564 0.001955 65597 2049.906 1959 2148 62232 3365 5.1298 22.640 22.480 22.400 25.320 24.760 25.000 2.680 2.280 2.600
#R 32 1048578 2048 16 1 1024 1 0 512 16385 128 2.88564 0.001955 65596 2049.875 1959 2148 63107 2489 3.7944 22.521 22.760 22.640 23.480 23.200 23.201 0.959 0.440 0.561
#R 32 1048578 2048 16 4 1024 1 0 512 16385 128 2.88564 0.001955 65596 2049.875 1959 2148 63107 2489 3.7944 23.760 23.800 23.680 26.360 25.961 26.040 2.600 2.161 2.360
#R 32 1048578 2048 1 4 1024 1 0 32 262145 2048 2.88564 0.001955 65596 2049.875 1959 2148 65115 481 0.7333 89.640 89.441 89.241 106.961 107.440 106.480 17.321 17.999 17.239
#R 32 1048578 2048 2 4 1024 1 0 64 131073 1024 2.88564 0.001955 65596 2049.875 1959 2148 64803 793 1.2089 49.441 49.201 49.321 58.080 58.040 57.920 8.639 8.839 8.599
#R 32 1048578 2048 32 4 1024 1 0 1024 8193 64 2.88564 0.001955 65596 2049.875 1959 2148 62232 3364 5.1284 22.840 22.600 22.360 25.240 25.041 25.240 2.400 2.441 2.880
#R 64 2048 2048 8 1 256 0 0 512 64 256 -inf 1.000000 131072 2048.000 2048 2048 131072 0 0.0000 6.080 6.000 5.960 6.240 6.240 6.280 0.160 0.240 0.320
#R 64 2048 2048 8 4 256 0 0 512 64 256 -inf 1.000000 131072 2048.000 2048 2048 131072 0 0.0000 6.000 6.000 6.000 6.280 6.280 6.280 0.280 0.280 0.280
#R 64 2048 2048 1 4 256 0 0 64 512 2048 -inf 1.000000 131072 2048.000 2048 2048 131072 0 0.0000 5.960 5.961 6.000 6.240 6.240 6.200 0.280 0.279 0.200
#R 64 2048 2048 2 4 256 0 0 128 256 1024 -inf 1.000000 131072 2048.000 2048 2048 131072 0 0.0000 6.000 6.000 6.000 6.200 6.240 6.200 0.200 0.240 0.200
#R 64 2048 2048 16 4 256 0 0 1024 32 128 -inf 1.000000 131072 2048.000 2048 2048 131072 0 0.0000 6.000 6.000 5.960 6.280 6.280 6.240 0.280 0.280 0.280
#R 64 2049 2048 8 1 256 1 0 512 65 256 -3.29733 0.999451 131064 2047.875 2045 2049 129335 1729 1.3192 6.040 5.920 6.000 6.240 6.240 6.240 0.200 0.320 0.240
#R 64 2049 2048 8 4 256 1 0 512 65 256 -3.29733 0.999451 131064 2047.875 2045 2049 129335 1729 1.3192 5.960 6.000 6.000 6.280 6.280 6.280 0.320 0.280 0.280
#R 64 2049 2048 1 4 256 1 0 64 513 2048 -3.29733 0.999451 131064 2047.875 2045 2049 131045 19 0.0145 6.000 6.000 5.960 6.240 6.200 6.240 0.240 0.200 0.280
#R 64 2049 2048 2 4 256 1 0 128 257 1024 -3.29733 0.999451 131064 2047.875 2045 2049 130842 222 0.1694 6.040 5.960 5.960 6.200 6.201 6.200 0.160 0.241 0.240
#R 64 2049 2048 16 4 256 1 0 1024 33 128 -3.29733 0.999451 131064 2047.875 2045 2049 127293 3771 2.8772 6.000 6.000 6.000 6.240 6.280 6.240 0.240 0.280 0.240
#R 64 2050 2048 8 1 256 1 0 512 65 256 -3.09756 0.998941 131061 2047.828 2044 2050 129392 1669 1.2735 5.961 6.000 6.000 6.240 6.240 6.280 0.279 0.240 0.280
#R 64 2050 2048 8 4 256 1 0 512 65 256 -3.09756 0.998941 131061 2047.828 2044 2050 129392 1669 1.2735 6.000 6.000 5.960 6.240 6.280 6.280 0.240 0.280 0.320
#R 64 2050 2048 1 4 256 1 0 64 513 2048 -3.09756 0.998941 131061 2047.828 2044 2050 131033 28 0.0214 6.000 5.960 6.000 6.240 6.240 6.240 0.240 0.280 0.240
#R 64 2050 2048 2 4 256 1 0 128 257 1024 -3.09756 0.998941 131061 2047.828 2044 2050 130872 189 0.1442 5.961 5.960 6.040 6.240 6.240 6.200 0.279 0.280 0.160
#R 64 2050 2048 16 4 256 1 0 1024 33 128 -3.09756 0.998941 131061 2047.828 2044 2050 127357 3704 2.8262 5.960 6.040 5.960 6.280 6.280 6.240 0.320 0.240 0.280
#R 64 4096 2048 8 1 256 0 0 512 128 256 -1.39146e-16 0.499832 131028 2047.312 1979 2131 128736 2292 1.7492 6.000 6.000 5.920 6.240 6.240 6.280 0.240 0.240 0.360
#R 64 4096 2048 8 4 256 0 0 512 128 256 -1.39146e-16 0.499832 131028 2047.312 1979 2131 128736 2292 1.7492 6.040 5.960 5.960 6.241 6.240 6.280 0.201 0.280 0.320
#R 64 4096 2048 1 4 256 0 1 64 1024 2048 -1.39146e-16 0.499832 131028 2047.312 1979 2131 130226 802 0.6121 6.000 5.960 6.000 6.280 6.240 6.240 0.280 0.280 0.240
#R 64 4096 2048 2 4 256 0 0 128 512 1024 -1.39146e-16 0.499832 131028 2047.312 1979 2131 129934 1094 0.8349 5.960 5.960 5.960 6.240 6.240 6.240 0.280 0.280 0.280
#R 64 4096 2048 16 4 256 0 0 1024 64 128 -1.39146e-16 0.499832 131028 2047.312 1979 2131 127728 3300 2.5185 5.960 6.000 5.960 6.280 6.280 6.240 0.320 0.280 0.280
#R 64 4097 2048 8 1 1024 1 0 512 129 256 0.00030591 0.499672 131018 2047.156 1981 2121 128466 2552 1.9478 6.040 5.960 6.040 6.240 6.240 6.280 0.200 0.280 0.240
#R 64 4097 2048 8 4 1024 1 0 512 129 256 0.00030591 0.499672 131018 2047.156 1981 2121 128466 2552 1.9478 6.040 5.960 6.040 6.280 6.240 6.240 0.240 0.280 0.200
#R 64 4097 2048 1 4 1024 1 0 64 1025 2048 0.00030591 0.499672 131018 2047.156 1981 2121 130209 809 0.6175 5.960 6.000 5.921 6.240 6.240 6.200 0.280 0.240 0.279
#R 64 4097 2048 2 4 1024 1 0 128 513 1024 0.00030591 0.499672 131018 2047.156 1981 2121 129874 1144 0.8732 6.000 6.000 5.960 6.240 6.240 6.240 0.240 0.240 0.280
#R 64 4097 2048 16 4 1024 1 0 1024 65 128 0.00030591 0.499672 131018 2047.156 1981 2121 126872 4146 3.1645 6.040 5.960 6.000 6.560 6.480 6.480 0.520 0.520 0.480
#R 64 4098 2048 8 1 1024 1 0 512 129 256 0.000611671 0.499542 131016 2047.125 1981 2121 128477 2539 1.9379 6.000 5.960 6.000 6.280 6.240 6.280 0.280 0.280 0.280
#R 64 4098 2048 8 4 1024 1 0 512 129 256 0.000611671 0.499542 131016 2047.125 1981 2121 128477 2539 1.9379 6.001 6.000 5.960 6.280 6.240 6.280 0.279 0.240 0.320
#R 64 4098 2048 1 4 1024 1 0 64 1025 2048 0.000611671 0.499542 131016 2047.125 1981 2121 130206 810 0.6182 5.960 6.000 5.960 6.240 6.240 6.280 0.280 0.240 0.320
#R 64 4098 2048 2 4 1024 1 0 128 513 1024 0.000611671 0.499542 131016 2047.125 1981 2121 129872 1144 0.8732 6.000 5.960 6.000 6.240 6.280 6.240 0.240 0.320 0.240
#R 64 4098 2048 16 4 1024 1 0 1024 65 128 0.000611671 0.499542 131016 2047.125 1981 2121 126892 4124 3.1477 5.960 5.960 6.000 6.480 6.440 6.400 0.520 0.480 0.400
#R 64 8192 2048 8 1 1024 0 0 512 256 256 0.67449 0.250296 131227 2050.422 1954 2133 128216 3011 2.2945 6.000 6.000 5.960 6.320 6.280 6.280 0.320 0.280 0.320
#R 64 8192 2048 8 4 1024 0 0 512 256 256 0.67449 0.250296 131227 2050.422 1954 2133 128216 3011 2.2945 6.000 6.000 6.000 6.240 6.280 6.280 0.240 0.280 0.280
#R 64 8192 2048 1 4 1024 0 0 64 2048 2048 0.67449 0.250296 131227 2050.422 1954 2133 130189 1038 0.7910 6.000 5.960 6.040 6.240 6.240 6.240 0.240 0.280 0.200
#R 64 8192 2048 2 4 1024 0 0 128 1024 1024 0.67449 0.250296 131227 2050.422 1954 2133 129791 1436 1.0943 6.000 5.960 6.040 6.240 6.200 6.240 0.240 0.240 0.200
#R 64 8192 2048 16 4 1024 0 0 1024 128 128 0.67449 0.250296 131227 2050.422 1954 2133 126983 4244 3.2341 5.960 6.000 6.000 6.280 6.280 6.280 0.320 0.280 0.280
#R 64 8193 2048 8 1 1024 1 0 512 257 256 0.674586 0.250267 131228 2050.438 1952 2144 128149 3079 2.3463 6.000 6.040 5.960 6.280 6.280 6.280 0.280 0.240 0.320
#R 64 8193 2048 8 4 1024 1 0 512 257 256 0.674586 0.250267 131228 2050.438 1952 2144 128149 3079 2.3463 6.000 5.960 6.000 6.280 6.280 6.280 0.280 0.320 0.280
#R 64 8193 2048 1 4 1024 1 0 64 2049 2048 0.674586 0.250267 131228 2050.438 1952 2144 130166 1062 0.8093 5.960 5.960 6.000 6.240 6.240 6.240 0.280 0.280 0.240
#R 64 8193 2048 2 4 1024 1 0 128 1025 1024 0.674586 0.250267 131228 2050.438 1952 2144 129759 1469 1.1194 5.960 6.000 5.960 6.240 6.240 6.240 0.280 0.240 0.280
#R 64 8193 2048 16 4 1024 1 0 1024 129 128 0.674586 0.250267 131228 2050.438 1952 2144 126695 4533 3.4543 6.001 6.000 5.960 6.560 6.400 6.480 0.559 0.400 0.520
#R 64 8194 2048 8 1 1024 1 0 512 257 256 0.674682 0.250235 131227 2050.422 1952 2144 128149 3078 2.3456 6.000 6.000 6.040 6.320 6.280 6.280 0.320 0.280 0.240
#R 64 8194 2048 8 4 1024 1 0 512 257 256 0.674682 0.250235 131227 2050.422 1952 2144 128149 3078 2.3456 5.960 6.040 6.000 6.280 6.280 6.240 0.320 0.240 0.240
#R 64 8194 2048 1 4 1024 1 0 64 2049 2048 0.674682 0.250235 131227 2050.422 1952 2144 130163 1064 0.8108 6.000 5.960 5.960 6.280 6.240 6.240 0.280 0.280 0.280
#R 64 8194 2048 2 4 1024 1 0 128 1025 1024 0.674682 0.250235 131227 2050.422 1952 2144 129754 1473 1.1225 6.040 6.040 6.000 6.240 6.240 6.200 0.200 0.200 0.200
#R 64 8194 2048 16 4 1024 1 0 1024 129 128 0.674682 0.250235 131227 2050.422 1952 2144 126699 4528 3.4505 6.081 5.960 6.000 6.560 6.400 6.440 0.479 0.440 0.440
#R 64 16384 2048 8 1 1024 0 0 512 512 256 1.15035 0.125380 131470 2054.219 1934 2171 128065 3405 2.5899 6.000 6.000 6.040 6.280 6.280 6.240 0.280 0.280 0.200
#R 64 16384 2048 8 4 1024 0 0 512 512 256 1.15035 0.125380 131470 2054.219 1934 2171 128065 3405 2.5899 6.000 6.000 5.960 6.280 6.280 6.280 0.280 0.280 0.320
#R 64 16384 2048 1 4 1024 0 1 64 4096 2048 1.15035 0.125380 131470 2054.219 1934 2171 129965 1505 1.1447 6.000 5.960 6.000 7.080 7.080 7.080 1.080 1.120 1.080
#R 64 16384 2048 2 4 1024 0 0 128 2048 1024 1.15035 0.125380 131470 2054.219 1934 2171 129538 1932 1.4695 6.000 5.960 6.000 6.240 6.200 6.240 0.240 0.240 0.240
#R 64 16384 2048 16 4 1024 0 0 1024 256 128 1.15035 0.125380 131470 2054.219 1934 2171 126880 4590 3.4913 6.000 6.000 6.040 6.320 6.320 6.320 0.320 0.320 0.280
#R 64 16385 2048 8 1 1024 1 0 512 513 256 1.15039 0.125374 131472 2054.250 1933 2173 128114 3358 2.5542 6.000 6.040 5.960 6.280 6.280 6.280 0.280 0.240 0.320
#R 64 16385 2048 8 4 1024 1 0 512 513 256 1.15039 0.125374 131472 2054.250 1933 2173 128114 3358 2.5542 6.040 5.960 6.000 6.280 6.280 6.280 0.240 0.320 0.280
#R 64 16385 2048 1 4 1024 1 0 64 4097 2048 1.15039 0.125374 131472 2054.250 1933 2173 129974 1498 1.1394 5.960 5.960 6.000 7.320 7.240 7.280 1.360 1.280 1.280
#R 64 16385 2048 2 4 1024 1 0 128 2049 1024 1.15039 0.125374 131472 2054.250 1933 2173 129543 1929 1.4672 6.000 6.040 6.000 6.240 6.240 6.240 0.240 0.200 0.240
#R 64 16385 2048 16 4 1024 1 0 1024 257 128 1.15039 0.125374 131472 2054.250 1933 2173 126784 4688 3.5658 5.960 6.000 6.001 6.640 6.640 6.721 0.680 0.640 0.720
#R 64 16386 2048 8 1 1024 1 0 512 513 256 1.15042 0.125367 131473 2054.266 1933 2173 128117 3356 2.5526 6.040 5.960 5.960 6.280 6.280 6.280 0.240 0.320 0.320
#R 64 16386 2048 8 4 1024 1 0 512 513 256 1.15042 0.125367 131473 2054.266 1933 2173 128117 3356 2.5526 6.040 5.960 6.040 6.280 6.280 6.240 0.240 0.320 0.200
#R 64 16386 2048 1 4 1024 1 0 64 4097 2048 1.15042 0.125367 131473 2054.266 1933 2173 129977 1496 1.1379 6.000 6.000 6.000 7.320 7.320 7.400 1.320 1.320 1.400
#R 64 16386 2048 2 4 1024 1 0 128 2049 1024 1.15042 0.125367 131473 2054.266 1933 2173 129545 1928 1.4665 6.040 6.000 6.000 6.240 6.240 6.240 0.200 0.240 0.240
#R 64 16386 2048 16 4 1024 1 0 1024 257 128 1.15042 0.125367 131473 2054.266 1933 2173 126789 4684 3.5627 6.080 5.960 6.081 6.800 6.760 6.720 0.720 0.800 0.639
#R 64 32768 2048 8 1 1024 0 1 512 1024 256 1.53412 0.062614 131312 2051.750 1966 2127 127954 3358 2.5573 6.040 5.960 6.000 6.280 6.280 6.280 0.240 0.320 0.280
#R 64 32768 2048 8 4 1024 0 0 512 1024 256 1.53412 0.062614 131312 2051.750 1966 2127 127954 3358 2.5573 6.000 6.040 6.040 6.241 6.280 6.280 0.241 0.240 0.240
#R 64 32768 2048 1 4 1024 0 1 64 8192 2048 1.53412 0.062614 131312 2051.750 1966 2127 130063 1249 0.9512 6.120 6.040 6.000 9.800 9.800 9.880 3.680 3.760 3.880
#R 64 32768 2048 2 4 1024 0 1 128 4096 1024 1.53412 0.062614 131312 2051.750 1966 2127 129560 1752 1.3342 6.040 5.960 6.000 7.480 7.360 7.360 1.440 1.400 1.360
#R 64 32768 2048 16 4 1024 0 0 1024 512 128 1.53412 0.062614 131312 2051.750 1966 2127 126691 4621 3.5191 6.000 5.960 6.000 7.000 7.040 6.960 1.000 1.080 0.960
#R 64 32769 2048 8 1 1024 1 0 512 1025 256 1.53414 0.062615 131318 2051.844 1966 2123 127985 3333 2.5381 6.000 6.040 5.960 6.280 6.240 6.280 0.280 0.200 0.320
#R 64 32769 2048 8 4 1024 1 0 512 1025 256 1.53414 0.062615 131318 2051.844 1966 2123 127985 3333 2.5381 6.000 6.040 5.960 6.280 6.280 6.240 0.280 0.240 0.280
#R 64 32769 2048 1 4 1024 1 0 64 8193 2048 1.53414 0.062615 131318 2051.844 1966 2123 130049 1269 0.9664 6.400 6.320 6.280 10.280 10.360 10.280 3.880 4.040 4.000
#R 64 32769 2048 2 4 1024 1 0 128 4097 1024 1.53414 0.062615 131318 2051.844 1966 2123 129560 1758 1.3387 6.000 5.960 6.040 7.680 7.600 7.600 1.680 1.640 1.560
#R 64 32769 2048 16 4 1024 1 0 1024 513 128 1.53414 0.062615 131318 2051.844 1966 2123 126635 4683 3.5662 5.960 6.040 6.000 7.160 7.200 7.120 1.200 1.160 1.120
#R 64 32770 2048 8 1 1024 1 0 512 1025 256 1.53415 0.062615 131322 2051.906 1966 2123 127988 3334 2.5388 6.040 6.040 6.040 6.320 6.280 6.280 0.280 0.240 0.240
#R 64 32770 2048 8 4 1024 1 0 512 1025 256 1.53415 0.062615 131322 2051.906 1966 2123 127988 3334 2.5388 6.080 5.960 6.000 6.281 6.280 6.280 0.201 0.320 0.280
#R 64 32770 2048 1 4 1024 1 0 64 8193 2048 1.53415 0.062615 131322 2051.906 1966 2123 130050 1272 0.9686 6.440 6.200 6.240 10.400 10.320 10.400 3.960 4.120 4.160
#R 64 32770 2048 2 4 1024 1 0 128 4097 1024 1.53415 0.062615 131322 2051.906 1966 2123 129559 1763 1.3425 5.960 6.000 5.960 7.600 7.560 7.600 1.640 1.560 1.640
#R 64 32770 2048 16 4 1024 1 0 1024 513 128 1.53415 0.062615 131322 2051.906 1966 2123 126637 4685 3.5676 6.040 6.000 5.960 7.280 7.080 7.080 1.240 1.080 1.120
#R 64 65536 2048 8 1 1024 0 1 512 2048 256 1.86273 0.031278 131188 2049.812 1911 2155 127820 3368 2.5673 6.040 5.960 6.000 6.960 6.920 6.920 0.920 0.960 0.920
#R 64 65536 2048 8 4 1024 0 0 512 2048 256 1.86273 0.031278 131188 2049.812 1911 2155 127820 3368 2.5673 6.000 6.040 6.040 6.960 6.880 6.960 0.960 0.840 0.920
#R 64 65536 2048 1 4 1024 0 1 64 16384 2048 1.86273 0.031278 131188 2049.812 1911 2155 130061 1127 0.8591 8.360 8.200 8.200 15.401 15.440 15.241 7.041 7.240 7.041
#R 64 65536 2048 2 4 1024 0 1 128 8192 1024 1.86273 0.031278 131188 2049.812 1911 2155 129496 1692 1.2898 6.600 6.560 6.480 10.320 10.360 10.240 3.720 3.800 3.760
#R 64 65536 2048 16 4 1024 0 0 1024 1024 128 1.86273 0.031278 131188 2049.812 1911 2155 126342 4846 3.6939 6.080 6.000 6.040 7.800 7.720 7.720 1.720 1.720 1.680
#R 64 65537 2048 8 1 1024 1 0 512 2049 256 1.86274 0.031277 131189 2049.828 1912 2160 127867 3322 2.5322 6.000 6.000 6.040 7.120 7.080 7.040 1.120 1.080 1.000
#R 64 65537 2048 8 4 1024 1 0 512 2049 256 1.86274 0.031277 131189 2049.828 1912 2160 127867 3322 2.5322 6.000 6.080 6.000 7.120 7.080 7.041 1.120 1.000 1.041
#R 64 65537 2048 1 4 1024 1 0 64 16385 2048 1.86274 0.031277 131189 2049.828 1912 2160 130059 1130 0.8614 9.160 9.080 9.000 16.120 16.040 16.000 6.960 6.960 7.000
#R 64 65537 2048 2 4 1024 1 0 128 8193 1024 1.86274 0.031277 131189 2049.828 1912 2160 129475 1714 1.3065 7.040 7.000 7.120 10.800 10.680 10.760 3.760 3.680 3.640
#R 64 65537 2048 16 4 1024 1 0 1024 1025 128 1.86274 0.031277 131189 2049.828 1912 2160 126364 4825 3.6779 6.080 6.120 6.080 8.120 8.080 8.120 2.040 1.960 2.040
#R 64 65538 2048 8 1 1024 1 0 512 2049 256 1.86275 0.031277 131189 2049.828 1912 2160 127867 3322 2.5322 6.040 6.000 5.960 7.080 7.080 7.040 1.040 1.080 1.080
#R 64 65538 2048 8 4 1024 1 0 512 2049 256 1.86275 0.031277 131189 2049.828 1912 2160 127867 3322 2.5322 6.000 5.960 5.960 7.040 7.080 7.000 1.040 1.120 1.040
#R 64 65538 2048 1 4 1024 1 0 64 16385 2048 1.86275 0.031277 131189 2049.828 1912 2160 130059 1130 0.8614 9.120 9.040 9.040 16.160 16.040 15.920 7.040 7.000 6.880
#R 64 65538 2048 2 4 1024 1 0 128 8193 1024 1.86275 0.031277 131189 2049.828 1912 2160 129476 1713 1.3057 7.000 7.040 7.120 10.760 10.720 10.680 3.760 3.680 3.560
#R 64 65538 2048 16 4 1024 1 0 1024 1025 128 1.86275 0.031277 131189 2049.828 1912 2160 126364 4825 3.6779 6.040 6.080 6.040 8.120 8.000 8.160 2.080 1.920 2.120
#R 64 131072 2048 8 1 1024 0 1 512 4096 256 2.15387 0.015621 131042 2047.531 1954 2139 127561 3481 2.6564 7.800 7.600 7.600 9.280 9.400 9.240 1.480 1.800 1.640
#R 64 131072 2048 8 4 1024 0 1 512 4096 256 2.15387 0.015621 131042 2047.531 1954 2139 127561 3481 2.6564 7.000 6.840 6.800 9.120 9.000 8.960 2.120 2.160 2.160
#R 64 131072 2048 1 4 1024 0 1 64 32768 2048 2.15387 0.015621 131042 2047.531 1954 2139 129824 1218 0.9295 13.040 12.920 12.960 24.160 24.121 24.040 11.120 11.201 11.080
#R 64 131072 2048 2 4 1024 0 1 128 16384 1024 2.15387 0.015621 131042 2047.531 1954 2139 129407 1635 1.2477 9.040 8.960 9.000 14.960 14.960 14.880 5.920 6.000 5.880
#R 64 131072 2048 16 4 1024 0 0 1024 2048 128 2.15387 0.015621 131042 2047.531 1954 2139 126404 4638 3.5393 7.400 7.360 7.280 9.840 9.880 9.760 2.440 2.520 2.480
#R 64 131073 2048 8 1 1024 1 0 512 4097 256 2.15388 0.015621 131043 2047.547 1953 2138 127565 3478 2.6541 7.480 7.400 7.360 9.360 9.360 9.240 1.880 1.960 1.880
#R 64 131073 2048 8 4 1024 1 0 512 4097 256 2.15388 0.015621 131043 2047.547 1953 2138 127565 3478 2.6541 7.840 7.880 7.840 10.840 10.680 10.640 3.000 2.800 2.800
#R 64 131073 2048 1 4 1024 1 0 64 32769 2048 2.15388 0.015621 131043 2047.547 1953 2138 129820 1223 0.9333 14.800 14.640 14.640 25.480 25.360 25.360 10.680 10.720 10.720
#R 64 131073 2048 2 4 1024 1 0 128 16385 1024 2.15388 0.015621 131043 2047.547 1953 2138 129398 1645 1.2553 9.960 10.120 9.960 15.800 15.800 15.841 5.840 5.680 5.881
#R 64 131073 2048 16 4 1024 1 0 1024 2049 128 2.15388 0.015621 131043 2047.547 1953 2138 126405 4638 3.5393 7.720 7.601 7.600 10.280 10.200 10.240 2.560 2.599 2.640
#R 64 131074 2048 8 1 1024 1 0 512 4097 256 2.15388 0.015621 131042 2047.531 1953 2138 127565 3477 2.6533 7.520 7.400 7.480 9.360 9.320 9.360 1.840 1.920 1.880
#R 64 131074 2048 8 4 1024 1 0 512 4097 256 2.15388 0.015621 131042 2047.531 1953 2138 127565 3477 2.6533 7.960 7.840 7.840 10.760 10.640 10.680 2.800 2.800 2.840
#R 64 131074 2048 1 4 1024 1 0 64 32769 2048 2.15388 0.015621 131042 2047.531 1953 2138 129819 1223 0.9333 14.840 14.720 14.720 25.560 25.400 25.320 10.720 10.680 10.600
#R 64 131074 2048 2 4 1024 1 0 128 16385 1024 2.15388 0.015621 131042 2047.531 1953 2138 129397 1645 1.2553 10.000 9.920 9.960 15.760 15.800 15.800 5.760 5.880 5.840
#R 64 131074 2048 16 4 1024 1 0 1024 2049 128 2.15388 0.015621 131042 2047.531 1953 2138 126404 4638 3.5393 7.640 7.640 7.560 10.360 10.240 10.200 2.720 2.600 2.640
#R 64 262144 2048 8 1 1024 0 1 512 8192 256 2.41756 0.007806 130956 2046.188 1963 2153 127826 3130 2.3901 13.120 13.160 13.040 14.240 14.120 14.280 1.120 0.960 1.240
#R 64 262144 2048 8 4 1024 0 1 512 8192 256 2.41756 0.007806 130956 2046.188 1963 2153 127826 3130 2.3901 12.760 12.800 12.720 14.120 14.120 14.080 1.360 1.320 1.360
#R 64 262144 2048 1 4 1024 0 1 64 65536 2048 2.41756 0.007806 130956 2046.188 1963 2153 129882 1074 0.8201 22.240 21.800 21.840 37.960 37.600 37.440 15.720 15.800 15.600
#R 64 262144 2048 2 4 1024 0 1 128 32768 1024 2.41756 0.007806 130956 2046.188 1963 2153 129436 1520 1.1607 14.640 14.720 14.640 22.600 22.560 22.601 7.960 7.840 7.961
#R 64 262144 2048 16 4 1024 0 1 1024 4096 128 2.41756 0.007806 130956 2046.188 1963 2153 126388 4568 3.4882 12.440 12.280 12.120 15.040 15.120 14.880 2.600 2.840 2.760
#R 64 262145 2048 8 1 1024 1 0 512 8193 256 2.41756 0.007805 130954 2046.156 1963 2155 127826 3128 2.3886 13.160 13.120 13.000 14.560 14.720 14.640 1.400 1.600 1.640
#R 64 262145 2048 8 4 1024 1 0 512 8193 256 2.41756 0.007805 130954 2046.156 1963 2155 127826 3128 2.3886 12.920 12.840 12.800 15.000 14.960 15.040 2.080 2.120 2.240
#R 64 262145 2048 1 4 1024 1 0 64 65537 2048 2.41756 0.007805 130954 2046.156 1963 2155 129884 1070 0.8171 26.081 25.800 25.880 40.320 40.080 40.001 14.239 14.280 14.121
#R 64 262145 2048 2 4 1024 1 0 128 32769 1024 2.41756 0.007805 130954 2046.156 1963 2155 129441 1513 1.1554 16.600 16.400 16.640 24.000 24.120 24.080 7.400 7.720 7.440
#R 64 262145 2048 16 4 1024 1 0 1024 4097 128 2.41756 0.007805 130954 2046.156 1963 2155 126376 4578 3.4959 12.920 12.640 12.680 17.240 17.120 17.040 4.320 4.480 4.360
#R 64 262146 2048 8 1 1024 1 0 512 8193 256 2.41756 0.007806 130956 2046.188 1963 2155 127827 3129 2.3894 13.120 13.080 13.040 14.600 14.680 14.600 1.480 1.600 1.560
#R 64 262146 2048 8 4 1024 1 0 512 8193 256 2.41756 0.007806 130956 2046.188 1963 2155 127827 3129 2.3894 12.880 12.880 12.840 15.161 15.040 15.080 2.281 2.160 2.240
#R 64 262146 2048 1 4 1024 1 0 64 65537 2048 2.41756 0.007806 130956 2046.188 1963 2155 129886 1070 0.8171 25.840 25.881 25.880 40.201 40.120 40.120 14.361 14.239 14.240
#R 64 262146 2048 2 4 1024 1 0 128 32769 1024 2.41756 0.007806 130956 2046.188 1963 2155 129443 1513 1.1553 16.440 16.520 16.480 24.120 24.080 24.001 7.680 7.560 7.521
#R 64 262146 2048 16 4 1024 1 0 1024 4097 128 2.41756 0.007806 130956 2046.188 1963 2155 126378 4578 3.4958 12.800 12.680 12.640 17.200 17.160 17.120 4.400 4.480 4.480
#R 64 524288 2048 8 1 1024 0 1 512 16384 256 2.66007 0.003916 131384 2052.875 1959 2143 127949 3435 2.6145 23.160 23.120 23.120 23.600 23.480 23.560 0.440 0.360 0.440
#R 64 524288 2048 8 4 1024 0 1 512 16384 256 2.66007 0.003916 131384 2052.875 1959 2143 127949 3435 2.6145 23.880 23.800 23.720 25.081 24.760 24.680 1.201 0.960 0.960
#R 64 524288 2048 1 4 1024 0 1 64 131072 2048 2.66007 0.003916 131384 2052.875 1959 2143 130187 1197 0.9111 40.681 40.400 40.240 59.240 59.000 59.120 18.559 18.600 18.880
#R 64 524288 2048 2 4 1024 0 1 128 65536 1024 2.66007 0.003916 131384 2052.875 1959 2143 129715 1669 1.2703 24.960 24.960 25.040 34.520 34.760 34.520 9.560 9.800 9.480
#R 64 524288 2048 16 4 1024 0 1 1024 8192 128 2.66007 0.003916 131384 2052.875 1959 2143 126604 4780 3.6382 21.920 21.640 21.840 23.521 23.520 23.160 1.601 1.880 1.320
#R 64 524289 2048 8 1 1024 1 0 512 16385 256 2.66007 0.003916 131386 2052.906 1960 2144 127933 3453 2.6281 23.080 23.000 23.160 23.640 23.600 23.640 0.560 0.600 0.480
#R 64 524289 2048 8 4 1024 1 0 512 16385 256 2.66007 0.003916 131386 2052.906 1960 2144 127933 3453 2.6281 23.800 23.720 23.761 26.160 25.800 25.880 2.360 2.080 2.119
#R 64 524289 2048 1 4 1024 1 0 64 131073 2048 2.66007 0.003916 131386 2052.906 1960 2144 130180 1206 0.9179 48.760 48.640 48.361 64.720 64.520 64.000 15.960 15.880 15.639
#R 64 524289 2048 2 4 1024 1 0 128 65537 1024 2.66007 0.003916 131386 2052.906 1960 2144 129718 1668 1.2695 29.000 28.921 29.160 37.400 37.200 37.360 8.400 8.279 8.200
#R 64 524289 2048 16 4 1024 1 0 1024 8193 128 2.66007 0.003916 131386 2052.906 1960 2144 126589 4797 3.6511 22.680 22.720 22.600 25.920 25.840 25.880 3.240 3.120 3.280
#R 64 524290 2048 8 1 1024 1 0 512 16385 256 2.66007 0.003916 131386 2052.906 1960 2144 127933 3453 2.6281 23.120 23.080 23.240 23.440 23.640 23.480 0.320 0.560 0.240
#R 64 524290 2048 8 4 1024 1 0 512 16385 256 2.66007 0.003916 131386 2052.906 1960 2144 127933 3453 2.6281 23.840 23.680 23.640 25.961 25.840 25.800 2.121 2.160 2.160
#R 64 524290 2048 1 4 1024 1 0 64 131073 2048 2.66007 0.003916 131386 2052.906 1960 2144 130180 1206 0.9179 48.600 48.761 48.680 64.600 64.440 64.680 16.000 15.679 16.000
#R 64 524290 2048 2 4 1024 1 0 128 65537 1024 2.66007 0.003916 131386 2052.906 1960 2144 129718 1668 1.2695 29.000 29.000 29.120 37.040 37.240 37.120 8.040 8.240 8.000
#R 64 524290 2048 16 4 1024 1 0 1024 8193 128 2.66007 0.003916 131386 2052.906 1960 2144 126589 4797 3.6511 22.720 22.480 22.361 25.920 25.880 25.641 3.200 3.400 3.280
#R 64 1048576 2048 8 1 1024 0 1 512 32768 256 2.88563 0.001950 130851 2044.547 1954 2148 127623 3228 2.4669 43.480 43.440 43.440 42.881 42.961 42.800 -0.599 -0.479 -0.640
#R 64 1048576 2048 8 4 1024 0 1 512 32768 256 2.88563 0.001950 130851 2044.547 1954 2148 127623 3228 2.4669 44.240 44.040 44.000 46.001 45.720 45.520 1.761 1.680 1.520
#R 64 1048576 2048 1 4 1024 0 1 64 262144 2048 2.88563 0.001950 130851 2044.547 1954 2148 130076 775 0.5923 78.120 77.680 77.920 98.400 98.280 98.881 20.280 20.600 20.961
#R 64 1048576 2048 2 4 1024 0 1 128 131072 1024 2.88563 0.001950 130851 2044.547 1954 2148 129361 1490 1.1387 45.840 46.160 45.960 56.080 56.080 56.080 10.240 9.920 10.120
#R 64 1048576 2048 16 4 1024 0 1 1024 16384 128 2.88563 0.001950 130851 2044.547 1954 2148 126216 4635 3.5422 43.120 43.080 43.000 43.200 42.840 43.040 0.080 -0.240 0.040
#R 64 1048577 2048 8 1 1024 1 0 512 32769 256 2.88564 0.001950 130850 2044.531 1955 2148 127634 3216 2.4578 42.680 42.481 42.400 43.040 43.000 42.800 0.360 0.519 0.400
#R 64 1048577 2048 8 4 1024 1 0 512 32769 256 2.88564 0.001950 130850 2044.531 1955 2148 127634 3216 2.4578 45.920 46.000 45.921 48.760 48.721 48.520 2.840 2.721 2.599
#R 64 1048577 2048 1 4 1024 1 0 64 262145 2048 2.88564 0.001950 130850 2044.531 1955 2148 130073 777 0.5938 95.120 94.921 94.880 110.720 110.440 110.681 15.600 15.519 15.801
#R 64 1048577 2048 2 4 1024 1 0 128 131073 1024 2.88564 0.001950 130850 2044.531 1955 2148 129371 1479 1.1303 54.681 54.720 54.641 62.161 62.200 62.160 7.480 7.480 7.519
#R 64 1048577 2048 16 4 1024 1 0 1024 16385 128 2.88564 0.001950 130850 2044.531 1955 2148 126212 4638 3.5445 44.721 44.321 44.240 45.200 45.360 45.240 0.479 1.039 1.000
#R 64 1048578 2048 8 1 1024 1 0 512 32769 256 2.88564 0.001950 130849 2044.516 1955 2148 127634 3215 2.4570 42.640 42.360 42.441 42.961 42.960 42.960 0.321 0.600 0.519
#R 64 1048578 2048 8 4 1024 1 0 512 32769 256 2.88564 0.001950 130849 2044.516 1955 2148 127634 3215 2.4570 46.440 46.240 46.000 49.001 48.640 48.441 2.561 2.400 2.441
#R 64 1048578 2048 1 4 1024 1 0 64 262145 2048 2.88564 0.001950 130849 2044.516 1955 2148 130072 777 0.5938 95.121 95.041 95.161 110.800 110.841 110.761 15.679 15.800 15.600
#R 64 1048578 2048 2 4 1024 1 0 128 131073 1024 2.88564 0.001950 130849 2044.516 1955 2148 129370 1479 1.1303 54.800 54.920 54.960 62.520 62.200 62.320 7.720 7.280 7.360
#R 64 1048578 2048 16 4 1024 1 0 1024 16385 128 2.88564 0.001950 130849 2044.516 1955 2148 126212 4637 3.5438 44.520 44.600 44.440 45.321 45.040 44.960 0.801 0.440 0.520
#R 128 2048 2048 4 1 256 0 0 512 128 512 -inf 1.000000 262144 2048.000 2048 2048 262144 0 0.0000 5.920 5.960 6.040 6.240 6.280 6.240 0.320 0.320 0.200
#R 128 2048 2048 4 4 256 0 0 512 128 512 -inf 1.000000 262144 2048.000 2048 2048 262144 0 0.0000 5.960 6.000 5.960 6.240 6.240 6.320 0.280 0.240 0.360
#R 128 2048 2048 1 4 256 0 0 128 512 2048 -inf 1.000000 262144 2048.000 2048 2048 262144 0 0.0000 5.960 6.040 5.920 6.240 6.280 6.320 0.280 0.240 0.400
#R 128 2048 2048 2 4 256 0 0 256 256 1024 -inf 1.000000 262144 2048.000 2048 2048 262144 0 0.0000 6.040 6.000 6.000 6.280 6.280 6.240 0.240 0.280 0.240
#R 128 2048 2048 8 4 256 0 0 1024 64 256 -inf 1.000000 262144 2048.000 2048 2048 262144 0 0.0000 5.960 5.960 6.000 6.320 6.320 6.280 0.360 0.360 0.280
#R 128 2049 2048 4 1 256 1 0 512 129 512 -3.29733 0.999459 262130 2047.891 2045 2049 260697 1433 0.5467 5.960 6.000 5.921 6.240 6.240 6.240 0.280 0.240 0.319
#R 128 2049 2048 4 4 256 1 0 512 129 512 -3.29733 0.999459 262130 2047.891 2045 2049 260697 1433 0.5467 6.040 6.000 5.960 6.280 6.240 6.280 0.240 0.240 0.320
#R 128 2049 2048 1 4 256 1 0 128 513 2048 -3.29733 0.999459 262130 2047.891 2045 2049 262092 38 0.0145 6.040 5.960 6.000 6.280 6.240 6.280 0.240 0.280 0.280
#R 128 2049 2048 2 4 256 1 0 256 257 1024 -3.29733 0.999459 262130 2047.891 2045 2049 261690 440 0.1679 6.000 5.960 6.040 6.240 6.240 6.240 0.240 0.280 0.200
#R 128 2049 2048 8 4 256 1 0 1024 65 256 -3.29733 0.999459 262130 2047.891 2045 2049 258672 3458 1.3192 5.961 6.000 5.960 6.360 6.280 6.320 0.399 0.280 0.360
#R 128 2050 2048 4 1 256 1 0 512 129 512 -3.09756 0.998956 262126 2047.859 2044 2050 260789 1337 0.5101 6.040 6.000 6.000 6.280 6.240 6.241 0.240 0.240 0.241
#R 128 2050 2048 4 4 256 1 0 512 129 512 -3.09756 0.998956 262126 2047.859 2044 2050 260789 1337 0.5101 6.040 5.960 6.040 6.240 6.240 6.240 0.200 0.280 0.200
#R 128 2050 2048 1 4 256 1 0 128 513 2048 -3.09756 0.998956 262126 2047.859 2044 2050 262069 57 0.0217 6.000 6.000 6.040 6.320 6.281 6.280 0.320 0.281 0.240
#R 128 2050 2048 2 4 256 1 0 256 257 1024 -3.09756 0.998956 262126 2047.859 2044 2050 261751 375 0.1431 6.000 6.000 5.960 6.280 6.280 6.320 0.280 0.280 0.360
#R 128 2050 2048 8 4 256 1 0 1024 65 256 -3.09756 0.998956 262126 2047.859 2044 2050 258780 3346 1.2765 6.000 6.000 5.920 6.320 6.320 6.320 0.320 0.320 0.400
#R 128 4096 2048 4 1 256 0 1 512 256 512 -1.39146e-16 0.500151 262223 2048.617 1961 2132 258851 3372 1.2859 6.040 5.961 6.040 6.280 6.240 6.240 0.240 0.279 0.200
#R 128 4096 2048 4 4 256 0 0 512 256 512 -1.39146e-16 0.500151 262223 2048.617 1961 2132 258851 3372 1.2859 5.960 6.040 6.000 6.280 6.241 6.280 0.320 0.201 0.280
#R 128 4096 2048 1 4 256 0 1 128 1024 2048 -1.39146e-16 0.500151 262223 2048.617 1961 2132 260492 1731 0.6601 6.000 6.000 5.960 6.360 6.320 6.320 0.360 0.320 0.360
#R 128 4096 2048 2 4 256 0 0 256 512 1024 -1.39146e-16 0.500151 262223 2048.617 1961 2132 259829 2394 0.9130 6.000 5.960 5.960 6.280 6.240 6.240 0.280 0.280 0.280
#R 128 4096 2048 8 4 256 0 0 1024 128 256 -1.39146e-16 0.500151 262223 2048.617 1961 2132 257608 4615 1.7600 6.000 5.960 6.000 6.320 6.320 6.320 0.320 0.360 0.320
#R 128 4097 2048 4 1 1024 1 0 512 257 512 0.00030591 0.500034 262226 2048.641 1980 2138 258768 3458 1.3187 6.000 6.000 6.000 6.280 6.280 6.280 0.280 0.280 0.280
#R 128 4097 2048 4 4 1024 1 0 512 257 512 0.00030591 0.500034 262226 2048.641 1980 2138 258768 3458 1.3187 5.960 6.000 5.960 6.240 6.240 6.241 0.280 0.240 0.281
#R 128 4097 2048 1 4 1024 1 0 128 1025 2048 0.00030591 0.500034 262226 2048.641 1980 2138 260461 1765 0.6731 6.000 5.961 6.000 6.360 6.280 6.241 0.360 0.319 0.241
#R 128 4097 2048 2 4 1024 1 0 256 513 1024 0.00030591 0.500034 262226 2048.641 1980 2138 259741 2485 0.9477 6.040 5.960 6.040 6.280 6.280 6.280 0.240 0.320 0.240
#R 128 4097 2048 8 4 1024 1 0 1024 129 256 0.00030591 0.500034 262226 2048.641 1980 2138 257100 5126 1.9548 5.961 6.000 6.000 6.360 6.320 6.360 0.399 0.320 0.360
#R 128 4098 2048 4 1 1024 1 0 512 257 512 0.000611671 0.499889 262214 2048.547 1980 2139 258760 3454 1.3172 5.960 6.040 5.960 6.241 6.240 6.240 0.281 0.200 0.280
#R 128 4098 2048 4 4 1024 1 0 512 257 512 0.000611671 0.499889 262214 2048.547 1980 2139 258760 3454 1.3172 6.040 5.960 6.000 6.240 6.280 6.280 0.200 0.320 0.280
#R 128 4098 2048 1 4 1024 1 0 128 1025 2048 0.000611671 0.499889 262214 2048.547 1980 2139 260452 1762 0.6720 6.040 5.960 6.000 6.280 6.320 6.280 0.240 0.360 0.280
#R 128 4098 2048 2 4 1024 1 0 256 513 1024 0.000611671 0.499889 262214 2048.547 1980 2139 259731 2483 0.9469 6.000 6.000 5.960 6.280 6.240 6.240 0.280 0.240 0.280
#R 128 4098 2048 8 4 1024 1 0 1024 129 256 0.000611671 0.499889 262214 2048.547 1980 2139 257111 5103 1.9461 6.040 6.000 5.960 6.360 6.400 6.360 0.320 0.400 0.400
#R 128 8192 2048 4 1 1024 0 0 512 512 512 0.67449 0.250159 262311 2049.305 1954 2150 258350 3961 1.5100 6.000 6.000 6.040 6.241 6.240 6.240 0.241 0.240 0.200
#R 128 8192 2048 4 4 1024 0 0 512 512 512 0.67449 0.250159 262311 2049.305 1954 2150 258350 3961 1.5100 6.000 5.960 6.040 6.281 6.280 6.280 0.281 0.320 0.240
#R 128 8192 2048 1 4 1024 0 0 128 2048 2048 0.67449 0.250159 262311 2049.305 1954 2150 260352 1959 0.7468 6.000 6.040 6.000 6.280 6.280 6.280 0.280 0.240 0.280
#R 128 8192 2048 2 4 1024 0 0 256 1024 1024 0.67449 0.250159 262311 2049.305 1954 2150 259623 2688 1.0247 5.960 6.000 6.000 6.280 6.280 6.241 0.320 0.280 0.241
#R 128 8192 2048 8 4 1024 0 0 1024 256 256 0.67449 0.250159 262311 2049.305 1954 2150 256494 5817 2.2176 6.040 6.000 6.040 6.360 6.320 6.400 0.320 0.320 0.360
#R 128 8193 2048 4 1 1024 1 0 512 513 512 0.674586 0.250149 262332 2049.469 1952 2150 258283 4049 1.5435 6.040 5.921 6.000 6.280 6.240 6.280 0.240 0.319 0.280
#R 128 8193 2048 4 4 1024 1 0 512 513 512 0.674586 0.250149 262332 2049.469 1952 2150 258283 4049 1.5435 5.960 6.040 5.960 6.280 6.240 6.240 0.320 0.200 0.280
#R 128 8193 2048 1 4 1024 1 0 128 2049 2048 0.674586 0.250149 262332 2049.469 1952 2150 260365 1967 0.7498 5.960 6.000 5.960 6.360 6.280 6.280 0.400 0.280 0.320
#R 128 8193 2048 2 4 1024 1 0 256 1025 1024 0.674586 0.250149 262332 2049.469 1952 2150 259541 2791 1.0639 6.040 5.960 6.000 6.280 6.240 6.240 0.240 0.280 0.240
#R 128 8193 2048 8 4 1024 1 0 1024 257 256 0.674586 0.250149 262332 2049.469 1952 2150 256371 5961 2.2723 6.040 5.960 6.040 6.760 6.760 6.760 0.720 0.800 0.720
#R 128 8194 2048 4 1 1024 1 0 512 513 512 0.674682 0.250123 262337 2049.508 1952 2149 258282 4055 1.5457 6.000 6.000 5.960 6.281 6.280 6.280 0.281 0.280 0.320
#R 128 8194 2048 4 4 1024 1 0 512 513 512 0.674682 0.250123 262337 2049.508 1952 2149 258282 4055 1.5457 6.000 6.001 5.960 6.280 6.240 6.281 0.280 0.239 0.321
#R 128 8194 2048 1 4 1024 1 0 128 2049 2048 0.674682 0.250123 262337 2049.508 1952 2149 260367 1970 0.7509 6.000 5.960 6.000 6.320 6.280 6.280 0.320 0.320 0.280
#R 128 8194 2048 2 4 1024 1 0 256 1025 1024 0.674682 0.250123 262337 2049.508 1952 2149 259539 2798 1.0666 6.040 5.960 6.040 6.280 6.240 6.240 0.240 0.280 0.200
#R 128 8194 2048 8 4 1024 1 0 1024 257 256 0.674682 0.250123 262337 2049.508 1952 2149 256377 5960 2.2719 6.000 6.000 5.960 6.800 6.800 6.680 0.800 0.800 0.720
#R 128 16384 2048 4 1 1024 0 1 512 1024 512 1.15035 0.125326 262828 2053.344 1934 2171 258074 4754 1.8088 6.040 6.000 5.960 6.280 6.240 6.280 0.240 0.240 0.320
#R 128 16384 2048 4 4 1024 0 0 512 1024 512 1.15035 0.125326 262828 2053.344 1934 2171 258074 4754 1.8088 6.000 6.000 6.000 6.240 6.241 6.240 0.240 0.241 0.240
#R 128 16384 2048 1 4 1024 0 1 128 4096 2048 1.15035 0.125326 262828 2053.344 1934 2171 260094 2734 1.0402 5.960 6.000 6.000 7.200 7.200 7.160 1.240 1.200 1.160
#R 128 16384 2048 2 4 1024 0 0 256 2048 1024 1.15035 0.125326 262828 2053.344 1934 2171 259256 3572 1.3591 5.960 6.040 5.960 6.320 6.240 6.280 0.360 0.200 0.320
#R 128 16384 2048 8 4 1024 0 0 1024 512 256 1.15035 0.125326 262828 2053.344 1934 2171 256354 6474 2.4632 6.040 6.080 5.960 6.921 6.880 6.920 0.881 0.800 0.960
#R 128 16385 2048 4 1 1024 1 0 512 1025 512 1.15039 0.125323 262838 2053.422 1933 2173 258123 4715 1.7939 6.000 5.960 6.040 6.280 6.280 6.240 0.280 0.320 0.200
#R 128 16385 2048 4 4 1024 1 0 512 1025 512 1.15039 0.125323 262838 2053.422 1933 2173 258123 4715 1.7939 6.000 6.000 6.040 6.280 6.240 6.280 0.280 0.240 0.240
#R 128 16385 2048 1 4 1024 1 0 128 4097 2048 1.15039 0.125323 262838 2053.422 1933 2173 260151 2687 1.0223 5.960 6.000 5.960 7.480 7.480 7.520 1.520 1.480 1.560
#R 128 16385 2048 2 4 1024 1 0 256 2049 1024 1.15039 0.125323 262838 2053.422 1933 2173 259279 3559 1.3541 6.040 6.040 6.000 6.360 6.320 6.280 0.320 0.280 0.280
#R 128 16385 2048 8 4 1024 1 0 1024 513 256 1.15039 0.125323 262838 2053.422 1933 2173 256418 6420 2.4426 6.040 5.960 6.000 7.040 7.080 7.040 1.000 1.120 1.040
#R 128 16386 2048 4 1 1024 1 0 512 1025 512 1.15042 0.125314 262835 2053.398 1933 2173 258120 4715 1.7939 6.000 6.040 6.001 6.280 6.240 6.240 0.280 0.200 0.239
#R 128 16386 2048 4 4 1024 1 0 512 1025 512 1.15042 0.125314 262835 2053.398 1933 2173 258120 4715 1.7939 6.000 6.040 6.000 6.280 6.280 6.240 0.280 0.240 0.240
#R 128 16386 2048 1 4 1024 1 0 128 4097 2048 1.15042 0.125314 262835 2053.398 1933 2173 260154 2681 1.0200 6.000 6.000 5.960 7.600 7.481 7.560 1.600 1.481 1.600
#R 128 16386 2048 2 4 1024 1 0 256 2049 1024 1.15042 0.125314 262835 2053.398 1933 2173 259282 3553 1.3518 6.080 6.000 6.040 6.400 6.360 6.360 0.320 0.360 0.320
#R 128 16386 2048 8 4 1024 1 0 1024 513 256 1.15042 0.125314 262835 2053.398 1933 2173 256418 6417 2.4415 5.960 5.960 6.000 7.240 7.040 7.080 1.280 1.080 1.080
#R 128 32768 2048 4 1 1024 0 1 512 2048 512 1.53412 0.062529 262265 2048.945 1908 2132 257748 4517 1.7223 5.960 6.000 5.960 6.720 6.680 6.760 0.760 0.680 0.800
#R 128 32768 2048 4 4 1024 0 0 512 2048 512 1.53412 0.062529 262265 2048.945 1908 2132 257748 4517 1.7223 6.040 5.960 6.000 6.720 6.720 6.720 0.680 0.760 0.720
#R 128 32768 2048 1 4 1024 0 1 128 8192 2048 1.53412 0.062529 262265 2048.945 1908 2132 260101 2164 0.8251 6.280 6.280 6.280 10.160 10.080 10.200 3.880 3.800 3.920
#R 128 32768 2048 2 4 1024 0 1 256 4096 1024 1.53412 0.062529 262265 2048.945 1908 2132 259047 3218 1.2270 5.960 6.040 6.000 7.800 7.680 7.760 1.840 1.640 1.760
#R 128 32768 2048 8 4 1024 0 0 1024 1024 256 1.53412 0.062529 262265 2048.945 1908 2132 255848 6417 2.4468 6.000 6.040 6.000 7.640 7.560 7.680 1.640 1.520 1.680
#R 128 32769 2048 4 1 1024 1 0 512 2049 512 1.53414 0.062527 262264 2048.938 1901 2130 257800 4464 1.7021 6.080 5.960 6.000 7.240 7.200 7.240 1.160 1.240 1.240
#R 128 32769 2048 4 4 1024 1 0 512 2049 512 1.53414 0.062527 262264 2048.938 1901 2130 257800 4464 1.7021 6.000 5.960 6.040 7.160 7.200 7.280 1.160 1.240 1.240
#R 128 32769 2048 1 4 1024 1 0 128 8193 2048 1.53414 0.062527 262264 2048.938 1901 2130 260073 2191 0.8354 6.720 6.880 6.760 10.800 10.760 10.760 4.080 3.880 4.000
#R 128 32769 2048 2 4 1024 1 0 256 4097 1024 1.53414 0.062527 262264 2048.938 1901 2130 259063 3201 1.2205 6.000 6.040 6.000 8.160 8.120 8.120 2.160 2.080 2.120
#R 128 32769 2048 8 4 1024 1 0 1024 1025 256 1.53414 0.062527 262264 2048.938 1901 2130 255789 6475 2.4689 6.080 6.040 6.040 8.040 8.080 8.000 1.960 2.040 1.960
#R 128 32770 2048 4 1 1024 1 0 512 2049 512 1.53415 0.062526 262269 2048.977 1901 2130 257800 4469 1.7040 6.040 5.960 6.041 7.240 7.200 7.320 1.200 1.240 1.279
#R 128 32770 2048 4 4 1024 1 0 512 2049 512 1.53415 0.062526 262269 2048.977 1901 2130 257800 4469 1.7040 6.000 6.000 6.040 7.240 7.200 7.240 1.240 1.200 1.200
#R 128 32770 2048 1 4 1024 1 0 128 8193 2048 1.53415 0.062526 262269 2048.977 1901 2130 260075 2194 0.8365 6.800 6.680 6.680 10.800 10.720 10.800 4.000 4.040 4.120
#R 128 32770 2048 2 4 1024 1 0 256 4097 1024 1.53415 0.062526 262269 2048.977 1901 2130 259063 3206 1.2224 6.040 6.000 6.000 8.200 8.120 8.200 2.160 2.120 2.200
#R 128 32770 2048 8 4 1024 1 0 1024 1025 256 1.53415 0.062526 262269 2048.977 1901 2130 255793 6476 2.4692 6.080 6.040 6.080 8.080 7.960 7.960 2.000 1.920 1.880
#R 128 65536 2048 4 1 1024 0 1 512 4096 512 1.86273 0.031242 262078 2047.484 1911 2177 257381 4697 1.7922 7.280 7.200 7.080 9.400 9.240 9.320 2.120 2.040 2.240
#R 128 65536 2048 4 4 1024 0 1 512 4096 512 1.86273 0.031242 262078 2047.484 1911 2177 257381 4697 1.7922 6.880 6.680 6.600 9.320 9.320 9.240 2.440 2.640 2.640
#R 128 65536 2048 1 4 1024 0 1 128 16384 2048 1.86273 0.031242 262078 2047.484 1911 2177 259807 2271 0.8665 8.520 8.480 8.440 15.360 15.320 15.320 6.840 6.840 6.880
#R 128 65536 2048 2 4 1024 0 1 256 8192 1024 1.86273 0.031242 262078 2047.484 1911 2177 258775 3303 1.2603 7.280 7.120 7.120 10.920 10.841 10.840 3.640 3.721 3.720
#R 128 65536 2048 8 4 1024 0 0 1024 2048 256 1.86273 0.031242 262078 2047.484 1911 2177 255610 6468 2.4680 7.400 7.320 7.400 10.080 10.080 10.120 2.680 2.760 2.720
#R 128 65537 2048 4 1 1024 1 0 512 4097 512 1.86274 0.031242 262085 2047.539 1912 2179 257390 4695 1.7914 7.680 7.600 7.600 9.720 9.640 9.720 2.040 2.040 2.120
#R 128 65537 2048 4 4 1024 1 0 512 4097 512 1.86274 0.031242 262085 2047.539 1912 2179 257390 4695 1.7914 7.800 7.720 7.800 11.240 11.120 11.120 3.440 3.400 3.320
#R 128 65537 2048 1 4 1024 1 0 128 16385 2048 1.86274 0.031242 262085 2047.539 1912 2179 259808 2277 0.8688 9.640 9.480 9.480 16.480 16.480 16.480 6.840 7.000 7.000
#R 128 65537 2048 2 4 1024 1 0 256 8193 1024 1.86274 0.031242 262085 2047.539 1912 2179 258767 3318 1.2660 7.680 7.520 7.480 11.400 11.240 11.281 3.720 3.720 3.801
#R 128 65537 2048 8 4 1024 1 0 1024 2049 256 1.86274 0.031242 262085 2047.539 1912 2179 255694 6391 2.4385 7.680 7.560 7.640 10.600 10.480 10.480 2.920 2.920 2.840
#R 128 65538 2048 4 1 1024 1 0 512 4097 512 1.86275 0.031242 262083 2047.523 1912 2179 257390 4693 1.7907 7.720 7.640 7.640 9.640 9.760 9.760 1.920 2.120 2.120
#R 128 65538 2048 4 4 1024 1 0 512 4097 512 1.86275 0.031242 262083 2047.523 1912 2179 257390 4693 1.7907 7.880 7.800 7.840 11.120 11.120 11.160 3.240 3.320 3.320
#R 128 65538 2048 1 4 1024 1 0 128 16385 2048 1.86275 0.031242 262083 2047.523 1912 2179 259807 2276 0.8684 9.520 9.520 9.440 16.480 16.520 16.481 6.960 7.000 7.041
#R 128 65538 2048 2 4 1024 1 0 256 8193 1024 1.86275 0.031242 262083 2047.523 1912 2179 258767 3316 1.2652 7.640 7.520 7.600 11.320 11.280 11.240 3.680 3.760 3.640
#R 128 65538 2048 8 4 1024 1 0 1024 2049 256 1.86275 0.031242 262083 2047.523 1912 2179 255693 6390 2.4382 7.720 7.600 7.640 10.520 10.520 10.440 2.800 2.920 2.800
#R 128 131072 2048 4 1 1024 0 1 512 8192 512 2.15387 0.015650 262559 2051.242 1928 2155 257860 4699 1.7897 12.600 12.600 12.640 14.680 14.480 14.560 2.080 1.880 1.920
#R 128 131072 2048 4 4 1024 0 1 512 8192 512 2.15387 0.015650 262559 2051.242 1928 2155 257860 4699 1.7897 12.200 12.240 12.200 14.600 14.520 14.520 2.400 2.280 2.320
#R 128 131072 2048 1 4 1024 0 1 128 32768 2048 2.15387 0.015650 262559 2051.242 1928 2155 260041 2518 0.9590 14.040 14.000 14.000 24.920 24.800 24.720 10.880 10.800 10.720
#R 128 131072 2048 2 4 1024 0 1 256 16384 1024 2.15387 0.015650 262559 2051.242 1928 2155 259173 3386 1.2896 13.160 12.960 12.840 17.080 16.960 16.920 3.920 4.000 4.080
#R 128 131072 2048 8 4 1024 0 1 1024 4096 256 2.15387 0.015650 262559 2051.242 1928 2155 255771 6788 2.5853 12.840 12.601 12.480 15.800 15.560 15.560 2.960 2.959 3.080
#R 128 131073 2048 4 1 1024 1 0 512 8193 512 2.15388 0.015649 262555 2051.211 1924 2158 257827 4728 1.8008 13.040 13.160 13.080 15.200 15.160 15.240 2.160 2.000 2.160
#R 128 131073 2048 4 4 1024 1 0 512 8193 512 2.15388 0.015649 262555 2051.211 1924 2158 257827 4728 1.8008 13.680 13.720 13.520 16.560 16.640 16.440 2.880 2.920 2.920
#R 128 131073 2048 1 4 1024 1 0 128 32769 2048 2.15388 0.015649 262555 2051.211 1924 2158 260027 2528 0.9628 16.000 15.920 15.960 26.240 26.000 26.240 10.240 10.080 10.280
#R 128 131073 2048 2 4 1024 1 0 256 16385 1024 2.15388 0.015649 262555 2051.211 1924 2158 259141 3414 1.3003 13.120 13.000 12.921 17.560 17.360 17.320 4.440 4.360 4.399
#R 128 131073 2048 8 4 1024 1 0 1024 4097 256 2.15388 0.015649 262555 2051.211 1924 2158 255718 6837 2.6040 12.800 12.600 12.560 18.121 17.840 17.960 5.321 5.240 5.400
#R 128 131074 2048 4 1 1024 1 0 512 8193 512 2.15388 0.015649 262555 2051.211 1924 2158 257827 4728 1.8008 13.120 13.080 13.000 15.200 15.160 15.160 2.080 2.080 2.160
#R 128 131074 2048 4 4 1024 1 0 512 8193 512 2.15388 0.015649 262555 2051.211 1924 2158 257827 4728 1.8008 13.800 13.760 13.760 16.600 16.600 16.440 2.800 2.840 2.680
#R 128 131074 2048 1 4 1024 1 0 128 32769 2048 2.15388 0.015649 262555 2051.211 1924 2158 260026 2529 0.9632 15.960 15.920 15.880 26.000 26.120 26.240 10.040 10.200 10.360
#R 128 131074 2048 2 4 1024 1 0 256 16385 1024 2.15388 0.015649 262555 2051.211 1924 2158 259140 3415 1.3007 13.120 13.000 12.920 17.320 17.280 17.280 4.200 4.280 4.360
#R 128 131074 2048 8 4 1024 1 0 1024 4097 256 2.15388 0.015649 262555 2051.211 1924 2158 255718 6837 2.6040 12.760 12.520 12.600 18.080 17.960 17.880 5.320 5.440 5.280
#R 128 262144 2048 4 1 1024 0 1 512 16384 512 2.41756 0.007807 261957 2046.539 1955 2199 257536 4421 1.6877 23.000 23.000 22.840 23.120 23.121 23.120 0.120 0.121 0.280
#R 128 262144 2048 4 4 1024 0 1 512 16384 512 2.41756 0.007807 261957 2046.539 1955 2199 257536 4421 1.6877 23.881 23.960 23.680 24.520 24.400 24.400 0.639 0.440 0.720
#R 128 262144 2048 1 4 1024 0 1 128 65536 2048 2.41756 0.007807 261957 2046.539 1955 2199 259835 2122 0.8101 24.400 24.520 24.400 39.080 39.200 39.041 14.680 14.680 14.641
#R 128 262144 2048 2 4 1024 0 1 256 32768 1024 2.41756 0.007807 261957 2046.539 1955 2199 258968 2989 1.1410 23.840 24.000 23.960 26.400 26.240 26.440 2.560 2.240 2.480
#R 128 262144 2048 8 4 1024 0 1 1024 8192 256 2.41756 0.007807 261957 2046.539 1955 2199 255589 6368 2.4309 22.560 22.320 22.320 24.400 24.440 24.320 1.840 2.120 2.000
#R 128 262145 2048 4 1 1024 1 0 512 16385 512 2.41756 0.007807 261958 2046.547 1956 2198 257534 4424 1.6888 23.600 23.601 23.640 24.040 24.160 24.080 0.440 0.559 0.440
#R 128 262145 2048 4 4 1024 1 0 512 16385 512 2.41756 0.007807 261958 2046.547 1956 2198 257534 4424 1.6888 24.760 24.800 24.640 26.720 26.480 26.161 1.960 1.680 1.521
#R 128 262145 2048 1 4 1024 1 0 128 65537 2048 2.41756 0.007807 261958 2046.547 1956 2198 259836 2122 0.8101 28.840 28.600 28.840 41.840 42.040 42.080 13.000 13.440 13.240
#R 128 262145 2048 2 4 1024 1 0 256 32769 1024 2.41756 0.007807 261958 2046.547 1956 2198 258995 2963 1.1311 24.600 24.440 24.600 27.680 27.521 27.600 3.080 3.081 3.000
#R 128 262145 2048 8 4 1024 1 0 1024 8193 256 2.41756 0.007807 261958 2046.547 1956 2198 255595 6363 2.4290 23.000 23.080 23.080 26.680 26.601 26.680 3.680 3.521 3.600
#R 128 262146 2048 4 1 1024 1 0 512 16385 512 2.41756 0.007807 261958 2046.547 1956 2198 257535 4423 1.6884 23.720 23.600 23.680 24.000 24.080 24.001 0.280 0.480 0.321
#R 128 262146 2048 4 4 1024 1 0 512 16385 512 2.41756 0.007807 261958 2046.547 1956 2198 257535 4423 1.6884 24.720 24.880 24.800 26.640 26.360 26.321 1.920 1.480 1.521
#R 128 262146 2048 1 4 1024 1 0 128 65537 2048 2.41756 0.007807 261958 2046.547 1956 2198 259836 2122 0.8101 28.600 28.640 28.801 41.840 41.920 41.880 13.240 13.280 13.079
#R 128 262146 2048 2 4 1024 1 0 256 32769 1024 2.41756 0.007807 261958 2046.547 1956 2198 258995 2963 1.1311 24.640 25.000 24.640 27.600 27.240 27.441 2.960 2.240 2.801
#R 128 262146 2048 8 4 1024 1 0 1024 8193 256 2.41756 0.007807 261958 2046.547 1956 2198 255595 6363 2.4290 23.000 23.080 23.040 26.600 26.520 26.640 3.600 3.440 3.600
#R 128 524288 2048 4 1 1024 0 1 512 32768 512 2.66007 0.003909 262335 2049.492 1956 2146 257620 4715 1.7973 41.480 41.601 41.800 41.840 41.721 41.640 0.360 0.120 -0.160
#R 128 524288 2048 4 4 1024 0 1 512 32768 512 2.66007 0.003909 262335 2049.492 1956 2146 257620 4715 1.7973 44.081 43.641 43.400 44.240 44.160 44.041 0.159 0.519 0.641
#R 128 524288 2048 1 4 1024 0 1 128 131072 2048 2.66007 0.003909 262335 2049.492 1956 2146 260021 2314 0.8821 45.840 45.680 45.560 62.721 62.521 62.480 16.881 16.841 16.920
#R 128 524288 2048 2 4 1024 0 1 256 65536 1024 2.66007 0.003909 262335 2049.492 1956 2146 259131 3204 1.2213 42.560 42.320 42.600 43.040 43.040 42.840 0.480 0.720 0.240
#R 128 524288 2048 8 4 1024 0 1 1024 16384 256 2.66007 0.003909 262335 2049.492 1956 2146 255812 6523 2.4865 44.160 44.201 44.000 43.600 43.640 43.600 -0.560 -0.561 -0.400
#R 128 524289 2048 4 1 1024 1 0 512 32769 512 2.66007 0.003909 262335 2049.492 1958 2146 257641 4694 1.7893 43.641 43.480 43.680 43.921 43.800 43.960 0.280 0.320 0.280
#R 128 524289 2048 4 4 1024 1 0 512 32769 512 2.66007 0.003909 262335 2049.492 1958 2146 257641 4694 1.7893 46.720 47.080 46.120 48.400 48.320 47.960 1.680 1.240 1.840
#R 128 524289 2048 1 4 1024 1 0 128 131073 2048 2.66007 0.003909 262335 2049.492 1958 2146 260021 2314 0.8821 54.641 54.680 54.560 68.720 68.681 68.600 14.079 14.001 14.040
#R 128 524289 2048 2 4 1024 1 0 256 65537 1024 2.66007 0.003909 262335 2049.492 1958 2146 259139 3196 1.2183 44.440 44.281 44.320 45.560 45.441 45.401 1.120 1.160 1.081
#R 128 524289 2048 8 4 1024 1 0 1024 16385 256 2.66007 0.003909 262335 2049.492 1958 2146 255799 6536 2.4915 45.280 45.600 45.201 45.960 45.721 45.960 0.680 0.121 0.759
#R 128 524290 2048 4 1 1024 1 0 512 32769 512 2.66007 0.003909 262335 2049.492 1958 2146 257641 4694 1.7893 43.200 43.760 43.320 43.881 43.841 44.040 0.681 0.081 0.720
#R 128 524290 2048 4 4 1024 1 0 512 32769 512 2.66007 0.003909 262335 2049.492 1958 2146 257641 4694 1.7893 46.601 46.760 46.440 48.640 48.400 48.160 2.039 1.640 1.720
#R 128 524290 2048 1 4 1024 1 0 128 131073 2048 2.66007 0.003909 262335 2049.492 1958 2146 260021 2314 0.8821 54.561 54.521 54.641 68.440 68.201 68.320 13.879 13.680 13.679
#R 128 524290 2048 2 4 1024 1 0 256 65537 1024 2.66007 0.003909 262335 2049.492 1958 2146 259139 3196 1.2183 44.800 44.440 44.600 45.440 45.241 45.321 0.640 0.801 0.721
#R 128 524290 2048 8 4 1024 1 0 1024 16385 256 2.66007 0.003909 262335 2049.492 1958 2146 255799 6536 2.4915 45.120 45.240 45.201 45.600 45.640 45.560 0.480 0.400 0.359
#R 128 1048576 2048 4 1 1024 0 1 512 65536 512 2.88563 0.001951 261890 2046.016 1948 2154 257292 4598 1.7557 79.080 79.001 78.681 80.320 79.840 79.960 1.240 0.839 1.279
#R 128 1048576 2048 4 4 1024 0 1 512 65536 512 2.88563 0.001951 261890 2046.016 1948 2154 257292 4598 1.7557 82.600 82.080 82.400 84.400 84.841 84.480 1.800 2.761 2.080
#R 128 1048576 2048 1 4 1024 0 1 128 262144 2048 2.88563 0.001951 261890 2046.016 1948 2154 259997 1893 0.7228 87.721 88.000 87.881 105.800 106.361 106.040 18.079 18.361 18.159
#R 128 1048576 2048 2 4 1024 0 1 256 131072 1024 2.88563 0.001951 261890 2046.016 1948 2154 258831 3059 1.1680 79.121 78.960 79.240 81.360 81.761 81.161 2.239 2.801 1.921
#R 128 1048576 2048 8 4 1024 0 1 1024 32768 256 2.88563 0.001951 261890 2046.016 1948 2154 255427 6463 2.4678 86.600 86.721 86.600 85.241 85.680 85.561 -1.359 -1.041 -1.039
#R 128 1048577 2048 4 1 1024 1 0 512 65537 512 2.88564 0.001951 261890 2046.016 1949 2153 257305 4585 1.7507 81.560 82.520 81.840 84.640 84.721 84.560 3.080 2.201 2.720
#R 128 1048577 2048 4 4 1024 1 0 512 65537 512 2.88564 0.001951 261890 2046.016 1949 2153 257305 4585 1.7507 88.560 88.000 88.321 93.520 93.441 93.280 4.960 5.441 4.959
#R 128 1048577 2048 1 4 1024 1 0 128 262145 2048 2.88564 0.001951 261890 2046.016 1949 2153 259983 1907 0.7282 106.880 107.001 106.960 119.201 119.640 119.240 12.321 12.639 12.280
#R 128 1048577 2048 2 4 1024 1 0 256 131073 1024 2.88564 0.001951 261890 2046.016 1949 2153 258831 3059 1.1680 86.600 85.920 86.440 87.000 87.520 87.201 0.400 1.600 0.761
#R 128 1048577 2048 8 4 1024 1 0 1024 32769 256 2.88564 0.001951 261890 2046.016 1949 2153 255432 6458 2.4659 91.240 91.600 91.720 91.001 90.761 91.081 -0.239 -0.839 -0.639
#R 128 1048578 2048 4 1 1024 1 0 512 65537 512 2.88564 0.001951 261889 2046.008 1949 2153 257304 4585 1.7507 82.161 82.521 82.481 84.521 84.520 84.881 2.360 1.999 2.400
#R 128 1048578 2048 4 4 1024 1 0 512 65537 512 2.88564 0.001951 261889 2046.008 1949 2153 257304 4585 1.7507 88.441 88.360 88.000 93.480 93.001 93.321 5.039 4.641 5.321
#R 128 1048578 2048 1 4 1024 1 0 128 262145 2048 2.88564 0.001951 261889 2046.008 1949 2153 259982 1907 0.7282 107.401 107.241 107.160 119.241 119.681 119.321 11.840 12.440 12.161
#R 128 1048578 2048 2 4 1024 1 0 256 131073 1024 2.88564 0.001951 261889 2046.008 1949 2153 258830 3059 1.1681 86.760 86.441 86.520 87.360 86.920 87.441 0.600 0.479 0.921
#R 128 1048578 2048 8 4 1024 1 0 1024 32769 256 2.88564 0.001951 261889 2046.008 1949 2153 255432 6457 2.4655 91.681 91.280 91.521 90.681 90.880 90.760 -1.000 -0.400 -0.761
#R 256 2048 2048 2 1 256 0 1 512 256 1024 -inf 1.000000 524288 2048.000 2048 2048 524288 0 0.0000 6.000 6.000 6.000 6.280 6.320 6.360 0.280 0.320 0.360
#R 256 2048 2048 2 4 256 0 0 512 256 1024 -inf 1.000000 524288 2048.000 2048 2048 524288 0 0.0000 5.961 6.040 6.000 6.320 6.320 6.320 0.359 0.280 0.320
#R 256 2048 2048 1 4 256 0 0 256 512 2048 -inf 1.000000 524288 2048.000 2048 2048 524288 0 0.0000 6.000 6.040 6.000 6.320 6.320 6.360 0.320 0.280 0.360
#R 256 2048 2048 4 4 256 0 0 1024 128 512 -inf 1.000000 524288 2048.000 2048 2048 524288 0 0.0000 6.000 5.960 6.000 6.320 6.280 6.320 0.320 0.320 0.320
#R 256 2049 2048 2 1 256 1 0 512 257 1024 -3.29733 0.999485 524274 2047.945 2044 2049 523399 875 0.1669 6.040 5.960 6.040 6.320 6.360 6.320 0.280 0.400 0.280
#R 256 2049 2048 2 4 256 1 0 512 257 1024 -3.29733 0.999485 524274 2047.945 2044 2049 523399 875 0.1669 6.000 6.000 6.000 6.320 6.320 6.360 0.320 0.320 0.360
#R 256 2049 2048 1 4 256 1 0 256 513 2048 -3.29733 0.999485 524274 2047.945 2044 2049 524184 90 0.0172 5.960 6.000 5.960 6.360 6.281 6.320 0.400 0.281 0.360
#R 256 2049 2048 4 4 256 1 0 1024 129 512 -3.29733 0.999485 524274 2047.945 2044 2049 521408 2866 0.5467 6.000 6.000 6.000 6.280 6.280 6.320 0.280 0.280 0.320
#R 256 2050 2048 2 1 256 1 0 512 257 1024 -3.09756 0.999011 524281 2047.973 2043 2050 523527 754 0.1438 6.041 6.000 6.040 6.320 6.280 6.280 0.279 0.280 0.240
#R 256 2050 2048 2 4 256 1 0 512 257 1024 -3.09756 0.999011 524281 2047.973 2043 2050 523527 754 0.1438 6.000 6.040 6.000 6.280 6.280 6.280 0.280 0.240 0.280
#R 256 2050 2048 1 4 256 1 0 256 513 2048 -3.09756 0.999011 524281 2047.973 2043 2050 524143 138 0.0263 6.000 6.000 6.000 6.280 6.280 6.281 0.280 0.280 0.281
#R 256 2050 2048 4 4 256 1 0 1024 129 512 -3.09756 0.999011 524281 2047.973 2043 2050 521590 2691 0.5133 6.040 5.960 6.000 6.360 6.320 6.320 0.320 0.360 0.320
#R 256 4096 2048 2 1 256 0 1 512 512 1024 -1.39146e-16 0.500407 524715 2049.668 1961 2153 519835 4880 0.9300 6.000 5.960 6.000 6.241 6.320 6.320 0.241 0.360 0.320
#R 256 4096 2048 2 4 256 0 0 512 512 1024 -1.39146e-16 0.500407 524715 2049.668 1961 2153 519835 4880 0.9300 5.960 6.000 6.000 6.360 6.360 6.281 0.400 0.360 0.281
#R 256 4096 2048 1 4 256 0 1 256 1024 2048 -1.39146e-16 0.500407 524715 2049.668 1961 2153 521157 3558 0.6781 6.000 6.040 5.960 6.320 6.320 6.360 0.320 0.280 0.400
#R 256 4096 2048 4 4 256 0 0 1024 256 512 -1.39146e-16 0.500407 524715 2049.668 1961 2153 517858 6857 1.3068 6.040 5.960 6.000 6.280 6.360 6.320 0.240 0.400 0.320
#R 256 4097 2048 2 1 1024 1 0 512 513 1024 0.00030591 0.500297 524728 2049.719 1976 2153 519826 4902 0.9342 6.000 5.960 6.040 6.320 6.320 6.320 0.320 0.360 0.280
#R 256 4097 2048 2 4 1024 1 0 512 513 1024 0.00030591 0.500297 524728 2049.719 1976 2153 519826 4902 0.9342 5.960 6.040 6.000 6.320 6.320 6.280 0.360 0.280 0.280
#R 256 4097 2048 1 4 1024 1 0 256 1025 2048 0.00030591 0.500297 524728 2049.719 1976 2153 521203 3525 0.6718 6.000 6.040 5.960 6.360 6.320 6.280 0.360 0.280 0.320
#R 256 4097 2048 4 4 1024 1 0 1024 257 512 0.00030591 0.500297 524728 2049.719 1976 2153 517707 7021 1.3380 6.040 6.000 6.040 6.400 6.360 6.400 0.360 0.360 0.360
#R 256 4098 2048 2 1 1024 1 0 512 513 1024 0.000611671 0.500154 524706 2049.633 1977 2153 519820 4886 0.9312 6.000 6.000 6.040 6.320 6.320 6.320 0.320 0.320 0.280
#R 256 4098 2048 2 4 1024 1 0 512 513 1024 0.000611671 0.500154 524706 2049.633 1977 2153 519820 4886 0.9312 5.961 6.000 6.000 6.320 6.360 6.281 0.359 0.360 0.281
#R 256 4098 2048 1 4 1024 1 0 256 1025 2048 0.000611671 0.500154 524706 2049.633 1977 2153 521198 3508 0.6686 6.040 6.000 6.000 6.320 6.280 6.321 0.280 0.280 0.321
#R 256 4098 2048 4 4 1024 1 0 1024 257 512 0.000611671 0.500154 524706 2049.633 1977 2153 517700 7006 1.3352 6.000 6.000 6.040 6.360 6.360 6.400 0.360 0.360 0.360
#R 256 8192 2048 2 1 1024 0 1 512 1024 1024 0.67449 0.250063 524421 2048.520 1937 2150 519024 5397 1.0291 5.960 6.000 6.080 6.360 6.320 6.320 0.400 0.320 0.240
#R 256 8192 2048 2 4 1024 0 0 512 1024 1024 0.67449 0.250063 524421 2048.520 1937 2150 519024 5397 1.0291 5.960 6.040 6.000 6.360 6.320 6.400 0.400 0.280 0.400
#R 256 8192 2048 1 4 1024 0 0 256 2048 2048 0.67449 0.250063 524421 2048.520 1937 2150 520550 3871 0.7381 6.080 5.960 6.040 6.320 6.280 6.320 0.240 0.320 0.280
#R 256 8192 2048 4 4 1024 0 0 1024 512 512 0.67449 0.250063 524421 2048.520 1937 2150 516625 7796 1.4866 6.040 5.960 6.160 6.720 6.760 6.760 0.680 0.800 0.600
#R 256 8193 2048 2 1 1024 1 0 512 1025 1024 0.674586 0.250055 524468 2048.703 1943 2150 518754 5714 1.0895 5.960 6.040 6.000 6.320 6.320 6.320 0.360 0.280 0.320
#R 256 8193 2048 2 4 1024 1 0 512 1025 1024 0.674586 0.250055 524468 2048.703 1943 2150 518754 5714 1.0895 6.000 6.040 6.040 6.361 6.320 6.320 0.361 0.280 0.280
#R 256 8193 2048 1 4 1024 1 0 256 2049 2048 0.674586 0.250055 524468 2048.703 1943 2150 520503 3965 0.7560 6.000 6.040 6.000 6.680 6.640 6.520 0.680 0.600 0.520
#R 256 8193 2048 4 4 1024 1 0 1024 513 512 0.674586 0.250055 524468 2048.703 1943 2150 516425 8043 1.5336 6.040 6.000 6.080 6.960 6.960 6.960 0.920 0.960 0.880
#R 256 8194 2048 2 1 1024 1 0 512 1025 1024 0.674682 0.250023 524464 2048.688 1943 2149 518755 5709 1.0885 5.960 6.040 6.040 6.320 6.280 6.320 0.360 0.240 0.280
#R 256 8194 2048 2 4 1024 1 0 512 1025 1024 0.674682 0.250023 524464 2048.688 1943 2149 518755 5709 1.0885 6.000 6.040 5.960 6.320 6.360 6.360 0.320 0.320 0.400
#R 256 8194 2048 1 4 1024 1 0 256 2049 2048 0.674682 0.250023 524464 2048.688 1943 2149 520509 3955 0.7541 6.040 5.960 6.000 6.600 6.680 6.640 0.560 0.720 0.640
#R 256 8194 2048 4 4 1024 1 0 1024 513 512 0.674682 0.250023 524464 2048.688 1943 2149 516429 8035 1.5320 6.040 6.000 6.040 6.880 6.880 6.880 0.840 0.880 0.840
#R 256 16384 2048 2 1 1024 0 1 512 2048 1024 1.15035 0.125230 525254 2051.773 1917 2171 518597 6657 1.2674 5.960 6.040 6.040 6.600 6.600 6.600 0.640 0.560 0.560
#R 256 16384 2048 2 4 1024 0 0 512 2048 1024 1.15035 0.125230 525254 2051.773 1917 2171 518597 6657 1.2674 6.000 6.000 6.040 6.600 6.600 6.640 0.600 0.600 0.600
#R 256 16384 2048 1 4 1024 0 1 256 4096 2048 1.15035 0.125230 525254 2051.773 1917 2171 520568 4686 0.8921 6.040 6.040 6.040 7.440 7.360 7.480 1.400 1.320 1.440
#R 256 16384 2048 4 4 1024 0 0 1024 1024 512 1.15035 0.125230 525254 2051.773 1917 2171 516166 9088 1.7302 6.040 5.960 6.040 7.520 7.520 7.440 1.480 1.560 1.400
#R 256 16385 2048 2 1 1024 1 0 512 2049 1024 1.15039 0.125222 525250 2051.758 1918 2173 518595 6655 1.2670 6.000 6.040 6.001 6.920 6.880 6.840 0.920 0.840 0.839
#R 256 16385 2048 2 4 1024 1 0 512 2049 1024 1.15039 0.125222 525250 2051.758 1918 2173 518595 6655 1.2670 5.960 6.080 6.040 6.920 6.880 6.880 0.960 0.800 0.840
#R 256 16385 2048 1 4 1024 1 0 256 4097 2048 1.15039 0.125222 525250 2051.758 1918 2173 520548 4702 0.8952 6.041 6.000 6.040 7.880 7.920 7.920 1.839 1.920 1.880
#R 256 16385 2048 4 4 1024 1 0 1024 1025 512 1.15039 0.125222 525250 2051.758 1918 2173 515994 9256 1.7622 6.040 6.000 6.040 8.280 8.280 8.320 2.240 2.280 2.280
#R 256 16386 2048 2 1 1024 1 0 512 2049 1024 1.15042 0.125215 525253 2051.770 1918 2173 518604 6649 1.2659 5.960 6.080 6.000 6.920 6.960 6.880 0.960 0.880 0.880
#R 256 16386 2048 2 4 1024 1 0 512 2049 1024 1.15042 0.125215 525253 2051.770 1918 2173 518604 6649 1.2659 5.960 6.040 6.000 6.920 6.920 7.080 0.960 0.880 1.080
#R 256 16386 2048 1 4 1024 1 0 256 4097 2048 1.15042 0.125215 525253 2051.770 1918 2173 520557 4696 0.8940 6.040 5.961 6.040 7.960 7.960 7.960 1.920 1.999 1.920
#R 256 16386 2048 4 4 1024 1 0 1024 1025 512 1.15042 0.125215 525253 2051.770 1918 2173 515995 9258 1.7626 6.040 5.960 6.000 8.280 8.200 8.280 2.240 2.240 2.280
#R 256 32768 2048 2 1 1024 0 1 512 4096 1024 1.53412 0.062496 524253 2047.863 1908 2168 517961 6292 1.2002 6.480 6.520 6.520 8.920 8.880 8.840 2.440 2.360 2.320
#R 256 32768 2048 2 4 1024 0 1 512 4096 1024 1.53412 0.062496 524253 2047.863 1908 2168 517961 6292 1.2002 6.280 6.280 6.200 9.200 9.040 9.040 2.920 2.760 2.840
#R 256 32768 2048 1 4 1024 0 1 256 8192 2048 1.53412 0.062496 524253 2047.863 1908 2168 519909 4344 0.8286 6.440 6.520 6.480 10.480 10.401 10.400 4.040 3.881 3.920
#R 256 32768 2048 4 4 1024 0 0 1024 2048 512 1.53412 0.062496 524253 2047.863 1908 2168 515303 8950 1.7072 7.280 7.280 7.280 10.160 10.160 10.160 2.880 2.880 2.880
#R 256 32769 2048 2 1 1024 1 0 512 4097 1024 1.53414 0.062494 524253 2047.863 1901 2173 517958 6295 1.2008 6.880 6.880 6.840 9.280 9.280 9.280 2.400 2.400 2.440
#R 256 32769 2048 2 4 1024 1 0 512 4097 1024 1.53414 0.062494 524253 2047.863 1901 2173 517958 6295 1.2008 6.680 6.680 6.720 9.760 9.800 9.800 3.080 3.120 3.080
#R 256 32769 2048 1 4 1024 1 0 256 8193 2048 1.53414 0.062494 524253 2047.863 1901 2173 519756 4497 0.8578 6.881 6.880 6.880 11.000 11.000 10.960 4.119 4.120 4.080
#R 256 32769 2048 4 4 1024 1 0 1024 2049 512 1.53414 0.062494 524253 2047.863 1901 2173 515360 8893 1.6963 7.600 7.560 7.560 10.560 10.640 10.520 2.960 3.080 2.960
#R 256 32770 2048 2 1 1024 1 0 512 4097 1024 1.53415 0.062493 524263 2047.902 1901 2173 517961 6302 1.2021 6.920 6.880 6.840 9.280 9.241 9.200 2.360 2.361 2.360
#R 256 32770 2048 2 4 1024 1 0 512 4097 1024 1.53415 0.062493 524263 2047.902 1901 2173 517961 6302 1.2021 6.800 6.720 6.680 9.880 9.800 9.800 3.080 3.080 3.120
#R 256 32770 2048 1 4 1024 1 0 256 8193 2048 1.53415 0.062493 524263 2047.902 1901 2173 519764 4499 0.8582 6.920 6.920 7.000 11.040 11.000 11.040 4.120 4.080 4.040
#R 256 32770 2048 4 4 1024 1 0 1024 2049 512 1.53415 0.062493 524263 2047.902 1901 2173 515364 8899 1.6974 7.560 7.560 7.560 10.720 10.560 10.521 3.160 3.000 2.961
#R 256 65536 2048 2 1 1024 0 1 512 8192 1024 1.86273 0.031264 524515 2048.887 1911 2177 517974 6541 1.2471 11.680 11.680 11.720 14.120 14.200 14.160 2.440 2.520 2.440
#R 256 65536 2048 2 4 1024 0 1 512 8192 1024 1.86273 0.031264 524515 2048.887 1911 2177 517974 6541 1.2471 11.360 11.401 11.360 14.800 14.840 14.800 3.440 3.439 3.440
#R 256 65536 2048 1 4 1024 0 1 256 16384 2048 1.86273 0.031264 524515 2048.887 1911 2177 519773 4742 0.9041 12.120 12.040 12.040 17.720 17.760 17.761 5.600 5.720 5.721
#R 256 65536 2048 4 4 1024 0 1 1024 4096 512 1.86273 0.031264 524515 2048.887 1911 2177 515379 9136 1.7418 12.360 12.120 12.160 16.400 16.160 16.160 4.040 4.040 4.000
#R 256 65537 2048 2 1 1024 1 0 512 8193 1024 1.86274 0.031263 524516 2048.891 1912 2179 517929 6587 1.2558 12.160 12.120 12.120 14.841 14.880 14.920 2.681 2.760 2.800
#R 256 65537 2048 2 4 1024 1 0 512 8193 1024 1.86274 0.031263 524516 2048.891 1912 2179 517929 6587 1.2558 11.880 11.760 11.840 15.520 15.440 15.480 3.640 3.680 3.640
#R 256 65537 2048 1 4 1024 1 0 256 16385 2048 1.86274 0.031263 524516 2048.891 1912 2179 519777 4739 0.9035 12.120 12.000 11.960 18.080 18.001 18.080 5.960 6.001 6.120
#R 256 65537 2048 4 4 1024 1 0 1024 4097 512 1.86274 0.031263 524516 2048.891 1912 2179 515283 9233 1.7603 13.000 12.960 12.680 18.520 18.441 18.360 5.520 5.481 5.680
#R 256 65538 2048 2 1 1024 1 0 512 8193 1024 1.86275 0.031262 524513 2048.879 1912 2179 517928 6585 1.2555 12.121 12.160 12.040 14.760 14.960 14.840 2.639 2.800 2.800
#R 256 65538 2048 2 4 1024 1 0 512 8193 1024 1.86275 0.031262 524513 2048.879 1912 2179 517928 6585 1.2555 11.880 11.840 11.880 15.480 15.560 15.480 3.600 3.720 3.600
#R 256 65538 2048 1 4 1024 1 0 256 16385 2048 1.86275 0.031262 524513 2048.879 1912 2179 519776 4737 0.9031 12.080 12.000 12.040 18.000 18.080 18.080 5.920 6.080 6.040
#R 256 65538 2048 4 4 1024 1 0 1024 4097 512 1.86275 0.031262 524513 2048.879 1912 2179 515282 9231 1.7599 12.840 12.880 12.761 18.480 18.440 18.480 5.640 5.560 5.719
#R 256 131072 2048 2 1 1024 0 1 512 16384 1024 2.15387 0.015641 524836 2050.141 1928 2166 518067 6769 1.2897 21.640 21.601 21.680 23.441 23.400 23.440 1.801 1.799 1.760
#R 256 131072 2048 2 4 1024 0 1 512 16384 1024 2.15387 0.015641 524836 2050.141 1928 2166 518067 6769 1.2897 22.640 22.640 22.520 24.121 23.960 23.960 1.481 1.320 1.440
#R 256 131072 2048 1 4 1024 0 1 256 32768 2048 2.15387 0.015641 524836 2050.141 1928 2166 519800 5036 0.9595 23.520 23.281 23.200 28.120 28.120 28.120 4.600 4.839 4.920
#R 256 131072 2048 4 4 1024 0 1 1024 8192 512 2.15387 0.015641 524836 2050.141 1928 2166 515388 9448 1.8002 22.120 22.240 21.961 25.400 25.320 25.200 3.280 3.080 3.239
#R 256 131073 2048 2 1 1024 1 0 512 16385 1024 2.15388 0.015641 524835 2050.137 1924 2164 518044 6791 1.2939 22.040 21.840 21.840 24.840 24.800 24.840 2.800 2.960 3.000
#R 256 131073 2048 2 4 1024 1 0 512 16385 1024 2.15388 0.015641 524835 2050.137 1924 2164 518044 6791 1.2939 23.400 23.240 23.320 25.841 25.800 25.720 2.441 2.560 2.400
#R 256 131073 2048 1 4 1024 1 0 256 32769 2048 2.15388 0.015641 524835 2050.137 1924 2164 519810 5025 0.9574 23.560 23.480 23.560 29.040 29.000 29.000 5.480 5.520 5.440
#R 256 131073 2048 4 4 1024 1 0 1024 8193 512 2.15388 0.015641 524835 2050.137 1924 2164 515463 9372 1.7857 22.961 22.880 23.000 27.921 27.840 27.720 4.960 4.960 4.720
#R 256 131074 2048 2 1 1024 1 0 512 16385 1024 2.15388 0.015641 524834 2050.133 1924 2164 518043 6791 1.2939 22.000 21.760 21.920 24.840 24.841 24.840 2.840 3.081 2.920
#R 256 131074 2048 2 4 1024 1 0 512 16385 1024 2.15388 0.015641 524834 2050.133 1924 2164 518043 6791 1.2939 23.520 23.480 23.360 25.960 25.840 25.681 2.440 2.360 2.321
#R 256 131074 2048 1 4 1024 1 0 256 32769 2048 2.15388 0.015641 524834 2050.133 1924 2164 519809 5025 0.9574 23.801 23.520 23.440 29.000 28.960 29.000 5.199 5.440 5.560
#R 256 131074 2048 4 4 1024 1 0 1024 8193 512 2.15388 0.015641 524834 2050.133 1924 2164 515462 9372 1.7857 23.000 23.040 22.920 27.920 27.920 27.881 4.920 4.880 4.961
#R 256 262144 2048 2 1 1024 0 1 512 32768 1024 2.41756 0.007804 523724 2045.797 1899 2199 517372 6352 1.2129 40.440 40.280 39.880 41.360 41.480 41.560 0.920 1.200 1.680
#R 256 262144 2048 2 4 1024 0 1 512 32768 1024 2.41756 0.007804 523724 2045.797 1899 2199 517372 6352 1.2129 43.600 43.560 43.480 44.241 44.000 44.081 0.641 0.440 0.601
#R 256 262144 2048 1 4 1024 0 1 256 65536 2048 2.41756 0.007804 523724 2045.797 1899 2199 519291 4433 0.8464 42.320 41.920 41.881 44.800 44.760 44.721 2.480 2.840 2.840
#R 256 262144 2048 4 4 1024 0 1 1024 16384 512 2.41756 0.007804 523724 2045.797 1899 2199 514696 9028 1.7238 43.680 43.240 42.800 43.520 43.401 43.600 -0.160 0.161 0.800
#R 256 262145 2048 2 1 1024 1 0 512 32769 1024 2.41756 0.007804 523728 2045.812 1902 2198 517420 6308 1.2044 41.360 41.001 41.080 43.720 43.520 43.600 2.360 2.519 2.520
#R 256 262145 2048 2 4 1024 1 0 512 32769 1024 2.41756 0.007804 523728 2045.812 1902 2198 517420 6308 1.2044 47.321 47.360 47.280 47.121 47.280 47.001 -0.200 -0.080 -0.279
#R 256 262145 2048 1 4 1024 1 0 256 65537 2048 2.41756 0.007804 523728 2045.812 1902 2198 519298 4430 0.8459 44.840 44.640 44.400 47.360 47.440 47.480 2.520 2.800 3.080
#R 256 262145 2048 4 4 1024 1 0 1024 16385 512 2.41756 0.007804 523728 2045.812 1902 2198 514677 9051 1.7282 43.521 43.400 43.320 46.440 46.480 46.440 2.919 3.080 3.120
#R 256 262146 2048 2 1 1024 1 0 512 32769 1024 2.41756 0.007804 523728 2045.812 1902 2198 517420 6308 1.2044 41.440 41.160 41.280 43.880 43.720 43.600 2.440 2.560 2.320
#R 256 262146 2048 2 4 1024 1 0 512 32769 1024 2.41756 0.007804 523728 2045.812 1902 2198 517420 6308 1.2044 47.441 47.361 47.200 47.161 47.400 47.241 -0.280 0.039 0.041
#R 256 262146 2048 1 4 1024 1 0 256 65537 2048 2.41756 0.007804 523728 2045.812 1902 2198 519298 4430 0.8459 44.760 44.321 44.440 47.560 47.560 47.480 2.800 3.239 3.040
#R 256 262146 2048 4 4 1024 1 0 1024 16385 512 2.41756 0.007804 523728 2045.812 1902 2198 514678 9050 1.7280 43.480 43.240 43.320 46.640 46.441 46.521 3.160 3.201 3.201
#R 256 524288 2048 2 1 1024 0 1 512 65536 1024 2.66007 0.003908 524524 2048.922 1906 2179 517918 6606 1.2594 77.401 77.401 76.960 79.760 80.121 79.920 2.359 2.720 2.960
#R 256 524288 2048 2 4 1024 0 1 512 65536 1024 2.66007 0.003908 524524 2048.922 1906 2179 517918 6606 1.2594 82.400 82.161 82.400 83.401 83.201 83.281 1.001 1.040 0.881
#R 256 524288 2048 1 4 1024 0 1 256 131072 2048 2.66007 0.003908 524524 2048.922 1906 2179 519642 4882 0.9307 79.080 78.961 79.041 80.601 80.480 80.320 1.521 1.519 1.279
#R 256 524288 2048 4 4 1024 0 1 1024 32768 512 2.66007 0.003908 524524 2048.922 1906 2179 515016 9508 1.8127 85.801 85.641 85.760 82.401 82.280 82.080 -3.400 -3.361 -3.680
#R 256 524289 2048 2 1 1024 1 0 512 65537 1024 2.66007 0.003908 524525 2048.926 1904 2176 517909 6616 1.2613 79.520 79.521 79.401 83.961 83.761 83.720 4.441 4.240 4.319
#R 256 524289 2048 2 4 1024 1 0 512 65537 1024 2.66007 0.003908 524525 2048.926 1904 2176 517909 6616 1.2613 87.120 86.441 86.921 92.321 92.400 92.321 5.201 5.959 5.400
#R 256 524289 2048 1 4 1024 1 0 256 131073 2048 2.66007 0.003908 524525 2048.926 1904 2176 519641 4884 0.9311 87.920 87.521 87.481 86.840 86.600 86.840 -1.080 -0.921 -0.641
#R 256 524289 2048 4 4 1024 1 0 1024 32769 512 2.66007 0.003908 524525 2048.926 1904 2176 514994 9531 1.8171 90.161 90.321 90.481 87.961 88.080 87.960 -2.200 -2.241 -2.521
#R 256 524290 2048 2 1 1024 1 0 512 65537 1024 2.66007 0.003908 524526 2048.930 1904 2176 517910 6616 1.2613 79.521 79.241 79.120 83.840 83.960 84.040 4.319 4.719 4.920
#R 256 524290 2048 2 4 1024 1 0 512 65537 1024 2.66007 0.003908 524526 2048.930 1904 2176 517910 6616 1.2613 86.840 86.961 87.280 93.080 92.441 92.241 6.240 5.480 4.961
#R 256 524290 2048 1 4 1024 1 0 256 131073 2048 2.66007 0.003908 524526 2048.930 1904 2176 519642 4884 0.9311 87.960 87.640 87.801 86.840 86.681 86.561 -1.120 -0.959 -1.240
#R 256 524290 2048 4 4 1024 1 0 1024 32769 512 2.66007 0.003908 524526 2048.930 1904 2176 514995 9531 1.8171 90.840 89.921 89.920 88.080 88.441 88.161 -2.760 -1.480 -1.759
#R 256 1048576 2048 2 1 1024 0 1 512 131072 1024 2.88563 0.001950 523317 2044.207 1924 2154 517236 6081 1.1620 152.521 152.081 152.200 155.761 156.681 156.641 3.240 4.600 4.441
#R 256 1048576 2048 2 4 1024 0 1 512 131072 1024 2.88563 0.001950 523317 2044.207 1924 2154 517236 6081 1.1620 156.001 154.800 155.240 164.961 164.841 165.401 8.960 10.041 10.161
#R 256 1048576 2048 1 4 1024 0 1 256 262144 2048 2.88563 0.001950 523317 2044.207 1924 2154 519552 3765 0.7194 155.960 156.041 155.161 159.761 158.801 159.401 3.801 2.760 4.240
#R 256 1048576 2048 4 4 1024 0 1 1024 65536 512 2.88563 0.001950 523317 2044.207 1924 2154 514411 8906 1.7018 160.001 159.281 159.361 160.961 160.641 159.601 0.960 1.360 0.240
#R 256 1048577 2048 2 1 1024 1 0 512 131073 1024 2.88564 0.001950 523319 2044.215 1924 2153 517257 6062 1.1584 159.001 156.481 157.201 166.201 164.281 166.161 7.200 7.800 8.960
#R 256 1048577 2048 2 4 1024 1 0 512 131073 1024 2.88564 0.001950 523319 2044.215 1924 2153 517257 6062 1.1584 174.481 173.721 173.681 184.761 186.281 186.681 10.280 12.560 13.000
#R 256 1048577 2048 1 4 1024 1 0 256 262145 2048 2.88564 0.001950 523319 2044.215 1924 2153 519535 3784 0.7231 178.081 177.161 179.000 174.361 173.321 174.361 -3.720 -3.840 -4.639
#R 256 1048577 2048 4 4 1024 1 0 1024 65537 512 2.88564 0.001950 523319 2044.215 1924 2153 514420 8899 1.7005 172.961 170.321 169.801 172.521 173.681 172.281 -0.440 3.360 2.480
#R 256 1048578 2048 2 1 1024 1 0 512 131073 1024 2.88564 0.001950 523318 2044.211 1924 2153 517256 6062 1.1584 156.080 156.361 157.161 166.920 166.201 166.681 10.840 9.840 9.520
#R 256 1048578 2048 2 4 1024 1 0 512 131073 1024 2.88564 0.001950 523318 2044.211 1924 2153 517256 6062 1.1584 173.721 172.961 173.441 185.761 186.921 186.681 12.040 13.960 13.240
#R 256 1048578 2048 1 4 1024 1 0 256 262145 2048 2.88564 0.001950 523318 2044.211 1924 2153 519534 3784 0.7231 177.561 180.120 180.241 173.401 174.161 173.641 -4.160 -5.959 -6.600
#R 256 1048578 2048 4 4 1024 1 0 1024 65537 512 2.88564 0.001950 523318 2044.211 1924 2153 514419 8899 1.7005 170.521 171.601 170.480 173.001 174.201 174.761 2.480 2.600 4.281
#R 512 2048 2048 1 4 256 0 0 512 512 2048 -inf 1.000000 1048576 2048.000 2048 2048 1048576 0 0.0000 5.960 6.040 6.040 6.600 6.600 6.640 0.640 0.560 0.600
#R 512 2048 2048 2 4 256 0 0 1024 256 1024 -inf 1.000000 1048576 2048.000 2048 2048 1048576 0 0.0000 6.000 6.040 5.960 6.600 6.640 6.640 0.600 0.600 0.680
#R 512 2049 2048 1 4 256 1 0 512 513 2048 -3.29733 0.999494 1048557 2047.963 2044 2049 1048379 178 0.0170 6.040 5.960 5.960 6.680 6.680 6.600 0.640 0.720 0.640
#R 512 2049 2048 2 4 256 1 0 1024 257 1024 -3.29733 0.999494 1048557 2047.963 2044 2049 1046793 1764 0.1682 6.040 6.000 6.040 6.680 6.680 6.640 0.640 0.680 0.600
#R 512 2050 2048 1 4 256 1 0 512 513 2048 -3.09756 0.998982 1048532 2047.914 2043 2050 1048268 264 0.0252 5.960 6.040 6.001 6.640 6.640 6.600 0.680 0.600 0.599
#R 512 2050 2048 2 4 256 1 0 1024 257 1024 -3.09756 0.998982 1048532 2047.914 2043 2050 1047039 1493 0.1424 6.000 6.040 5.960 6.640 6.680 6.640 0.640 0.640 0.680
#R 512 4096 2048 1 4 256 0 1 512 1024 2048 -1.39146e-16 0.499849 1048260 2047.383 1961 2153 1041641 6619 0.6314 6.000 5.960 5.960 6.720 6.720 6.720 0.720 0.760 0.760
#R 512 4096 2048 2 4 256 0 0 1024 512 1024 -1.39146e-16 0.499849 1048260 2047.383 1961 2153 1038968 9292 0.8864 6.000 5.960 6.041 6.640 6.640 6.640 0.640 0.680 0.599
#R 512 4097 2048 1 4 1024 1 0 512 1025 2048 0.00030591 0.499760 1048328 2047.516 1971 2153 1041402 6926 0.6607 6.000 6.080 6.000 6.640 6.640 6.680 0.640 0.560 0.680
#R 512 4097 2048 2 4 1024 1 0 1024 513 1024 0.00030591 0.499760 1048328 2047.516 1971 2153 1038681 9647 0.9202 6.000 6.080 6.000 6.880 6.800 6.840 0.880 0.720 0.840
#R 512 4098 2048 1 4 1024 1 0 512 1025 2048 0.000611671 0.499625 1048302 2047.465 1971 2153 1041394 6908 0.6590 6.040 5.960 6.000 6.640 6.720 6.720 0.600 0.760 0.720
#R 512 4098 2048 2 4 1024 1 0 1024 513 1024 0.000611671 0.499625 1048302 2047.465 1971 2153 1038681 9621 0.9178 6.040 6.000 6.040 6.800 6.920 6.880 0.760 0.920 0.840
#R 512 8192 2048 1 4 1024 0 0 512 2048 2048 0.67449 0.250206 1049439 2049.686 1927 2155 1041174 8265 0.7876 6.000 6.040 6.080 6.680 6.680 6.680 0.680 0.640 0.600
#R 512 8192 2048 2 4 1024 0 0 1024 1024 1024 0.67449 0.250206 1049439 2049.686 1927 2155 1037899 11540 1.0996 6.000 6.041 6.040 7.080 7.200 7.120 1.080 1.159 1.080
#R 512 8193 2048 1 4 1024 1 0 512 2049 2048 0.674586 0.250182 1049466 2049.738 1922 2165 1041031 8435 0.8037 6.040 6.040 6.000 6.760 6.761 6.760 0.720 0.721 0.760
#R 512 8193 2048 2 4 1024 1 0 1024 1025 1024 0.674586 0.250182 1049466 2049.738 1922 2165 1037536 11930 1.1368 6.040 6.000 6.080 7.480 7.400 7.400 1.440 1.400 1.320
#R 512 8194 2048 1 4 1024 1 0 512 2049 2048 0.674682 0.250147 1049450 2049.707 1922 2165 1041037 8413 0.8017 5.960 6.040 6.000 6.840 6.800 6.800 0.880 0.760 0.800
#R 512 8194 2048 2 4 1024 1 0 1024 1025 1024 0.674682 0.250147 1049450 2049.707 1922 2165 1037530 11920 1.1358 5.960 6.040 6.000 7.480 7.440 7.440 1.520 1.400 1.440
#R 512 16384 2048 1 4 1024 0 1 512 4096 2048 1.15035 0.125124 1049619 2050.037 1917 2171 1040737 8882 0.8462 6.040 6.000 6.040 8.800 8.720 8.760 2.760 2.720 2.720
#R 512 16384 2048 2 4 1024 0 0 1024 2048 1024 1.15035 0.125124 1049619 2050.037 1917 2171 1036834 12785 1.2181 6.400 6.400 6.520 9.480 9.440 9.440 3.080 3.040 2.920
#R 512 16385 2048 1 4 1024 1 0 512 4097 2048 1.15039 0.125121 1049651 2050.100 1918 2174 1040626 9025 0.8598 6.280 6.320 6.280 9.520 9.640 9.560 3.240 3.320 3.280
#R 512 16385 2048 2 4 1024 1 0 1024 2049 1024 1.15039 0.125121 1049651 2050.100 1918 2174 1036917 12734 1.2132 6.720 6.840 6.720 9.960 9.960 10.000 3.240 3.120 3.280
#R 512 16386 2048 1 4 1024 1 0 512 4097 2048 1.15042 0.125111 1049638 2050.074 1918 2174 1040628 9010 0.8584 6.280 6.320 6.280 9.560 9.600 9.600 3.280 3.280 3.320
#R 512 16386 2048 2 4 1024 1 0 1024 2049 1024 1.15042 0.125111 1049638 2050.074 1918 2174 1036920 12718 1.2117 6.680 6.760 6.720 10.000 10.000 10.040 3.320 3.240 3.320
#R 512 32768 2048 1 4 1024 0 1 512 8192 2048 1.53412 0.062500 1048579 2048.006 1908 2168 1039559 9020 0.8602 11.200 11.160 11.160 15.120 15.040 15.040 3.920 3.880 3.880
#R 512 32768 2048 2 4 1024 0 1 1024 4096 1024 1.53412 0.062500 1048579 2048.006 1908 2168 1035860 12719 1.2130 11.720 11.800 11.720 16.400 16.320 16.360 4.680 4.520 4.640
#R 512 32769 2048 1 4 1024 1 0 512 8193 2048 1.53414 0.062498 1048573 2047.994 1901 2174 1039361 9212 0.8785 11.560 11.560 11.600 15.520 15.520 15.520 3.960 3.960 3.920
#R 512 32769 2048 2 4 1024 1 0 1024 4097 1024 1.53414 0.062498 1048573 2047.994 1901 2174 1035691 12882 1.2285 11.680 11.680 11.560 16.720 16.721 16.800 5.040 5.041 5.240
#R 512 32770 2048 1 4 1024 1 0 512 8193 2048 1.53415 0.062496 1048578 2048.004 1901 2174 1039369 9209 0.8782 11.600 11.520 11.560 15.520 15.520 15.520 3.920 4.000 3.960
#R 512 32770 2048 2 4 1024 1 0 1024 4097 1024 1.53415 0.062496 1048578 2048.004 1901 2174 1035691 12887 1.2290 11.680 11.640 11.600 16.720 16.720 16.760 5.040 5.080 5.160
#R 512 65536 2048 1 4 1024 0 1 512 16384 2048 1.86273 0.031249 1048557 2047.963 1896 2177 1039201 9356 0.8923 22.560 22.641 22.800 24.760 24.920 24.920 2.200 2.279 2.120
#R 512 65536 2048 2 4 1024 0 1 1024 8192 1024 1.86273 0.031249 1048557 2047.963 1896 2177 1035737 12820 1.2226 21.240 21.240 21.200 26.120 26.080 26.040 4.880 4.840 4.840
#R 512 65537 2048 1 4 1024 1 0 512 16385 2048 1.86274 0.031250 1048584 2048.016 1912 2180 1039261 9323 0.8891 22.120 22.320 22.080 26.040 26.081 26.200 3.920 3.761 4.120
#R 512 65537 2048 2 4 1024 1 0 1024 8193 1024 1.86274 0.031250 1048584 2048.016 1912 2180 1035819 12765 1.2174 21.601 21.600 21.520 27.000 27.120 27.040 5.399 5.520 5.520
#R 512 65538 2048 1 4 1024 1 0 512 16385 2048 1.86275 0.031249 1048582 2048.012 1912 2180 1039261 9321 0.8889 21.920 22.080 22.041 26.081 26.080 26.080 4.161 4.000 4.039
#R 512 65538 2048 2 4 1024 1 0 1024 8193 1024 1.86275 0.031249 1048582 2048.012 1912 2180 1035818 12764 1.2173 21.800 21.561 21.640 27.120 27.040 27.040 5.320 5.479 5.400
#R 512 131072 2048 1 4 1024 0 1 512 32768 2048 2.15387 0.015622 1048379 2047.615 1889 2194 1038841 9538 0.9098 43.280 43.640 43.680 45.281 45.120 45.120 2.001 1.480 1.440
#R 512 131072 2048 2 4 1024 0 1 1024 16384 1024 2.15387 0.015622 1048379 2047.615 1889 2194 1035194 13185 1.2577 43.241 43.120 43.320 44.400 44.280 44.280 1.159 1.160 0.960
#R 512 131073 2048 1 4 1024 1 0 512 32769 2048 2.15388 0.015622 1048375 2047.607 1889 2188 1038754 9621 0.9177 46.560 46.400 46.320 48.360 48.200 48.361 1.800 1.800 2.041
#R 512 131073 2048 2 4 1024 1 0 1024 16385 1024 2.15388 0.015622 1048375 2047.607 1889 2188 1035138 13237 1.2626 43.440 43.360 43.640 47.000 47.080 46.920 3.560 3.720 3.280
#R 512 131074 2048 1 4 1024 1 0 512 32769 2048 2.15388 0.015622 1048376 2047.609 1889 2188 1038755 9621 0.9177 46.280 45.960 46.120 48.280 48.280 48.360 2.000 2.320 2.240
#R 512 131074 2048 2 4 1024 1 0 1024 16385 1024 2.15388 0.015622 1048376 2047.609 1889 2188 1035139 13237 1.2626 43.600 43.560 43.480 47.120 46.920 46.880 3.520 3.360 3.400
#R 512 262144 2048 1 4 1024 0 1 512 65536 2048 2.41756 0.007809 1048049 2046.971 1899 2199 1038731 9318 0.8891 81.361 81.801 82.241 83.320 83.840 83.640 1.959 2.039 1.399
#R 512 262144 2048 2 4 1024 0 1 1024 32768 1024 2.41756 0.007809 1048049 2046.971 1899 2199 1034934 13115 1.2514 86.400 85.801 85.720 82.640 82.920 82.921 -3.760 -2.881 -2.799
#R 512 262145 2048 1 4 1024 1 0 512 65537 2048 2.41756 0.007809 1048060 2046.992 1902 2198 1038733 9327 0.8899 89.361 89.240 89.040 91.161 91.440 91.360 1.800 2.200 2.320
#R 512 262145 2048 2 4 1024 1 0 1024 32769 1024 2.41756 0.007809 1048060 2046.992 1902 2198 1034975 13085 1.2485 89.440 89.000 89.400 87.720 87.800 87.920 -1.720 -1.200 -1.480
#R 512 262146 2048 1 4 1024 1 0 512 65537 2048 2.41756 0.007809 1048057 2046.986 1902 2198 1038731 9326 0.8898 89.200 89.201 90.040 91.760 91.201 91.000 2.560 2.000 0.960
#R 512 262146 2048 2 4 1024 1 0 1024 32769 1024 2.41756 0.007809 1048057 2046.986 1902 2198 1034972 13085 1.2485 89.081 88.881 89.480 87.720 87.680 88.001 -1.361 -1.201 -1.479
#R 512 524288 2048 1 4 1024 0 1 512 131072 2048 2.66007 0.003905 1048290 2047.441 1896 2179 1038870 9420 0.8986 155.721 156.081 155.721 163.641 163.441 163.921 7.920 7.360 8.200
#R 512 524288 2048 2 4 1024 0 1 1024 65536 1024 2.66007 0.003905 1048290 2047.441 1896 2179 1035552 12738 1.2151 159.880 159.961 159.880 160.320 160.401 160.441 0.440 0.440 0.561
#R 512 524289 2048 1 4 1024 1 0 512 131073 2048 2.66007 0.003905 1048291 2047.443 1895 2176 1038876 9415 0.8981 180.161 178.841 178.121 187.161 187.241 186.880 7.000 8.400 8.759
#R 512 524289 2048 2 4 1024 1 0 1024 65537 1024 2.66007 0.003905 1048291 2047.443 1895 2176 1035526 12765 1.2177 170.761 172.241 171.400 173.601 173.841 173.921 2.840 1.600 2.521
#R 512 524290 2048 1 4 1024 1 0 512 131073 2048 2.66007 0.003905 1048292 2047.445 1895 2176 1038878 9414 0.8980 179.041 177.281 178.641 186.241 186.281 186.800 7.200 9.000 8.159
#R 512 524290 2048 2 4 1024 1 0 1024 65537 1024 2.66007 0.003905 1048292 2047.445 1895 2176 1035527 12765 1.2177 172.641 170.121 170.361 173.121 176.121 172.401 0.480 6.000 2.040
#R 512 1048576 2048 1 4 1024 0 1 512 262144 2048 2.88563 0.001950 1046981 2044.885 1924 2198 1038851 8130 0.7765 311.282 309.321 308.202 328.841 329.242 328.162 17.559 19.921 19.960
#R 512 1048576 2048 2 4 1024 0 1 1024 131072 1024 2.88563 0.001950 1046981 2044.885 1924 2198 1034562 12419 1.1862 311.241 309.642 306.841 316.922 316.801 318.562 5.681 7.159 11.721
#R 512 1048577 2048 1 4 1024 1 0 512 262145 2048 2.88564 0.001950 1046981 2044.885 1924 2193 1038816 8165 0.7799 359.202 359.642 358.082 377.882 379.442 381.242 18.680 19.800 23.160
#R 512 1048577 2048 2 4 1024 1 0 1024 131073 1024 2.88564 0.001950 1046981 2044.885 1924 2193 1034564 12417 1.1860 342.042 342.482 343.761 352.522 353.161 351.562 10.480 10.679 7.801
#R 512 1048578 2048 1 4 1024 1 0 512 262145 2048 2.88564 0.001950 1046980 2044.883 1924 2193 1038815 8165 0.7799 360.961 360.122 358.042 382.082 381.522 382.242 21.121 21.400 24.200
#R 512 1048578 2048 2 4 1024 1 0 1024 131073 1024 2.88564 0.001950 1046980 2044.883 1924 2193 1034563 12417 1.1860 342.842 343.562 343.962 352.362 354.842 352.522 9.520 11.280 8.560
#R 1024 2048 2048 1 4 256 0 0 1024 512 2048 -inf 1.000000 2097152 2048.000 2048 2048 2097152 0 0.0000 5.960 6.080 5.960 7.000 7.040 7.040 1.040 0.960 1.080
#R 1024 2048 2048 2 4 256 0 0 2048 256 1024 -inf 1.000000 2097152 2048.000 2048 2048 2097152 0 0.0000 6.040 6.040 5.960 7.040 7.000 7.040 1.000 0.960 1.080
#R 1024 2049 2048 1 4 256 1 0 1024 513 2048 -3.29733 0.999504 2097135 2047.983 2043 2049 2096760 375 0.0179 6.040 6.000 6.000 7.040 7.040 7.040 1.000 1.040 1.040
#R 1024 2049 2048 2 4 256 1 0 2048 257 1024 -3.29733 0.999504 2097135 2047.983 2043 2049 2093592 3543 0.1689 6.000 6.000 6.000 7.040 7.040 7.040 1.040 1.040 1.040
#R 1024 2050 2048 1 4 256 1 0 1024 513 2048 -3.09756 0.998996 2097092 2047.941 2043 2050 2096543 549 0.0262 5.960 6.000 5.960 7.080 7.040 7.040 1.120 1.040 1.080
#R 1024 2050 2048 2 4 256 1 0 2048 257 1024 -3.09756 0.998996 2097092 2047.941 2043 2050 2094071 3021 0.1441 6.040 6.040 5.960 7.080 7.040 7.080 1.040 1.000 1.120
#R 1024 4096 2048 1 4 256 0 1 1024 1024 2048 -1.39146e-16 0.500000 2097151 2047.999 1958 2153 2083967 13184 0.6287 6.000 5.960 6.040 7.721 7.680 7.680 1.721 1.720 1.640
#R 1024 4096 2048 2 4 256 0 0 2048 512 1024 -1.39146e-16 0.500000 2097151 2047.999 1958 2153 2078630 18521 0.8832 5.920 5.960 6.000 7.240 7.240 7.200 1.320 1.280 1.200
#R 1024 4097 2048 1 4 1024 1 0 1024 1025 2048 0.00030591 0.499885 2097183 2048.030 1943 2153 2083482 13701 0.6533 5.960 6.040 5.960 7.880 7.840 7.840 1.920 1.800 1.880
#R 1024 4097 2048 2 4 1024 1 0 2048 513 1024 0.00030591 0.499885 2097183 2048.030 1943 2153 2078043 19140 0.9127 6.040 6.040 5.960 9.600 9.600 9.600 3.560 3.560 3.640
#R 1024 4098 2048 1 4 1024 1 0 1024 1025 2048 0.000611671 0.499755 2097148 2047.996 1942 2153 2083458 13690 0.6528 6.000 5.960 6.040 7.961 8.000 7.920 1.961 2.040 1.880
#R 1024 4098 2048 2 4 1024 1 0 2048 513 1024 0.000611671 0.499755 2097148 2047.996 1942 2153 2078046 19102 0.9109 6.000 6.000 6.040 9.600 9.600 9.640 3.600 3.600 3.600
#R 1024 8192 2048 1 4 1024 0 0 1024 2048 2048 0.67449 0.249963 2096838 2047.693 1921 2179 2081241 15597 0.7438 6.720 6.680 6.640 10.160 10.160 10.200 3.440 3.480 3.560
#R 1024 8192 2048 2 4 1024 0 0 2048 1024 1024 0.67449 0.249963 2096838 2047.693 1921 2179 2074209 22629 1.0792 7.280 7.320 7.200 11.400 11.360 11.360 4.120 4.040 4.160
#R 1024 8193 2048 1 4 1024 1 0 1024 2049 2048 0.674586 0.249943 2096931 2047.784 1890 2174 2080909 16022 0.7641 7.040 7.040 7.040 10.721 10.720 10.680 3.681 3.680 3.640
#R 1024 8193 2048 2 4 1024 1 0 2048 1025 1024 0.674586 0.249943 2096931 2047.784 1890 2174 2073956 22975 1.0956 7.640 7.640 7.640 12.920 12.920 12.880 5.280 5.280 5.240
#R 1024 8194 2048 1 4 1024 1 0 1024 2049 2048 0.674682 0.249910 2096908 2047.762 1890 2175 2080915 15993 0.7627 7.080 7.000 7.040 10.680 10.720 10.720 3.600 3.720 3.680
#R 1024 8194 2048 2 4 1024 1 0 2048 1025 1024 0.674682 0.249910 2096908 2047.762 1890 2175 2073954 22954 1.0947 7.680 7.720 7.720 12.680 12.960 12.720 5.000 5.240 5.000
#R 1024 16384 2048 1 4 1024 0 1 1024 4096 2048 1.15035 0.124986 2096924 2047.777 1917 2175 2080157 16767 0.7996 11.880 11.960 11.920 17.080 17.040 17.040 5.200 5.080 5.120
#R 1024 16384 2048 2 4 1024 0 0 2048 2048 1024 1.15035 0.124986 2096924 2047.777 1917 2175 2073075 23849 1.1373 11.840 11.840 11.840 17.240 17.240 17.201 5.400 5.400 5.361
#R 1024 16385 2048 1 4 1024 1 0 1024 4097 2048 1.15039 0.124981 2096963 2047.815 1918 2176 2079952 17011 0.8112 11.840 11.920 11.800 17.480 17.520 17.480 5.640 5.600 5.680
#R 1024 16385 2048 2 4 1024 1 0 2048 2049 1024 1.15039 0.124981 2096963 2047.815 1918 2176 2072512 24451 1.1660 12.080 12.040 12.040 17.760 17.840 17.800 5.680 5.800 5.760
#R 1024 16386 2048 1 4 1024 1 0 1024 4097 2048 1.15042 0.124973 2096962 2047.814 1918 2176 2079965 16997 0.8106 11.880 11.840 11.880 17.480 17.480 17.560 5.600 5.640 5.680
#R 1024 16386 2048 2 4 1024 1 0 2048 2049 1024 1.15042 0.124973 2096962 2047.814 1918 2176 2072524 24438 1.1654 12.040 12.081 12.001 17.720 17.760 17.761 5.680 5.679 5.760
#R 1024 32768 2048 1 4 1024 0 1 1024 8192 2048 1.53412 0.062480 2096471 2047.335 1908 2198 2078710 17761 0.8472 21.440 21.160 21.520 27.321 27.400 27.400 5.881 6.240 5.880
#R 1024 32768 2048 2 4 1024 0 1 2048 4096 1024 1.53412 0.062480 2096471 2047.335 1908 2198 2071423 25048 1.1948 23.320 23.080 23.001 29.280 29.280 29.280 5.960 6.200 6.279
#R 1024 32769 2048 1 4 1024 1 0 1024 8193 2048 1.53414 0.062478 2096484 2047.348 1901 2200 2078687 17797 0.8489 22.120 21.840 21.841 28.120 28.120 28.160 6.000 6.280 6.319
#R 1024 32769 2048 2 4 1024 1 0 2048 4097 1024 1.53414 0.062478 2096484 2047.348 1901 2200 2070796 25688 1.2253 21.640 22.081 21.640 30.160 30.200 30.160 8.520 8.119 8.520
#R 1024 32770 2048 1 4 1024 1 0 1024 8193 2048 1.53415 0.062476 2096484 2047.348 1901 2200 2078690 17794 0.8488 21.680 21.920 21.840 28.240 28.161 28.240 6.560 6.241 6.400
#R 1024 32770 2048 2 4 1024 1 0 2048 4097 1024 1.53415 0.062476 2096484 2047.348 1901 2200 2070789 25695 1.2256 22.041 21.560 21.800 30.200 30.160 30.120 8.159 8.600 8.320
#R 1024 65536 2048 1 4 1024 0 1 1024 16384 2048 1.86273 0.031220 2095138 2046.033 1896 2177 2077009 18129 0.8653 43.360 43.000 43.200 47.121 47.080 47.160 3.761 4.080 3.960
#R 1024 65536 2048 2 4 1024 0 1 2048 8192 1024 1.86273 0.031220 2095138 2046.033 1896 2177 2070073 25065 1.1963 40.721 41.040 40.680 48.321 48.281 48.240 7.600 7.241 7.560
#R 1024 65537 2048 1 4 1024 1 0 1024 16385 2048 1.86274 0.031220 2095159 2046.054 1910 2180 2076888 18271 0.8721 42.600 42.560 42.560 49.080 49.040 48.961 6.480 6.480 6.401
#R 1024 65537 2048 2 4 1024 1 0 2048 8193 1024 1.86274 0.031220 2095159 2046.054 1910 2180 2069827 25332 1.2091 41.440 41.480 41.360 50.720 50.640 50.640 9.280 9.160 9.280
#R 1024 65538 2048 1 4 1024 1 0 1024 16385 2048 1.86275 0.031219 2095162 2046.057 1910 2180 2076889 18273 0.8722 42.440 42.481 42.520 49.000 49.000 49.080 6.560 6.519 6.560
#R 1024 65538 2048 2 4 1024 1 0 2048 8193 1024 1.86275 0.031219 2095162 2046.057 1910 2180 2069825 25337 1.2093 41.480 41.360 41.320 50.680 50.600 50.600 9.200 9.240 9.280
#R 1024 131072 2048 1 4 1024 0 1 1024 32768 2048 2.15387 0.015621 2096645 2047.505 1889 2194 2078077 18568 0.8856 86.041 85.640 86.520 85.760 85.921 85.721 -0.281 0.281 -0.799
#R 1024 131072 2048 2 4 1024 0 1 2048 16384 1024 2.15387 0.015621 2096645 2047.505 1889 2194 2070711 25934 1.2369 83.040 82.760 82.561 83.921 84.000 84.120 0.881 1.240 1.559
#R 1024 131073 2048 1 4 1024 1 0 1024 32769 2048 2.15388 0.015621 2096658 2047.518 1889 2188 2077774 18884 0.9007 90.761 90.601 90.801 90.800 90.881 90.920 0.039 0.280 0.119
#R 1024 131073 2048 2 4 1024 1 0 2048 16385 1024 2.15388 0.015621 2096658 2047.518 1889 2188 2070490 26168 1.2481 84.361 84.720 84.641 88.960 88.961 88.880 4.599 4.241 4.239
#R 1024 131074 2048 1 4 1024 1 0 1024 32769 2048 2.15388 0.015621 2096663 2047.522 1889 2188 2077773 18890 0.9010 91.240 90.761 90.800 90.920 91.441 91.001 -0.320 0.680 0.201
#R 1024 131074 2048 2 4 1024 1 0 2048 16385 1024 2.15388 0.015621 2096663 2047.522 1889 2188 2070492 26171 1.2482 84.641 84.681 84.440 88.800 88.760 88.801 4.159 4.079 4.361
#R 1024 262144 2048 1 4 1024 0 1 1024 65536 2048 2.41756 0.007807 2095796 2046.676 1899 2199 2078250 17546 0.8372 159.721 159.120 159.721 162.441 162.321 161.961 2.720 3.201 2.240
#R 1024 262144 2048 2 4 1024 0 1 2048 32768 1024 2.41756 0.007807 2095796 2046.676 1899 2199 2070285 25511 1.2172 169.721 170.241 170.321 161.641 161.361 161.921 -8.080 -8.880 -8.400
#R 1024 262145 2048 1 4 1024 1 0 1024 65537 2048 2.41756 0.007807 2095807 2046.687 1902 2198 2078158 17649 0.8421 183.520 183.401 179.361 176.680 176.241 175.680 -6.840 -7.160 -3.681
#R 1024 262145 2048 2 4 1024 1 0 2048 32769 1024 2.41756 0.007807 2095807 2046.687 1902 2198 2070330 25477 1.2156 173.321 173.681 172.721 169.921 169.801 172.000 -3.400 -3.880 -0.721
#R 1024 262146 2048 1 4 1024 1 0 1024 65537 2048 2.41756 0.007807 2095806 2046.686 1902 2198 2078159 17647 0.8420 178.561 182.481 180.201 175.640 177.960 176.401 -2.921 -4.521 -3.800
#R 1024 262146 2048 2 4 1024 1 0 2048 32769 1024 2.41756 0.007807 2095806 2046.686 1902 2198 2070329 25477 1.2156 174.401 173.641 174.841 170.521 171.600 171.641 -3.880 -2.041 -3.200
#R 1024 524288 2048 1 4 1024 0 1 1024 131072 2048 2.66007 0.003903 2095674 2046.557 1896 2186 2077397 18277 0.8721 306.682 308.722 307.641 321.601 322.761 321.521 14.919 14.039 13.880
#R 1024 524288 2048 2 4 1024 0 1 2048 65536 1024 2.66007 0.003903 2095674 2046.557 1896 2186 2070254 25420 1.2130 313.762 318.202 318.322 316.762 318.001 315.562 3.000 -0.201 -2.760
#R 1024 524289 2048 1 4 1024 1 0 1024 131073 2048 2.66007 0.003903 2095669 2046.552 1895 2197 2077392 18277 0.8721 358.842 357.402 358.722 360.122 359.762 359.402 1.280 2.360 0.680
#R 1024 524289 2048 2 4 1024 1 0 2048 65537 1024 2.66007 0.003903 2095669 2046.552 1895 2197 2070212 25457 1.2147 340.001 339.482 339.202 341.842 341.482 343.442 1.841 2.000 4.240
#R 1024 524290 2048 1 4 1024 1 0 1024 131073 2048 2.66007 0.003903 2095671 2046.554 1895 2196 2077395 18276 0.8721 358.561 358.922 359.762 358.322 359.722 359.762 -0.239 0.800 0.000
#R 1024 524290 2048 2 4 1024 1 0 2048 65537 1024 2.66007 0.003903 2095671 2046.554 1895 2196 2070214 25457 1.2147 340.522 339.882 339.042 343.242 342.482 342.161 2.720 2.600 3.119
#R 1024 1048576 2048 1 4 1024 0 1 1024 262144 2048 2.88563 0.001951 2095052 2045.949 1908 2198 2077842 17210 0.8215 615.763 618.402 613.763 639.643 640.363 638.803 23.880 21.961 25.040
#R 1024 1048576 2048 2 4 1024 0 1 2048 131072 1024 2.88563 0.001951 2095052 2045.949 1908 2198 2069866 25186 1.2022 612.083 614.043 612.443 632.323 632.883 632.043 20.240 18.840 19.600
#R 1024 1048577 2048 1 4 1024 1 0 1024 262145 2048 2.88564 0.001951 2095056 2045.953 1909 2199 2077803 17253 0.8235 710.924 714.043 708.483 724.124 727.284 731.524 13.200 13.241 23.041
#R 1024 1048577 2048 2 4 1024 1 0 2048 131073 1024 2.88564 0.001951 2095056 2045.953 1909 2199 2069834 25222 1.2039 676.443 676.283 677.243 702.404 702.924 704.444 25.961 26.641 27.201
#R 1024 1048578 2048 1 4 1024 1 0 1024 262145 2048 2.88564 0.001951 2095053 2045.950 1909 2199 2077801 17252 0.8235 709.603 709.083 712.444 726.724 729.003 729.483 17.121 19.920 17.039
#R 1024 1048578 2048 2 4 1024 1 0 2048 131073 1024 2.88564 0.001951 2095053 2045.950 1909 2199 2069832 25221 1.2038 679.923 675.283 678.043 704.964 702.124 700.204 25.041 26.841 22.161
#R 2048 2048 2048 1 4 256 0 0 2048 512 2048 -inf 1.000000 4194304 2048.000 2048 2048 4194304 0 0.0000 5.960 6.040 5.960 8.120 8.160 8.160 2.160 2.120 2.200
#R 2048 2048 2048 2 4 256 0 0 4096 256 1024 -inf 1.000000 4194304 2048.000 2048 2048 4194304 0 0.0000 6.040 5.960 6.000 8.360 8.360 8.320 2.320 2.400 2.320
#R 2048 2049 2048 1 4 256 1 0 2048 513 2048 -3.29733 0.999519 4194334 2048.015 2043 2049 4193544 790 0.0188 6.000 5.960 6.000 9.080 9.040 9.040 3.080 3.080 3.040
#R 2048 2049 2048 2 4 256 1 0 4096 257 1024 -3.29733 0.999519 4194334 2048.015 2043 2049 4187198 7136 0.1701 5.960 6.040 6.040 10.680 10.640 10.600 4.720 4.600 4.560
#R 2048 2050 2048 1 4 256 1 0 2048 513 2048 -3.09756 0.999028 4194319 2048.007 2043 2050 4193172 1147 0.0273 5.960 6.040 5.960 9.120 9.080 9.081 3.160 3.040 3.121
#R 2048 2050 2048 2 4 256 1 0 4096 257 1024 -3.09756 0.999028 4194319 2048.007 2043 2050 4188202 6117 0.1458 6.000 6.000 6.000 10.720 10.680 10.680 4.720 4.680 4.680
#R 2048 4096 2048 1 4 256 0 1 2048 1024 2048 -1.39146e-16 0.499905 4193511 2047.613 1946 2153 4167423 26088 0.6221 7.000 7.000 7.040 10.560 10.520 10.440 3.560 3.520 3.400
#R 2048 4096 2048 2 4 256 0 0 4096 512 1024 -1.39146e-16 0.499905 4193511 2047.613 1946 2153 4156557 36954 0.8812 7.080 7.040 7.040 11.320 11.320 11.360 4.240 4.280 4.320
#R 2048 4097 2048 1 4 1024 1 0 2048 1025 2048 0.00030591 0.499788 4193545 2047.629 1943 2153 4167255 26290 0.6269 8.160 8.120 8.160 13.760 13.800 13.760 5.600 5.680 5.600
#R 2048 4097 2048 2 4 1024 1 0 4096 513 1024 0.00030591 0.499788 4193545 2047.629 1943 2153 4156042 37503 0.8943 9.680 9.601 9.560 18.200 18.160 18.200 8.520 8.559 8.640
#R 2048 4098 2048 1 4 1024 1 0 2048 1025 2048 0.000611671 0.499659 4193491 2047.603 1942 2153 4167206 26285 0.6268 8.120 8.120 8.160 13.920 13.960 13.920 5.800 5.840 5.760
#R 2048 4098 2048 2 4 1024 1 0 4096 513 1024 0.000611671 0.499659 4193491 2047.603 1942 2153 4156044 37447 0.8930 9.680 9.600 9.600 18.200 18.160 18.200 8.520 8.560 8.600
#R 2048 8192 2048 1 4 1024 0 0 2048 2048 2048 0.67449 0.249864 4192019 2046.884 1921 2179 4161709 30310 0.7230 12.360 12.320 12.280 18.560 18.560 18.520 6.200 6.240 6.240
#R 2048 8192 2048 2 4 1024 0 0 4096 1024 1024 0.67449 0.249864 4192019 2046.884 1921 2179 4147842 44177 1.0538 12.360 12.400 12.400 20.560 20.480 20.520 8.200 8.080 8.120
#R 2048 8193 2048 1 4 1024 1 0 2048 2049 2048 0.674586 0.249833 4192011 2046.880 1890 2190 4161596 30415 0.7255 12.600 12.560 12.520 19.000 18.960 18.880 6.400 6.400 6.360
#R 2048 8193 2048 2 4 1024 1 0 4096 1025 1024 0.674586 0.249833 4192011 2046.880 1890 2190 4147264 44747 1.0674 13.161 13.120 13.080 23.400 23.240 23.360 10.239 10.120 10.280
#R 2048 8194 2048 1 4 1024 1 0 2048 2049 2048 0.674682 0.249803 4192014 2046.882 1890 2191 4161629 30385 0.7248 12.600 12.520 12.560 18.920 19.000 19.000 6.320 6.480 6.440
#R 2048 8194 2048 2 4 1024 1 0 4096 1025 1024 0.674682 0.249803 4192014 2046.882 1890 2191 4147283 44731 1.0671 13.080 13.120 13.120 23.160 23.320 23.441 10.080 10.200 10.321
#R 2048 16384 2048 1 4 1024 0 1 2048 4096 2048 1.15035 0.124932 4192016 2046.883 1917 2188 4159291 32725 0.7807 24.520 23.960 23.960 30.800 30.681 30.760 6.280 6.721 6.800
#R 2048 16384 2048 2 4 1024 0 0 4096 2048 1024 1.15035 0.124932 4192016 2046.883 1917 2188 4144633 47383 1.1303 21.600 21.680 21.600 31.080 31.080 30.920 9.480 9.400 9.320
#R 2048 16385 2048 1 4 1024 1 0 2048 4097 2048 1.15039 0.124927 4192104 2046.926 1892 2231 4158161 33943 0.8097 23.160 23.160 22.761 31.760 31.680 31.760 8.600 8.520 8.999
#R 2048 16385 2048 2 4 1024 1 0 4096 2049 1024 1.15039 0.124927 4192104 2046.926 1892 2231 4143796 48308 1.1524 21.760 21.761 21.800 32.200 32.320 32.440 10.440 10.559 10.640
#R 2048 16386 2048 1 4 1024 1 0 2048 4097 2048 1.15042 0.124919 4192086 2046.917 1892 2231 4158156 33930 0.8094 22.560 22.800 22.920 31.680 31.640 31.760 9.120 8.840 8.840
#R 2048 16386 2048 2 4 1024 1 0 4096 2049 1024 1.15042 0.124919 4192086 2046.917 1892 2231 4143799 48287 1.1519 21.800 21.920 21.720 32.320 32.281 32.280 10.520 10.361 10.560
#R 2048 32768 2048 1 4 1024 0 1 2048 8192 2048 1.53412 0.062467 4192121 2046.934 1908 2198 4156483 35638 0.8501 41.641 41.760 41.400 51.440 51.480 51.400 9.799 9.720 10.000
#R 2048 32768 2048 2 4 1024 0 1 4096 4096 1024 1.53412 0.062467 4192121 2046.934 1908 2198 4142117 50004 1.1928 45.040 44.600 44.880 53.600 53.640 53.640 8.560 9.040 8.760
#R 2048 32769 2048 1 4 1024 1 0 2048 8193 2048 1.53414 0.062465 4192104 2046.926 1877 2200 4156127 35977 0.8582 42.440 42.600 42.040 53.360 53.481 53.400 10.920 10.881 11.360
#R 2048 32769 2048 2 4 1024 1 0 4096 4097 1024 1.53414 0.062465 4192104 2046.926 1877 2200 4141242 50862 1.2133 43.280 43.080 42.640 55.680 55.800 55.760 12.400 12.720 13.120
#R 2048 32770 2048 1 4 1024 1 0 2048 8193 2048 1.53415 0.062463 4192099 2046.923 1877 2200 4156130 35969 0.8580 42.920 42.360 42.440 53.400 53.280 53.441 10.480 10.920 11.001
#R 2048 32770 2048 2 4 1024 1 0 4096 4097 1024 1.53415 0.062463 4192099 2046.923 1877 2200 4141237 50862 1.2133 43.760 43.480 43.361 55.760 55.800 55.480 12.000 12.320 12.119
#R 2048 65536 2048 1 4 1024 0 1 2048 16384 2048 1.86273 0.031233 4192010 2046.880 1896 2222 4155818 36192 0.8634 83.440 83.240 83.321 89.561 89.361 89.400 6.121 6.121 6.079
#R 2048 65536 2048 2 4 1024 0 1 4096 8192 1024 1.86273 0.031233 4192010 2046.880 1896 2222 4141311 50699 1.2094 81.321 80.601 80.600 92.240 92.080 92.161 10.919 11.479 11.561
#R 2048 65537 2048 1 4 1024 1 0 2048 16385 2048 1.86274 0.031233 4192037 2046.893 1901 2191 4155349 36688 0.8752 84.120 84.401 84.481 94.841 94.720 94.801 10.721 10.319 10.320
#R 2048 65537 2048 2 4 1024 1 0 4096 8193 1024 1.86274 0.031233 4192037 2046.893 1901 2191 4141180 50857 1.2132 81.161 81.120 81.120 97.361 97.520 97.601 16.200 16.400 16.481
#R 2048 65538 2048 1 4 1024 1 0 2048 16385 2048 1.86275 0.031232 4192040 2046.895 1901 2191 4155348 36692 0.8753 84.641 84.281 84.081 94.840 94.880 94.800 10.199 10.599 10.719
#R 2048 65538 2048 2 4 1024 1 0 4096 8193 1024 1.86275 0.031232 4192040 2046.895 1901 2191 4141182 50858 1.2132 81.480 81.520 81.360 97.481 97.681 97.681 16.001 16.161 16.321
#R 2048 131072 2048 1 4 1024 0 1 2048 32768 2048 2.15387 0.015625 4194222 2047.960 1889 2194 4157560 36662 0.8741 172.001 171.601 170.601 166.321 166.281 166.361 -5.680 -5.320 -4.240
#R 2048 131072 2048 2 4 1024 0 1 4096 16384 1024 2.15387 0.015625 4194222 2047.960 1889 2194 4141655 52567 1.2533 160.161 160.040 159.681 162.960 162.521 163.361 2.799 2.481 3.680
#R 2048 131073 2048 1 4 1024 1 0 2048 32769 2048 2.15388 0.015625 4194242 2047.970 1889 2190 4157349 36893 0.8796 177.601 178.761 177.201 178.041 178.521 177.121 0.440 -0.240 -0.080
#R 2048 131073 2048 2 4 1024 1 0 4096 16385 1024 2.15388 0.015625 4194242 2047.970 1889 2190 4141178 53064 1.2652 167.200 166.560 166.720 173.801 174.361 174.081 6.601 7.801 7.361
#R 2048 131074 2048 1 4 1024 1 0 2048 32769 2048 2.15388 0.015625 4194241 2047.969 1889 2190 4157348 36893 0.8796 177.521 177.961 176.961 177.801 177.921 176.681 0.280 -0.040 -0.280
#R 2048 131074 2048 2 4 1024 1 0 4096 16385 1024 2.15388 0.015625 4194241 2047.969 1889 2190 4141176 53065 1.2652 167.521 167.641 167.001 173.961 174.360 174.321 6.440 6.719 7.320
#R 2048 262144 2048 1 4 1024 0 1 2048 65536 2048 2.41756 0.007811 4193572 2047.643 1899 2200 4157534 36038 0.8594 319.121 317.841 318.241 320.161 318.962 321.642 1.040 1.121 3.401
#R 2048 262144 2048 2 4 1024 0 1 4096 32768 1024 2.41756 0.007811 4193572 2047.643 1899 2200 4141646 51926 1.2382 334.002 335.362 334.962 318.522 318.641 320.482 -15.480 -16.721 -14.480
#R 2048 262145 2048 1 4 1024 1 0 2048 65537 2048 2.41756 0.007811 4193569 2047.641 1902 2198 4157423 36146 0.8619 360.482 360.322 361.362 347.642 346.042 346.442 -12.840 -14.280 -14.920
#R 2048 262145 2048 2 4 1024 1 0 4096 32769 1024 2.41756 0.007811 4193569 2047.641 1902 2198 4141840 51729 1.2335 340.122 342.202 339.441 338.042 337.961 337.521 -2.080 -4.241 -1.920
#R 2048 262146 2048 1 4 1024 1 0 2048 65537 2048 2.41756 0.007811 4193564 2047.639 1902 2198 4157422 36142 0.8618 361.562 358.402 362.281 345.561 346.121 347.122 -16.001 -12.281 -15.159
#R 2048 262146 2048 2 4 1024 1 0 4096 32769 1024 2.41756 0.007811 4193564 2047.639 1902 2198 4141835 51729 1.2335 341.122 339.961 340.922 335.961 338.322 338.162 -5.161 -1.639 -2.760
#R 2048 524288 2048 1 4 1024 0 1 2048 131072 2048 2.66007 0.003905 4192545 2047.141 1896 2188 4155698 36847 0.8789 616.203 614.403 615.483 634.924 636.124 636.003 18.721 21.721 20.520
#R 2048 524288 2048 2 4 1024 0 1 4096 65536 1024 2.66007 0.003905 4192545 2047.141 1896 2188 4141347 51198 1.2212 656.323 648.643 643.243 631.083 628.763 628.243 -25.240 -19.880 -15.000
#R 2048 524289 2048 1 4 1024 1 0 2048 131073 2048 2.66007 0.003905 4192545 2047.141 1895 2197 4155655 36890 0.8799 703.884 702.963 703.003 710.163 710.444 714.044 6.279 7.481 11.041
#R 2048 524289 2048 2 4 1024 1 0 4096 65537 1024 2.66007 0.003905 4192545 2047.141 1895 2197 4141168 51377 1.2254 683.603 677.563 678.964 681.963 680.283 681.403 -1.640 2.720 2.439
#R 2048 524290 2048 1 4 1024 1 0 2048 131073 2048 2.66007 0.003905 4192547 2047.142 1895 2196 4155655 36892 0.8799 701.283 701.243 703.043 711.044 710.364 708.683 9.761 9.121 5.640
#R 2048 524290 2048 2 4 1024 1 0 4096 65537 1024 2.66007 0.003905 4192547 2047.142 1895 2196 4141169 51378 1.2255 682.044 679.803 682.403 679.923 681.844 679.924 -2.121 2.041 -2.479
#R 2048 1048576 2048 1 4 1024 0 1 2048 262144 2048 2.88563 0.001953 4193600 2047.656 1908 2204 4157819 35781 0.8532 1232.486 1231.766 1231.366 1274.727 1274.887 1272.446 42.241 43.121 41.080
#R 2048 1048576 2048 2 4 1024 0 1 4096 131072 1024 2.88563 0.001953 4193600 2047.656 1908 2204 4142171 51429 1.2264 1219.727 1223.326 1222.406 1257.646 1261.006 1259.447 37.919 37.680 37.041
#R 2048 1048577 2048 1 4 1024 1 0 2048 262145 2048 2.88564 0.001953 4193592 2047.652 1909 2205 4157900 35692 0.8511 1396.807 1395.767 1392.166 1432.287 1435.887 1436.368 35.480 40.120 44.202
#R 2048 1048577 2048 2 4 1024 1 0 4096 131073 1024 2.88564 0.001953 4193592 2047.652 1909 2205 4142344 51248 1.2221 1340.726 1342.446 1344.327 1392.487 1392.527 1388.487 51.761 50.081 44.160
#R 2048 1048578 2048 1 4 1024 1 0 2048 262145 2048 2.88564 0.001953 4193588 2047.650 1909 2205 4157898 35690 0.8511 1397.447 1393.967 1392.127 1437.407 1439.167 1438.167 39.960 45.200 46.040
#R 2048 1048578 2048 2 4 1024 1 0 4096 131073 1024 2.88564 0.001953 4193588 2047.650 1909 2205 4142343 51245 1.2220 1342.246 1342.406 1341.407 1388.167 1388.047 1387.647 45.921 45.641 46.240
#R 4096 2048 2048 1 4 256 0 0 4096 512 2048 -inf 1.000000 8388608 2048.000 2048 2048 8388608 0 0.0000 8.760 8.760 8.720 13.440 13.400 13.400 4.680 4.640 4.680
#R 4096 2048 2048 2 4 256 0 0 8192 256 1024 -inf 1.000000 8388608 2048.000 2048 2048 8388608 0 0.0000 8.680 8.600 8.600 14.480 14.360 14.201 5.800 5.760 5.601
#R 4096 2049 2048 1 4 256 1 0 4096 513 2048 -3.29733 0.999517 8388652 2048.011 2043 2049 8387103 1549 0.0185 9.200 9.200 9.201 15.001 14.840 14.760 5.801 5.640 5.559
#R 4096 2049 2048 2 4 256 1 0 8192 257 1024 -3.29733 0.999517 8388652 2048.011 2043 2049 8374332 14320 0.1707 9.280 9.280 9.240 17.720 17.640 17.680 8.440 8.360 8.440
#R 4096 2050 2048 1 4 256 1 0 4096 513 2048 -3.09756 0.999025 8388609 2048.000 2043 2050 8386364 2245 0.0268 9.160 9.200 9.200 15.160 15.041 15.000 6.000 5.841 5.800
#R 4096 2050 2048 2 4 256 1 0 8192 257 1024 -3.09756 0.999025 8388609 2048.000 2043 2050 8376317 12292 0.1465 9.280 9.320 9.281 17.720 17.641 17.680 8.440 8.321 8.399
#R 4096 4096 2048 1 4 256 0 1 4096 1024 2048 -1.39146e-16 0.499834 8385823 2047.320 1946 2153 8334532 51291 0.6116 13.000 13.000 13.000 20.680 20.640 20.560 7.680 7.640 7.560
#R 4096 4096 2048 2 4 256 0 0 8192 512 1024 -1.39146e-16 0.499834 8385823 2047.320 1946 2153 8312809 73014 0.8707 13.280 13.320 13.281 20.080 20.080 20.080 6.800 6.760 6.799
#R 4096 4097 2048 1 4 1024 1 0 4096 1025 2048 0.00030591 0.499719 8385947 2047.350 1943 2158 8334667 51280 0.6115 14.120 14.080 14.080 23.520 23.400 23.560 9.400 9.320 9.480
#R 4096 4097 2048 2 4 1024 1 0 8192 513 1024 0.00030591 0.499719 8385947 2047.350 1943 2158 8312262 73685 0.8787 16.520 16.360 16.440 34.400 33.680 33.881 17.880 17.320 17.441
#R 4096 4098 2048 1 4 1024 1 0 4096 1025 2048 0.000611671 0.499596 8385924 2047.345 1942 2157 8334631 51293 0.6117 14.080 14.040 14.040 23.840 23.760 23.760 9.760 9.720 9.720
#R 4096 4098 2048 2 4 1024 1 0 8192 513 1024 0.000611671 0.499596 8385924 2047.345 1942 2157 8312283 73641 0.8782 16.440 16.440 16.440 34.080 34.120 33.800 17.640 17.680 17.360
#R 4096 8192 2048 1 4 1024 0 0 4096 2048 2048 0.67449 0.249793 8381663 2046.304 1921 2179 8322789 58874 0.7024 22.640 22.800 22.800 33.400 33.400 33.440 10.760 10.600 10.640
#R 4096 8192 2048 2 4 1024 0 0 8192 1024 1024 0.67449 0.249793 8381663 2046.304 1921 2179 8295379 86284 1.0294 22.240 22.120 22.120 37.880 37.720 37.720 15.640 15.600 15.600
#R 4096 8193 2048 1 4 1024 1 0 4096 2049 2048 0.674586 0.249763 8381674 2046.307 1890 2190 8321994 59680 0.7120 23.000 22.960 22.960 34.200 34.160 34.160 11.200 11.200 11.200
#R 4096 8193 2048 2 4 1024 1 0 8192 1025 1024 0.674586 0.249763 8381674 2046.307 1890 2190 8294352 87322 1.0418 23.680 23.640 23.680 41.720 41.600 41.600 18.040 17.960 17.920
#R 4096 8194 2048 1 4 1024 1 0 4096 2049 2048 0.674682 0.249733 8381700 2046.313 1890 2191 8322042 59658 0.7118 22.920 22.921 22.960 34.200 34.200 34.120 11.280 11.279 11.160
#R 4096 8194 2048 2 4 1024 1 0 8192 1025 1024 0.674682 0.249733 8381700 2046.313 1890 2191 8294399 87301 1.0416 23.640 23.640 23.641 41.720 41.840 41.800 18.080 18.200 18.159
#R 4096 16384 2048 1 4 1024 0 1 4096 4096 2048 1.15035 0.124935 8384255 2046.937 1905 2188 8317369 66886 0.7978 45.360 45.681 45.240 56.240 56.040 56.080 10.880 10.359 10.840
#R 4096 16384 2048 2 4 1024 0 0 8192 2048 1024 1.15035 0.124935 8384255 2046.937 1905 2188 8288432 95823 1.1429 40.961 41.040 41.360 60.521 60.440 60.681 19.560 19.400 19.321
#R 4096 16385 2048 1 4 1024 1 0 4096 4097 2048 1.15039 0.124927 8384244 2046.935 1892 2231 8315935 68309 0.8147 44.560 44.400 44.600 59.280 59.400 59.400 14.720 15.000 14.800
#R 4096 16385 2048 2 4 1024 1 0 8192 2049 1024 1.15039 0.124927 8384244 2046.935 1892 2231 8287162 97082 1.1579 41.041 41.161 40.960 61.321 61.160 62.000 20.280 19.999 21.040
#R 4096 16386 2048 1 4 1024 1 0 4096 4097 2048 1.15042 0.124920 8384264 2046.939 1892 2231 8315944 68320 0.8149 44.520 44.320 44.200 59.041 59.281 59.280 14.521 14.961 15.080
#R 4096 16386 2048 2 4 1024 1 0 8192 2049 1024 1.15042 0.124920 8384264 2046.939 1892 2231 8287185 97079 1.1579 41.201 40.960 40.881 62.761 62.720 61.201 21.560 21.760 20.320
#R 4096 32768 2048 1 4 1024 0 1 4096 8192 2048 1.53412 0.062486 8386672 2047.527 1886 2202 8314329 72343 0.8626 80.721 80.960 81.200 98.441 98.321 98.440 17.720 17.361 17.240
#R 4096 32768 2048 2 4 1024 0 1 8192 4096 1024 1.53412 0.062486 8386672 2047.527 1886 2202 8285284 101388 1.2089 86.360 86.200 86.400 100.800 101.360 101.161 14.440 15.160 14.761
#R 4096 32769 2048 1 4 1024 1 0 4096 8193 2048 1.53414 0.062483 8386607 2047.511 1877 2201 8314557 72050 0.8591 82.121 82.120 82.360 104.001 103.761 104.040 21.880 21.641 21.680
#R 4096 32769 2048 2 4 1024 1 0 8192 4097 1024 1.53414 0.062483 8386607 2047.511 1877 2201 8284289 102318 1.2200 82.600 82.361 83.040 107.800 108.001 107.961 25.200 25.640 24.921
#R 4096 32770 2048 1 4 1024 1 0 4096 8193 2048 1.53415 0.062481 8386608 2047.512 1877 2202 8314565 72043 0.8590 82.320 82.161 82.001 103.761 103.881 103.801 21.441 21.720 21.800
#R 4096 32770 2048 2 4 1024 1 0 8192 4097 1024 1.53415 0.062481 8386608 2047.512 1877 2202 8284277 102331 1.2202 83.160 82.721 82.000 107.840 107.800 107.921 24.680 25.079 25.921
#R 4096 65536 2048 1 4 1024 0 1 4096 16384 2048 1.86273 0.031241 8386110 2047.390 1896 2222 8312877 73233 0.8733 161.201 160.361 160.121 172.601 172.601 172.641 11.400 12.240 12.520
#R 4096 65536 2048 2 4 1024 0 1 8192 8192 1024 1.86273 0.031241 8386110 2047.390 1896 2222 8283431 102679 1.2244 157.401 157.121 157.161 177.841 178.401 177.881 20.440 21.280 20.720
#R 4096 65537 2048 1 4 1024 1 0 4096 16385 2048 1.86274 0.031240 8386109 2047.390 1900 2215 8312172 73937 0.8817 164.761 164.601 164.121 184.401 184.521 184.841 19.640 19.920 20.720
#R 4096 65537 2048 2 4 1024 1 0 8192 8193 1024 1.86274 0.031240 8386109 2047.390 1900 2215 8283392 102717 1.2248 159.000 159.001 159.040 190.601 190.441 190.521 31.601 31.440 31.481
#R 4096 65538 2048 1 4 1024 1 0 4096 16385 2048 1.86275 0.031240 8386129 2047.395 1900 2215 8312183 73946 0.8818 164.201 163.641 164.040 185.521 184.561 184.681 21.320 20.920 20.641
#R 4096 65538 2048 2 4 1024 1 0 8192 8193 1024 1.86275 0.031240 8386129 2047.395 1900 2215 8283403 102726 1.2250 158.521 159.281 159.521 192.121 189.961 190.801 33.600 30.680 31.280
#R 4096 131072 2048 1 4 1024 0 1 4096 32768 2048 2.15387 0.015628 8390268 2048.405 1889 2194 8315885 74383 0.8865 334.362 335.721 335.042 325.042 325.001 325.122 -9.320 -10.720 -9.920
#R 4096 131072 2048 2 4 1024 0 1 8192 16384 1024 2.15387 0.015628 8390268 2048.405 1889 2194 8283881 106387 1.2680 315.561 315.762 314.481 321.282 321.562 320.162 5.721 5.800 5.681
#R 4096 131073 2048 1 4 1024 1 0 4096 32769 2048 2.15388 0.015628 8390258 2048.403 1889 2190 8315925 74333 0.8859 348.682 348.322 347.922 348.281 348.402 348.321 -0.401 0.080 0.399
#R 4096 131073 2048 2 4 1024 1 0 8192 16385 1024 2.15388 0.015628 8390258 2048.403 1889 2190 8283836 106422 1.2684 324.162 325.682 325.122 343.402 343.802 345.801 19.240 18.120 20.679
#R 4096 131074 2048 1 4 1024 1 0 4096 32769 2048 2.15388 0.015628 8390263 2048.404 1889 2190 8315924 74339 0.8860 347.762 346.281 348.322 348.722 349.562 348.602 0.960 3.281 0.280
#R 4096 131074 2048 2 4 1024 1 0 8192 16385 1024 2.15388 0.015628 8390263 2048.404 1889 2190 8283838 106425 1.2684 324.761 323.161 323.722 343.482 343.962 344.602 18.721 20.801 20.880
#R 4096 262144 2048 1 4 1024 0 1 4096 65536 2048 2.41756 0.007812 8387704 2047.779 1852 2206 8315332 72372 0.8628 656.643 644.323 641.443 635.443 636.003 635.523 -21.200 -8.320 -5.920
#R 4096 262144 2048 2 4 1024 0 1 8192 32768 1024 2.41756 0.007812 8387704 2047.779 1852 2206 8284019 103685 1.2362 669.043 665.443 667.284 628.443 632.763 631.683 -40.600 -32.680 -35.601
#R 4096 262145 2048 1 4 1024 1 0 4096 65537 2048 2.41756 0.007812 8387725 2047.784 1875 2209 8315453 72272 0.8616 701.883 707.724 707.163 684.684 686.004 683.403 -17.199 -21.720 -23.760
#R 4096 262145 2048 2 4 1024 1 0 8192 32769 1024 2.41756 0.007812 8387725 2047.784 1875 2209 8284678 103047 1.2285 664.524 667.924 671.403 668.123 669.443 669.324 3.599 1.519 -2.079
#R 4096 262146 2048 1 4 1024 1 0 4096 65537 2048 2.41756 0.007812 8387721 2047.783 1875 2209 8315456 72265 0.8616 699.443 702.843 701.483 686.403 687.123 685.124 -13.040 -15.720 -16.359
#R 4096 262146 2048 2 4 1024 1 0 8192 32769 1024 2.41756 0.007812 8387721 2047.783 1875 2209 8284672 103049 1.2286 664.723 666.364 664.523 669.683 668.204 669.243 4.960 1.840 4.720
#R 4096 524288 2048 1 4 1024 0 1 4096 131072 2048 2.66007 0.003907 8390181 2048.384 1872 2216 8315292 74889 0.8926 1221.326 1218.206 1218.446 1272.086 1269.806 1269.606 50.760 51.600 51.160
#R 4096 524288 2048 2 4 1024 0 1 8192 65536 1024 2.66007 0.003907 8390181 2048.384 1872 2216 8285446 104735 1.2483 1306.886 1319.527 1309.687 1254.687 1256.686 1256.206 -52.199 -62.841 -53.481
#R 4096 524289 2048 1 4 1024 1 0 4096 131073 2048 2.66007 0.003907 8390167 2048.381 1861 2198 8315412 74755 0.8910 1377.007 1375.327 1377.847 1406.207 1406.847 1405.007 29.200 31.520 27.160
#R 4096 524289 2048 2 4 1024 1 0 8192 65537 1024 2.66007 0.003907 8390167 2048.381 1861 2198 8285548 104619 1.2469 1336.487 1338.447 1343.567 1355.687 1356.047 1358.007 19.200 17.600 14.440
#R 4096 524290 2048 1 4 1024 1 0 4096 131073 2048 2.66007 0.003907 8390174 2048.382 1861 2198 8315415 74759 0.8910 1381.127 1383.567 1382.167 1401.847 1407.607 1404.327 20.720 24.040 22.160
#R 4096 524290 2048 2 4 1024 1 0 8192 65537 1024 2.66007 0.003907 8390174 2048.382 1861 2198 8285556 104618 1.2469 1329.366 1332.246 1327.486 1358.566 1355.167 1355.046 29.200 22.921 27.560
#R 4096 1048576 2048 1 4 1024 0 1 4096 262144 2048 2.88563 0.001953 8387711 2047.781 1900 2224 8314782 72929 0.8695 2470.652 2474.492 2477.892 2532.973 2533.173 2534.453 62.321 58.681 56.561
#R 4096 1048576 2048 2 4 1024 0 1 8192 131072 1024 2.88563 0.001953 8387711 2047.781 1900 2224 8283579 104132 1.2415 2435.613 2435.332 2437.372 2524.612 2528.853 2517.973 88.999 93.521 80.601
#R 4096 1048577 2048 1 4 1024 1 0 4096 262145 2048 2.88564 0.001953 8387713 2047.781 1898 2218 8315019 72694 0.8667 2726.494 2728.613 2731.654 2827.015 2827.774 2831.855 100.521 99.161 100.201
#R 4096 1048577 2048 2 4 1024 1 0 8192 131073 1024 2.88564 0.001953 8387713 2047.781 1898 2218 8283770 103943 1.2392 2650.413 2654.253 2654.133 2761.454 2752.214 2758.413 111.041 97.961 104.280
#R 4096 1048578 2048 1 4 1024 1 0 4096 262145 2048 2.88564 0.001953 8387704 2047.779 1898 2218 8315012 72692 0.8666 2738.213 2729.854 2726.653 2830.175 2827.614 2827.134 91.962 97.760 100.481
#R 4096 1048578 2048 2 4 1024 1 0 8192 131073 1024 2.88564 0.001953 8387704 2047.779 1898 2218 8283764 103940 1.2392 2657.854 2654.973 2652.653 2760.334 2755.293 2760.214 102.480 100.320 107.561
